ISO-10303-21;
HEADER;
FILE_DESCRIPTION (( 'STEP AP214' ),
    '1' );
FILE_NAME ('Shell Right.STEP',
    '2025-11-09T17:51:40',
    ( '' ),
    ( '' ),
    'SwSTEP 2.0',
    'SolidWorks 2024',
    '' );
FILE_SCHEMA (( 'AUTOMOTIVE_DESIGN' ));
ENDSEC;

DATA;
#1 = EDGE_CURVE ( 'NONE', #1875, #627, #1375, .T. ) ;
#2 = CARTESIAN_POINT ( 'NONE',  ( 4.644140624999998579, 16.27463715492169527, -11.49000000000000021 ) ) ;
#3 = CARTESIAN_POINT ( 'NONE',  ( 11.35429687500000639, 17.92463715492169385, -11.50000000000000000 ) ) ;
#4 = CARTESIAN_POINT ( 'NONE',  ( 10.90889070362521274, 18.20581757880656681, -11.50000000000000355 ) ) ;
#5 = EDGE_LOOP ( 'NONE', ( #2308, #6086, #2177, #3184 ) ) ;
#6 = ORIENTED_EDGE ( 'NONE', *, *, #515, .F. ) ;
#7 = CARTESIAN_POINT ( 'NONE',  ( -3.402861480413754691, 18.61073442318547677, -11.50000000000000000 ) ) ;
#8 = VERTEX_POINT ( 'NONE', #2385 ) ;
#9 = CARTESIAN_POINT ( 'NONE',  ( 16.62070312500000924, 17.92463715492169740, -11.49000000000000199 ) ) ;
#10 = CARTESIAN_POINT ( 'NONE',  ( 12.66644559148198468, 22.27401850782007386, -11.48999999999999844 ) ) ;
#11 = CARTESIAN_POINT ( 'NONE',  ( 16.38026925728906491, 17.97069641648073102, -11.49000000000000021 ) ) ;
#12 = VERTEX_POINT ( 'NONE', #1310 ) ;
#13 = CARTESIAN_POINT ( 'NONE',  ( -6.526171875000003730, 19.24182465492170024, -11.50000000000000178 ) ) ;
#14 = B_SPLINE_CURVE_WITH_KNOTS ( 'NONE', 3,
 ( #4073, #6082, #5595, #1089, #3085, #2591, #4590, #4105, #1610, #3619, #5628, #3119, #5779, #289, #1701 ),
 .UNSPECIFIED., .F., .F.,
 ( 4, 1, 1, 1, 1, 1, 1, 1, 1, 1, 1, 1, 4 ),
 ( 0.000000000000000000, 0.1053170067694430417, 0.2028952206295982497, 0.2956484031323112771, 0.3833243530292900769, 0.4667276985721513505, 0.5460500017882785606, 0.6223769304329064278, 0.6974086367486476146, 0.7719080132070598177, 0.8467697858114046072, 0.9222969557096715176, 1.000000000000000000 ),
 .UNSPECIFIED. ) ;
#15 = CARTESIAN_POINT ( 'NONE',  ( -2.758924034649033796, 19.44092828958730124, -11.49999999999999289 ) ) ;
#16 = CARTESIAN_POINT ( 'NONE',  ( 6.155536353556755103, 20.33234832607919884, -11.50000000000000000 ) ) ;
#17 = ORIENTED_EDGE ( 'NONE', *, *, #73, .T. ) ;
#18 = DIRECTION ( 'NONE',  ( 1.000000000000000000, 0.000000000000000000, -0.000000000000000000 ) ) ;
#19 = CARTESIAN_POINT ( 'NONE',  ( -17.16747954130760334, 16.62483156619427049, -11.48999999999999666 ) ) ;
#20 = EDGE_CURVE ( 'NONE', #3636, #2830, #3695, .T. ) ;
#21 = CARTESIAN_POINT ( 'NONE',  ( -6.209765625000002842, 20.39963715492169882, -11.49999999999999645 ) ) ;
#22 = CARTESIAN_POINT ( 'NONE',  ( -9.679697314631923177, 21.44420630292694341, -11.49000000000000199 ) ) ;
#23 = CARTESIAN_POINT ( 'NONE',  ( -2.861935988226919303, 16.59979568541641370, -11.48999999999999488 ) ) ;
#24 = CARTESIAN_POINT ( 'NONE',  ( -8.700000000000001066, 18.59846527992169740, -11.50000000000000000 ) ) ;
#25 = B_SPLINE_CURVE_WITH_KNOTS ( 'NONE', 3,
 ( #3040, #544, #1107, #639, #5082, #116, #4539, #2541, #3539, #5581, #1140 ),
 .UNSPECIFIED., .F., .F.,
 ( 4, 1, 1, 1, 1, 1, 1, 1, 4 ),
 ( 0.000000000000000000, 0.1171078803654466843, 0.2270909441298507858, 0.3351846907160036526, 0.4468905851520978967, 0.5652262138635687494, 0.6924415323250240339, 0.8373408960808086388, 1.000000000000000000 ),
 .UNSPECIFIED. ) ;
#26 = CARTESIAN_POINT ( 'NONE',  ( 3.680325436161244745, 21.63138358260884075, -11.49000000000000199 ) ) ;
#27 = B_SPLINE_CURVE_WITH_KNOTS ( 'NONE', 3,
 ( #4493, #104, #4077, #4, #530, #3025, #2111, #5106, #1584, #5631, #4561 ),
 .UNSPECIFIED., .F., .F.,
 ( 4, 1, 1, 1, 1, 1, 1, 1, 4 ),
 ( 0.000000000000000000, 0.1169864028617005614, 0.2315443832155505699, 0.3524986661098159502, 0.4808995821846775431, 0.6107285130799822159, 0.7373449993414444847, 0.8652970311322093488, 1.000000000000000000 ),
 .UNSPECIFIED. ) ;
#28 = CARTESIAN_POINT ( 'NONE',  ( 4.126055585149694060, 16.89439317547897801, -11.50000000000000178 ) ) ;
#29 = CARTESIAN_POINT ( 'NONE',  ( -3.353906250000002753, 17.32463715492169598, -11.49000000000000021 ) ) ;
#30 = B_SPLINE_CURVE_WITH_KNOTS ( 'NONE', 3,
 ( #2401, #6415, #1430, #3426, #571, #3035, #1989, #2090, #3986, #5468, #1958, #82, #5961, #5990, #1491 ),
 .UNSPECIFIED., .F., .F.,
 ( 4, 1, 1, 1, 1, 1, 1, 1, 1, 1, 1, 1, 4 ),
 ( 0.000000000000000000, 0.1684673813659651742, 0.3179729882275093011, 0.4479107242068904315, 0.5596359639632410010, 0.6108618038833495412, 0.6608470842886752239, 0.7106042552350877450, 0.7627674048676978957, 0.8159543999416577487, 0.8736188725451894399, 0.9347657801476173534, 1.000000000000000000 ),
 .UNSPECIFIED. ) ;
#31 = CARTESIAN_POINT ( 'NONE',  ( -5.455078125000002665, 16.42463715492170095, -11.49000000000000021 ) ) ;
#32 = DIRECTION ( 'NONE',  ( 1.000000000000000000, 0.000000000000000000, -1.224646799147353454E-16 ) ) ;
#33 = CARTESIAN_POINT ( 'NONE',  ( -12.60297925935347862, 17.32961663131738916, -11.49999999999999467 ) ) ;
#34 = CARTESIAN_POINT ( 'NONE',  ( -3.594980525543811201, 21.99609389714080265, -11.48999999999999666 ) ) ;
#35 = EDGE_CURVE ( 'NONE', #1888, #4965, #3899, .T. ) ;
#36 = ORIENTED_EDGE ( 'NONE', *, *, #383, .T. ) ;
#37 = CARTESIAN_POINT ( 'NONE',  ( -10.87377215218690196, 20.17474544740123932, -11.50000000000000355 ) ) ;
#38 = CARTESIAN_POINT ( 'NONE',  ( 13.45075588696130886, 18.21918040411877726, -11.49000000000000732 ) ) ;
#39 = CARTESIAN_POINT ( 'NONE',  ( 8.227964143621068871, 21.44767328375080595, -11.50000000000000178 ) ) ;
#40 = CARTESIAN_POINT ( 'NONE',  ( -4.792904287981903266, 18.34292643881025953, -11.49999999999999645 ) ) ;
#41 = CARTESIAN_POINT ( 'NONE',  ( 14.62076624419650628, 18.48737583305426568, -11.48999999999999311 ) ) ;
#42 = ORIENTED_EDGE ( 'NONE', *, *, #6240, .F. ) ;
#43 = ORIENTED_EDGE ( 'NONE', *, *, #5136, .T. ) ;
#44 = CARTESIAN_POINT ( 'NONE',  ( -8.914543514105981004, 21.78100815989244055, -11.48999999999999311 ) ) ;
#45 = VERTEX_POINT ( 'NONE', #5844 ) ;
#46 = B_SPLINE_CURVE_WITH_KNOTS ( 'NONE', 3,
 ( #176, #635, #4630, #240, #2207, #3728, #5733, #3664, #1260, #4243, #2179 ),
 .UNSPECIFIED., .F., .F.,
 ( 4, 1, 1, 1, 1, 1, 1, 1, 4 ),
 ( 0.000000000000000000, 0.1115212677575326550, 0.2242751388792771639, 0.3442437123851348479, 0.4753168251380393006, 0.6070653201448058534, 0.7346509229510326255, 0.8647099798115309710, 1.000000000000000000 ),
 .UNSPECIFIED. ) ;
#47 = CARTESIAN_POINT ( 'NONE',  ( 16.18030937158670923, 18.20056477732554256, -11.50000000000000355 ) ) ;
#48 = CARTESIAN_POINT ( 'NONE',  ( 6.475916560188448301, 21.35152559102378689, -11.50000000000000711 ) ) ;
#49 = CARTESIAN_POINT ( 'NONE',  ( -10.87377215218690196, 20.17474544740123932, -11.49000000000000377 ) ) ;
#50 = CARTESIAN_POINT ( 'NONE',  ( 6.151869573595559082, 20.17822148963345086, -11.49000000000000377 ) ) ;
#51 = VECTOR ( 'NONE', #3765, 1000.000000000000000 ) ;
#52 = LINE ( 'NONE', #2120, #2662 ) ;
#53 = CARTESIAN_POINT ( 'NONE',  ( -5.507972974186617243, 16.42612388077197494, -11.48999999999999844 ) ) ;
#54 = ORIENTED_EDGE ( 'NONE', *, *, #2716, .T. ) ;
#55 = CARTESIAN_POINT ( 'NONE',  ( -14.48606917854440468, 22.17920082762401535, -11.49999999999999822 ) ) ;
#56 = VECTOR ( 'NONE', #3415, 1000.000000000000227 ) ;
#57 = CARTESIAN_POINT ( 'NONE',  ( 0.000000000000000000, 1.500000000000000000, -9.500000000000000000 ) ) ;
#58 = CARTESIAN_POINT ( 'NONE',  ( 9.374126544053826393, 20.15318149133715053, -11.49999999999999467 ) ) ;
#59 = CARTESIAN_POINT ( 'NONE',  ( 14.70703125000000711, 18.76487152992169527, -11.49000000000000021 ) ) ;
#60 = CARTESIAN_POINT ( 'NONE',  ( -10.48832562776877175, 19.00424143510464958, -11.49000000000000377 ) ) ;
#61 = CARTESIAN_POINT ( 'NONE',  ( 5.174999999999998934, 16.94729340492169456, -11.49000000000000021 ) ) ;
#62 = PLANE ( 'NONE',  #4652 ) ;
#63 = CARTESIAN_POINT ( 'NONE',  ( -12.96914062500000320, 17.39963715492170238, -11.49000000000000021 ) ) ;
#64 = VECTOR ( 'NONE', #1896, 1000.000000000000000 ) ;
#65 = CARTESIAN_POINT ( 'NONE',  ( -5.419131372244820888, 21.22450872302250602, -11.49999999999999645 ) ) ;
#66 = CARTESIAN_POINT ( 'NONE',  ( 7.201507520407191443, 20.03511115417818544, -11.49000000000000199 ) ) ;
#67 = CARTESIAN_POINT ( 'NONE',  ( -12.96914062500000320, 17.39963715492170238, -11.49000000000000021 ) ) ;
#68 = CARTESIAN_POINT ( 'NONE',  ( 8.281640625000004974, 22.27463715492169172, -11.49000000000000021 ) ) ;
#69 = ORIENTED_EDGE ( 'NONE', *, *, #5540, .F. ) ;
#70 = CARTESIAN_POINT ( 'NONE',  ( 7.609176704832911753, 18.00736422230127332, -11.48999999999999844 ) ) ;
#71 = CARTESIAN_POINT ( 'NONE',  ( 13.94399507001851468, 17.92569075306036197, -11.49000000000000021 ) ) ;
#72 = CARTESIAN_POINT ( 'NONE',  ( -16.50000000000000000, 1.500000000000000000, -6.499999999999997335 ) ) ;
#73 = EDGE_CURVE ( 'NONE', #2943, #2321, #854, .T. ) ;
#74 = CARTESIAN_POINT ( 'NONE',  ( -8.695600969184141604, 21.79919949933740497, -11.50000000000000000 ) ) ;
#75 = CARTESIAN_POINT ( 'NONE',  ( -2.782031250000002398, 16.88049652992170024, -11.50000000000000000 ) ) ;
#76 = ORIENTED_EDGE ( 'NONE', *, *, #4528, .T. ) ;
#77 = ORIENTED_EDGE ( 'NONE', *, *, #5047, .F. ) ;
#78 = CARTESIAN_POINT ( 'NONE',  ( -3.711868579981655980, 18.43935834200401302, -11.48999999999999666 ) ) ;
#79 = ORIENTED_EDGE ( 'NONE', *, *, #2061, .T. ) ;
#80 = CARTESIAN_POINT ( 'NONE',  ( 13.14212261506954071, 22.02920297055969456, -11.49999999999999822 ) ) ;
#81 = EDGE_LOOP ( 'NONE', ( #5676, #280, #5543, #3062, #5927, #4469, #5663, #6320, #5860, #2501 ) ) ;
#82 = CARTESIAN_POINT ( 'NONE',  ( 12.79796584546752491, 22.26200302222999383, -11.49000000000000199 ) ) ;
#83 = EDGE_CURVE ( 'NONE', #4402, #4115, #5945, .T. ) ;
#84 = CARTESIAN_POINT ( 'NONE',  ( -3.377343750000002309, 16.42463715492170095, -11.49000000000000021 ) ) ;
#85 = CARTESIAN_POINT ( 'NONE',  ( -6.141059994618748519, 17.00129816493694790, -11.48999999999999844 ) ) ;
#86 = ORIENTED_EDGE ( 'NONE', *, *, #233, .F. ) ;
#87 = CARTESIAN_POINT ( 'NONE',  ( 15.77974138275272864, 22.10417859730510060, -11.49999999999999822 ) ) ;
#88 = CARTESIAN_POINT ( 'NONE',  ( 9.304408789372740074, 20.66416713190449173, -11.49000000000000021 ) ) ;
#89 = DIRECTION ( 'NONE',  ( -0.2757195846978381382, -0.9612381133798491017, 0.000000000000000000 ) ) ;
#90 = CARTESIAN_POINT ( 'NONE',  ( -4.821622146406688181, 19.12590786895257366, -11.50000000000000178 ) ) ;
#91 = EDGE_LOOP ( 'NONE', ( #1786, #4369, #4126, #4089 ) ) ;
#92 = CARTESIAN_POINT ( 'NONE',  ( -9.415999122075438876, 18.83732890146366401, -11.49999999999999822 ) ) ;
#93 = CARTESIAN_POINT ( 'NONE',  ( -10.67453419621035060, 19.24405870663341744, -11.48999999999999844 ) ) ;
#94 = CARTESIAN_POINT ( 'NONE',  ( 5.174999999999998934, 21.51057465492169385, -11.50000000000000000 ) ) ;
#95 = CARTESIAN_POINT ( 'NONE',  ( -6.482812500000002309, 18.96994965492169527, -11.49000000000000021 ) ) ;
#96 = CARTESIAN_POINT ( 'NONE',  ( -3.877378409351003974, 19.53275925554877190, -11.48999999999999844 ) ) ;
#97 = EDGE_CURVE ( 'NONE', #1072, #4834, #5024, .T. ) ;
#98 = CARTESIAN_POINT ( 'NONE',  ( -3.177157780505493800, 21.66765410768149636, -11.48999999999999666 ) ) ;
#99 = ORIENTED_EDGE ( 'NONE', *, *, #1877, .T. ) ;
#100 = CARTESIAN_POINT ( 'NONE',  ( 7.824412709671287658, 17.95975474206379729, -11.49000000000000199 ) ) ;
#101 = CARTESIAN_POINT ( 'NONE',  ( 1.283178581092863313, 22.10565127842870936, -11.48999999999999666 ) ) ;
#102 = CARTESIAN_POINT ( 'NONE',  ( -21.50000000000000000, 29.50000000000000355, -11.50000000000000000 ) ) ;
#103 = CARTESIAN_POINT ( 'NONE',  ( -5.185460651216746264, 18.47872507116456475, -11.50000000000000000 ) ) ;
#104 = CARTESIAN_POINT ( 'NONE',  ( 10.87626321256946227, 18.34272488066211437, -11.49999999999999822 ) ) ;
#105 = EDGE_LOOP ( 'NONE', ( #4761, #3954, #993, #5140 ) ) ;
#106 = VERTEX_POINT ( 'NONE', #947 ) ;
#107 = CARTESIAN_POINT ( 'NONE',  ( -2.655790273178302296, 19.80142899742116214, -11.50000000000000000 ) ) ;
#108 = CARTESIAN_POINT ( 'NONE',  ( 16.12405985692646837, 18.37668594314236259, -11.48999999999999844 ) ) ;
#109 = LINE ( 'NONE', #3752, #876 ) ;
#110 = CARTESIAN_POINT ( 'NONE',  ( -16.79210983933947787, 17.39571808965235533, -11.49999999999999822 ) ) ;
#111 = ORIENTED_EDGE ( 'NONE', *, *, #2929, .F. ) ;
#112 = CARTESIAN_POINT ( 'NONE',  ( 1.009641339390540571, 16.27594505135929381, -11.50000000000000000 ) ) ;
#113 = LINE ( 'NONE', #2605, #577 ) ;
#114 = VERTEX_POINT ( 'NONE', #3016 ) ;
#115 = CARTESIAN_POINT ( 'NONE',  ( -14.40103395355532534, 22.10121500380884996, -11.49999999999999822 ) ) ;
#116 = CARTESIAN_POINT ( 'NONE',  ( -15.22156349264506048, 22.10002253582336706, -11.49000000000000021 ) ) ;
#117 = CARTESIAN_POINT ( 'NONE',  ( 9.260563115154543112, 20.78339848601834561, -11.49999999999999645 ) ) ;
#118 = FACE_OUTER_BOUND ( 'NONE', #6133, .T. ) ;
#119 = LINE ( 'NONE', #3542, #5510 ) ;
#120 = VERTEX_POINT ( 'NONE', #552 ) ;
#121 = ORIENTED_EDGE ( 'NONE', *, *, #2337, .T. ) ;
#122 = CARTESIAN_POINT ( 'NONE',  ( -8.761530310604369376, 20.03743105459493989, -11.49000000000000021 ) ) ;
#123 = CARTESIAN_POINT ( 'NONE',  ( 2.549591630525155963E-31, 0.000000000000000000, -2.081899558550499885E-15 ) ) ;
#124 = DIRECTION ( 'NONE',  ( -1.224646799147352714E-16, 0.000000000000000000, -1.000000000000000000 ) ) ;
#125 = CARTESIAN_POINT ( 'NONE',  ( 1.424999999999998490, 21.60549652992169456, -11.50000000000000000 ) ) ;
#126 = CARTESIAN_POINT ( 'NONE',  ( -4.406919823344578546, 19.15430414204464071, -11.48999999999999844 ) ) ;
#127 = CARTESIAN_POINT ( 'NONE',  ( 6.182310319998257420, 20.55848398189078807, -11.48999999999999844 ) ) ;
#128 = ADVANCED_FACE ( 'NONE', ( #487 ), #3896, .T. ) ;
#129 = DIRECTION ( 'NONE',  ( -0.000000000000000000, -0.000000000000000000, 1.000000000000000000 ) ) ;
#130 = CARTESIAN_POINT ( 'NONE',  ( 0.9369617017400514447, 22.27275749764154256, -11.49000000000000021 ) ) ;
#131 = B_SPLINE_SURFACE_WITH_KNOTS ( 'NONE', 3, 1, ( 
 ( #1886, #6315 ),
 ( #1821, #3821 ),
 ( #831, #4836 ),
 ( #334, #4403 ),
 ( #2332, #4338 ),
 ( #1358, #1854 ),
 ( #3883, #3853 ),
 ( #405, #4868 ),
 ( #5891, #5858 ),
 ( #3351, #1394 ),
 ( #899, #2893 ) ),
 .UNSPECIFIED., .F., .F., .F.,
 ( 4, 1, 1, 1, 1, 1, 1, 1, 4 ),
 ( 2, 2 ),
 ( 0.000000000000000000, 0.1271052120871691837, 0.2393331978188892872, 0.3445037136012251699, 0.4497356368522706371, 0.5646559603716174713, 0.6990609695258557243, 0.8462335713485241717, 1.000000000000000000 ),
 ( 0.000000000000000000, 1.000000000000000000 ),
 .UNSPECIFIED. ) ;
#132 = CARTESIAN_POINT ( 'NONE',  ( 3.928406928215279592, 21.98000699469809049, -11.49999999999999822 ) ) ;
#133 = CARTESIAN_POINT ( 'NONE',  ( 13.35509179096004040, 18.47828959862163600, -11.48999999999999666 ) ) ;
#134 = CARTESIAN_POINT ( 'NONE',  ( 21.49999999999999645, 0.000000000000000000, 6.486357344956759020E-15 ) ) ;
#135 = ORIENTED_EDGE ( 'NONE', *, *, #5168, .T. ) ;
#136 = CARTESIAN_POINT ( 'NONE',  ( -4.360447696482702362, 18.30147803142319418, -11.50000000000000178 ) ) ;
#137 = VECTOR ( 'NONE', #1641, 1000.000000000000000 ) ;
#138 = CARTESIAN_POINT ( 'NONE',  ( -8.138068385043759179, 22.27304800026706033, -11.49000000000000199 ) ) ;
#139 = DIRECTION ( 'NONE',  ( 0.000000000000000000, -1.000000000000000000, 0.000000000000000000 ) ) ;
#140 = EDGE_CURVE ( 'NONE', #5347, #5110, #1719, .T. ) ;
#141 = ORIENTED_EDGE ( 'NONE', *, *, #1367, .F. ) ;
#142 = CARTESIAN_POINT ( 'NONE',  ( 16.06171875000000782, 18.59494965492169172, -11.49000000000000021 ) ) ;
#143 = CARTESIAN_POINT ( 'NONE',  ( -14.69261124398759755, 22.26964420624811325, -11.49000000000000021 ) ) ;
#144 = FACE_OUTER_BOUND ( 'NONE', #960, .T. ) ;
#145 = ORIENTED_EDGE ( 'NONE', *, *, #1154, .T. ) ;
#146 = CARTESIAN_POINT ( 'NONE',  ( -12.51433012773768993, 16.55508464639958532, -11.49999999999999645 ) ) ;
#147 = CARTESIAN_POINT ( 'NONE',  ( -4.548209807301872409, 22.27168417191423799, -11.49999999999999822 ) ) ;
#148 = CARTESIAN_POINT ( 'NONE',  ( 14.19512793096407144, 17.95036907361387790, -11.49999999999999822 ) ) ;
#149 = CARTESIAN_POINT ( 'NONE',  ( 8.402046405795490003, 21.44608958020053535, -11.49000000000000199 ) ) ;
#150 = VECTOR ( 'NONE', #5181, 1000.000000000000000 ) ;
#151 = CARTESIAN_POINT ( 'NONE',  ( 10.98656553307646710, 18.81386804161049398, -11.48999999999999844 ) ) ;
#152 = CARTESIAN_POINT ( 'NONE',  ( -17.25000000000000711, 16.91448090492170664, -11.49000000000000199 ) ) ;
#153 = EDGE_CURVE ( 'NONE', #3322, #1490, #2197, .T. ) ;
#154 = ORIENTED_EDGE ( 'NONE', *, *, #864, .T. ) ;
#155 = ORIENTED_EDGE ( 'NONE', *, *, #2993, .F. ) ;
#156 = CARTESIAN_POINT ( 'NONE',  ( -9.548370518782553162, 18.78595734989040267, -11.49999999999999645 ) ) ;
#157 = CARTESIAN_POINT ( 'NONE',  ( -9.868514474352137356, 21.44795493687634647, -11.49000000000000021 ) ) ;
#158 = CARTESIAN_POINT ( 'NONE',  ( 8.281640625000004974, 18.74963715492169314, -11.48999999999999844 ) ) ;
#159 = FACE_OUTER_BOUND ( 'NONE', #2693, .T. ) ;
#160 = AXIS2_PLACEMENT_3D ( 'NONE', #4892, #425, #6018 ) ;
#161 = LINE ( 'NONE', #95, #4129 ) ;
#162 = CARTESIAN_POINT ( 'NONE',  ( 16.99547017043334307, 18.81739572709903285, -11.49000000000000199 ) ) ;
#163 = CARTESIAN_POINT ( 'NONE',  ( 6.151869573595559082, 20.17822148963345086, -11.50000000000000355 ) ) ;
#164 = AXIS2_PLACEMENT_3D ( 'NONE', #4151, #2663, #4669 ) ;
#165 = CARTESIAN_POINT ( 'NONE',  ( 1.423265631407245602, 21.65717253268047671, -11.49000000000000021 ) ) ;
#166 = CARTESIAN_POINT ( 'NONE',  ( -8.700000000000001066, 18.59846527992169740, -11.50000000000000000 ) ) ;
#167 = EDGE_CURVE ( 'NONE', #4989, #4989, #246, .T. ) ;
#168 = VECTOR ( 'NONE', #1840, 1000.000000000000227 ) ;
#169 = FACE_BOUND ( 'NONE', #1429, .T. ) ;
#170 = CARTESIAN_POINT ( 'NONE',  ( -2.814964923802339758, 17.06162384645141472, -11.50000000000000000 ) ) ;
#171 = ORIENTED_EDGE ( 'NONE', *, *, #4512, .T. ) ;
#172 = CARTESIAN_POINT ( 'NONE',  ( -16.70402319970808946, 17.39827376699367889, -11.49999999999999645 ) ) ;
#173 = CARTESIAN_POINT ( 'NONE',  ( 5.174999999999998934, 16.94729340492169456, -11.50000000000000000 ) ) ;
#174 = ORIENTED_EDGE ( 'NONE', *, *, #2275, .F. ) ;
#175 = DIRECTION ( 'NONE',  ( 0.000000000000000000, 0.000000000000000000, 1.000000000000000000 ) ) ;
#176 = CARTESIAN_POINT ( 'NONE',  ( -6.660937500000002842, 20.82854340492169953, -11.49000000000000021 ) ) ;
#177 = CARTESIAN_POINT ( 'NONE',  ( 8.731509191739529996, 18.83678588243721563, -11.50000000000000355 ) ) ;
#178 = B_SPLINE_CURVE_WITH_KNOTS ( 'NONE', 3,
 ( #1301, #2707, #712, #1830, #6291, #4345, #3296, #6263, #772, #4710, #5772 ),
 .UNSPECIFIED., .F., .F.,
 ( 4, 1, 1, 1, 1, 1, 1, 1, 4 ),
 ( 0.000000000000000000, 0.1629640223582579650, 0.3060302079043858425, 0.4328252926454604355, 0.5497245847191163381, 0.6602507140783614448, 0.7694494457532936593, 0.8808330941005727555, 1.000000000000000000 ),
 .UNSPECIFIED. ) ;
#179 = CARTESIAN_POINT ( 'NONE',  ( -4.873297550146872048, 22.27345190035839551, -11.49999999999999645 ) ) ;
#180 = LINE ( 'NONE', #3667, #150 ) ;
#181 = CARTESIAN_POINT ( 'NONE',  ( 11.88164062500000639, 21.43205902992169243, -11.49000000000000021 ) ) ;
#182 = CARTESIAN_POINT ( 'NONE',  ( -2.833996959853145814, 19.27364433807817790, -11.49000000000000377 ) ) ;
#183 = CARTESIAN_POINT ( 'NONE',  ( -5.614519811566908380, 22.13071701641699818, -11.50000000000000000 ) ) ;
#184 = CARTESIAN_POINT ( 'NONE',  ( -2.787192358532365688, 16.97413742900285172, -11.50000000000000355 ) ) ;
#185 = EDGE_LOOP ( 'NONE', ( #4786, #1174, #5010, #3094 ) ) ;
#186 = EDGE_CURVE ( 'NONE', #4662, #3606, #161, .T. ) ;
#187 = CARTESIAN_POINT ( 'NONE',  ( -9.290032555609498033, 18.90767562850403749, -11.48999999999999844 ) ) ;
#188 = CARTESIAN_POINT ( 'NONE',  ( -9.879071186629873935, 18.75166455874640192, -11.48999999999999844 ) ) ;
#189 = EDGE_CURVE ( 'NONE', #861, #4662, #264, .T. ) ;
#190 = CARTESIAN_POINT ( 'NONE',  ( -5.578123772527476376, 19.49859874929644477, -11.49000000000000199 ) ) ;
#191 = CARTESIAN_POINT ( 'NONE',  ( -6.209765625000002842, 20.39963715492169882, -11.49999999999999822 ) ) ;
#192 = CARTESIAN_POINT ( 'NONE',  ( 11.90139990118476199, 21.49084592375556468, -11.50000000000000178 ) ) ;
#193 = CARTESIAN_POINT ( 'NONE',  ( 17.06933418779022560, 18.58653415671409448, -11.48999999999999666 ) ) ;
#194 = CARTESIAN_POINT ( 'NONE',  ( -21.50000000000000000, 1.500000000000000000, 0.000000000000000000 ) ) ;
#195 = CARTESIAN_POINT ( 'NONE',  ( 8.731509191739529996, 18.83678588243721563, -11.49999999999999289 ) ) ;
#196 = EDGE_CURVE ( 'NONE', #6319, #202, #1090, .T. ) ;
#197 = CARTESIAN_POINT ( 'NONE',  ( 16.62070312500000924, 17.92463715492169740, -11.50000000000000178 ) ) ;
#198 = CARTESIAN_POINT ( 'NONE',  ( 9.982302117551995480, 18.67851055476619138, -11.49000000000000377 ) ) ;
#199 = CARTESIAN_POINT ( 'NONE',  ( 1.424999999999998490, 18.22463715492169456, -11.49000000000000021 ) ) ;
#200 = CARTESIAN_POINT ( 'NONE',  ( -9.022054309678885886, 21.87574760990404954, -11.49999999999999822 ) ) ;
#201 = CARTESIAN_POINT ( 'NONE',  ( -11.80522867098453510, 19.16015149425048492, -11.49999999999999645 ) ) ;
#202 = VERTEX_POINT ( 'NONE', #4100 ) ;
#203 = DIRECTION ( 'NONE',  ( -1.000000000000000000, 0.000000000000000000, 0.000000000000000000 ) ) ;
#204 = CARTESIAN_POINT ( 'NONE',  ( 5.100789693158688465, 16.53849321032940978, -11.50000000000000000 ) ) ;
#205 = CARTESIAN_POINT ( 'NONE',  ( -9.821484375000004263, 21.44963715492169953, -11.49000000000000199 ) ) ;
#206 = B_SPLINE_CURVE_WITH_KNOTS ( 'NONE', 3,
 ( #1582, #3483, #4045, #4460, #5031, #3554, #955, #2987, #5535, #3054, #6475, #3588, #4074, #39, #4491 ),
 .UNSPECIFIED., .F., .F.,
 ( 4, 1, 1, 1, 1, 1, 1, 1, 1, 1, 1, 1, 4 ),
 ( 0.000000000000000000, 0.1017968855444627563, 0.1977226263417040941, 0.2886650576079810571, 0.3756647132275162670, 0.4585626201989979056, 0.5373544109252841317, 0.6135878343033421833, 0.6885950825949366250, 0.7637687432108938301, 0.8393532378666632709, 0.9173712392353267076, 0.9999999999999998890 ),
 .UNSPECIFIED. ) ;
#207 = ORIENTED_EDGE ( 'NONE', *, *, #3328, .T. ) ;
#208 = DIRECTION ( 'NONE',  ( 1.000000000000000000, 0.000000000000000000, 0.000000000000000000 ) ) ;
#209 = DIRECTION ( 'NONE',  ( -1.000000000000000000, 0.000000000000000000, 0.000000000000000000 ) ) ;
#210 = CARTESIAN_POINT ( 'NONE',  ( 8.281640625000004974, 22.27463715492169172, -11.49000000000000021 ) ) ;
#211 = CARTESIAN_POINT ( 'NONE',  ( -4.270947604230456385, 21.43915444373287471, -11.49000000000000021 ) ) ;
#212 = CARTESIAN_POINT ( 'NONE',  ( -16.90869067316672414, 16.45330422135798543, -11.50000000000000000 ) ) ;
#213 = CARTESIAN_POINT ( 'NONE',  ( 17.10000000000000853, 18.37112152992169456, -11.50000000000000000 ) ) ;
#214 = CARTESIAN_POINT ( 'NONE',  ( 9.357686510925269374, 18.16488688638719751, -11.48999999999999666 ) ) ;
#215 = CARTESIAN_POINT ( 'NONE',  ( -5.194860254647943876, 22.24032132766018321, -11.50000000000000355 ) ) ;
#216 = CARTESIAN_POINT ( 'NONE',  ( -4.821622146406688181, 19.12590786895257366, -11.49999999999999645 ) ) ;
#217 = ORIENTED_EDGE ( 'NONE', *, *, #4125, .F. ) ;
#218 = EDGE_CURVE ( 'NONE', #1147, #2203, #3078, .T. ) ;
#219 = CARTESIAN_POINT ( 'NONE',  ( -9.773700413751885918, 21.44780689184558753, -11.50000000000000178 ) ) ;
#220 = CARTESIAN_POINT ( 'NONE',  ( -3.330777363555645465, 16.42582240235132218, -11.50000000000000178 ) ) ;
#221 = CARTESIAN_POINT ( 'NONE',  ( 5.173552347271637153, 21.57047335887136086, -11.50000000000000000 ) ) ;
#222 = CARTESIAN_POINT ( 'NONE',  ( -5.805190189173284665, 20.61612007757050335, -11.49999999999999467 ) ) ;
#223 = CARTESIAN_POINT ( 'NONE',  ( -4.702734375000002132, 22.27463715492169527, -11.49000000000000021 ) ) ;
#224 = CARTESIAN_POINT ( 'NONE',  ( -5.737441911199053557, 22.07740806833936631, -11.48999999999999666 ) ) ;
#225 = CARTESIAN_POINT ( 'NONE',  ( -3.678686576999430802, 20.12602326098062733, -11.49000000000000021 ) ) ;
#226 = CARTESIAN_POINT ( 'NONE',  ( 6.876579746415940164, 21.80840284030967879, -11.48999999999999844 ) ) ;
#227 = ORIENTED_EDGE ( 'NONE', *, *, #2611, .T. ) ;
#228 = CARTESIAN_POINT ( 'NONE',  ( 9.374141560286401997, 20.04999761399213298, -11.49999999999998757 ) ) ;
#229 = CARTESIAN_POINT ( 'NONE',  ( 0.4359374999999983680, 16.67776215492169101, -11.49000000000000021 ) ) ;
#230 = CARTESIAN_POINT ( 'NONE',  ( 9.357686510925269374, 18.16488688638719751, -11.48999999999999666 ) ) ;
#231 = CARTESIAN_POINT ( 'NONE',  ( -10.11914062500000178, 17.92463715492169740, -11.49000000000000021 ) ) ;
#232 = FACE_BOUND ( 'NONE', #1101, .T. ) ;
#233 = EDGE_CURVE ( 'NONE', #1485, #1875, #5681, .T. ) ;
#234 = CARTESIAN_POINT ( 'NONE',  ( -12.36796875000000462, 16.91448090492170664, -11.50000000000000533 ) ) ;
#235 = CARTESIAN_POINT ( 'NONE',  ( 0.000000000000000000, 1.500000000000000000, -11.50000000000000000 ) ) ;
#236 = LINE ( 'NONE', #5727, #1406 ) ;
#237 = LINE ( 'NONE', #2237, #5708 ) ;
#238 = ORIENTED_EDGE ( 'NONE', *, *, #808, .T. ) ;
#239 = CARTESIAN_POINT ( 'NONE',  ( 15.03081405279796634, 22.20883355357514333, -11.49000000000000554 ) ) ;
#240 = CARTESIAN_POINT ( 'NONE',  ( -6.631368185321384168, 20.67568000638709336, -11.49000000000000021 ) ) ;
#241 = FACE_OUTER_BOUND ( 'NONE', #329, .T. ) ;
#242 = DIRECTION ( 'NONE',  ( 0.000000000000000000, -0.000000000000000000, -1.000000000000000000 ) ) ;
#243 = DIRECTION ( 'NONE',  ( 0.000000000000000000, 1.000000000000000000, 0.000000000000000000 ) ) ;
#244 = CARTESIAN_POINT ( 'NONE',  ( 18.49999999999999645, 32.50000000000000000, 0.000000000000000000 ) ) ;
#245 = DIRECTION ( 'NONE',  ( -0.000000000000000000, -0.000000000000000000, -1.000000000000000000 ) ) ;
#246 = CIRCLE ( 'NONE', #3908, 1.250000000000001110 ) ;
#247 = CARTESIAN_POINT ( 'NONE',  ( -5.702700750568034493, 19.58689347224009936, -11.49999999999999467 ) ) ;
#248 = VERTEX_POINT ( 'NONE', #5623 ) ;
#249 = ORIENTED_EDGE ( 'NONE', *, *, #3156, .T. ) ;
#250 = CARTESIAN_POINT ( 'NONE',  ( 8.516990831320482513, 17.92898548259511671, -11.49999999999999822 ) ) ;
#251 = CARTESIAN_POINT ( 'NONE',  ( -12.36796875000000462, 16.91448090492170664, -11.50000000000000000 ) ) ;
#252 = CARTESIAN_POINT ( 'NONE',  ( 14.88703448171409072, 22.08856147267063719, -11.50000000000000355 ) ) ;
#253 = CARTESIAN_POINT ( 'NONE',  ( 10.87500000000000711, 18.37112152992169456, -11.49000000000000021 ) ) ;
#254 = CARTESIAN_POINT ( 'NONE',  ( 0.8622409255989462729, 22.27284244780192424, -11.49999999999999822 ) ) ;
#255 = CARTESIAN_POINT ( 'NONE',  ( -4.541411221933337572, 21.52026453617234836, -11.49000000000000021 ) ) ;
#256 = LINE ( 'NONE', #3244, #572 ) ;
#257 = VECTOR ( 'NONE', #634, 1000.000000000000000 ) ;
#258 = FACE_OUTER_BOUND ( 'NONE', #710, .T. ) ;
#259 = CARTESIAN_POINT ( 'NONE',  ( 4.261106747313721854, 16.44172364572177258, -11.49000000000000199 ) ) ;
#260 = CARTESIAN_POINT ( 'NONE',  ( 9.260563115154543112, 20.78339848601834561, -11.49000000000000199 ) ) ;
#261 = AXIS2_PLACEMENT_3D ( 'NONE', #4733, #1750, #2882 ) ;
#262 = CARTESIAN_POINT ( 'NONE',  ( 9.697001082449906662, 21.81459937729084331, -11.49999999999998934 ) ) ;
#263 = CARTESIAN_POINT ( 'NONE',  ( -9.592957953052730247, 22.19555939912444487, -11.50000000000000355 ) ) ;
#264 = B_SPLINE_CURVE_WITH_KNOTS ( 'NONE', 3,
 ( #5129, #6148, #1575, #4613, #2168, #4169, #716 ),
 .UNSPECIFIED., .F., .F.,
 ( 4, 1, 1, 1, 4 ),
 ( 0.000000000000000000, 0.08977327424523021127, 0.2835811563816847403, 0.5900183244040019259, 1.000000000000000000 ),
 .UNSPECIFIED. ) ;
#265 = DIRECTION ( 'NONE',  ( 0.3259373945820195906, -0.9453913553725170615, 0.000000000000000000 ) ) ;
#266 = CARTESIAN_POINT ( 'NONE',  ( 17.10000000000000853, 18.37112152992169456, -11.50000000000000000 ) ) ;
#267 = EDGE_CURVE ( 'NONE', #4856, #3856, #4191, .T. ) ;
#268 = VECTOR ( 'NONE', #6196, 1000.000000000000000 ) ;
#269 = VERTEX_POINT ( 'NONE', #1697 ) ;
#270 = CARTESIAN_POINT ( 'NONE',  ( -6.377872914041828878, 19.56608088518806099, -11.49000000000000021 ) ) ;
#271 = CARTESIAN_POINT ( 'NONE',  ( -14.25404410730376092, 21.72871566181355618, -11.49000000000000554 ) ) ;
#272 = CARTESIAN_POINT ( 'NONE',  ( -14.25000000000000178, 17.39963715492170238, -11.50000000000000000 ) ) ;
#273 = CARTESIAN_POINT ( 'NONE',  ( -5.482887342620917259, 22.17446163889772492, -11.48999999999999844 ) ) ;
#274 = B_SPLINE_SURFACE_WITH_KNOTS ( 'NONE', 3, 1, ( 
 ( #3230, #3757 ),
 ( #1289, #4673 ),
 ( #1815, #179 ),
 ( #5244, #2731 ),
 ( #3284, #1716 ),
 ( #761, #2698 ),
 ( #273, #4702 ),
 ( #3731, #3816 ),
 ( #4275, #2181 ),
 ( #2210, #4186 ),
 ( #5699, #6222 ),
 ( #4216, #4735 ),
 ( #5763, #1262 ),
 ( #3255, #1915 ),
 ( #3876, #4964 ),
 ( #927, #6480 ),
 ( #3345, #4828 ),
 ( #3946, #464 ),
 ( #2955, #431 ) ),
 .UNSPECIFIED., .F., .F., .F.,
 ( 4, 1, 1, 1, 1, 1, 1, 1, 1, 1, 1, 1, 1, 1, 1, 1, 4 ),
 ( 2, 2 ),
 ( 0.000000000000000000, 0.06450583079245077178, 0.1257003490472285434, 0.1845603124204928391, 0.2404533103004709571, 0.2941509815605866107, 0.3456887803325743302, 0.3950683699914054881, 0.4434122827432722680, 0.5342984258742937698, 0.6178213727056318660, 0.6955579538707612475, 0.7681941770278261084, 0.8358171608293685217, 0.8963565394511285866, 0.9510006524474003964, 0.9999999999999998890 ),
 ( 0.000000000000000000, 1.000000000000000000 ),
 .UNSPECIFIED. ) ;
#275 = CARTESIAN_POINT ( 'NONE',  ( -3.371874930950579774, 21.84501905551244150, -11.49999999999999822 ) ) ;
#276 = CARTESIAN_POINT ( 'NONE',  ( -14.25000000000000178, 17.39963715492170238, -11.49000000000000021 ) ) ;
#277 = EDGE_CURVE ( 'NONE', #4119, #1593, #5225, .T. ) ;
#278 = LINE ( 'NONE', #3259, #4455 ) ;
#279 = CARTESIAN_POINT ( 'NONE',  ( -8.759765625000000000, 20.10549652992169811, -11.49000000000000021 ) ) ;
#280 = ORIENTED_EDGE ( 'NONE', *, *, #4629, .T. ) ;
#281 = ORIENTED_EDGE ( 'NONE', *, *, #3193, .F. ) ;
#282 = ORIENTED_EDGE ( 'NONE', *, *, #6041, .F. ) ;
#283 = CARTESIAN_POINT ( 'NONE',  ( 8.281640625000004974, 21.44963715492169243, -11.49000000000000021 ) ) ;
#284 = CARTESIAN_POINT ( 'NONE',  ( -12.60071971234430777, 16.49585230908272138, -11.49000000000000021 ) ) ;
#285 = CARTESIAN_POINT ( 'NONE',  ( 14.83134661669098442, 22.01520404768836059, -11.49999999999999645 ) ) ;
#286 = EDGE_CURVE ( 'NONE', #4178, #120, #5054, .T. ) ;
#287 = CARTESIAN_POINT ( 'NONE',  ( -5.715234375000003197, 20.78284027992169669, -11.49999999999999822 ) ) ;
#288 = CARTESIAN_POINT ( 'NONE',  ( 0.3749999999999983902, 21.60198090492169243, -11.49000000000000021 ) ) ;
#289 = CARTESIAN_POINT ( 'NONE',  ( -4.626067247867202248, 19.12619216221774465, -11.50000000000000178 ) ) ;
#290 = DIRECTION ( 'NONE',  ( 0.000000000000000000, 1.000000000000000000, 0.000000000000000000 ) ) ;
#291 = EDGE_CURVE ( 'NONE', #1565, #5792, #809, .T. ) ;
#292 = CARTESIAN_POINT ( 'NONE',  ( 21.49999999999999645, 29.50000000000000355, -4.714892376317814179E-15 ) ) ;
#293 = DIRECTION ( 'NONE',  ( -0.000000000000000000, -0.000000000000000000, -1.000000000000000000 ) ) ;
#294 = LINE ( 'NONE', #4821, #4134 ) ;
#295 = CARTESIAN_POINT ( 'NONE',  ( -17.21700914859031784, 17.11221673541054500, -11.49000000000000377 ) ) ;
#296 = ADVANCED_FACE ( 'NONE', ( #4443 ), #5517, .F. ) ;
#297 = CARTESIAN_POINT ( 'NONE',  ( -10.46968631994979937, 21.21258500222463894, -11.48999999999999666 ) ) ;
#298 = ORIENTED_EDGE ( 'NONE', *, *, #5389, .T. ) ;
#299 = CARTESIAN_POINT ( 'NONE',  ( -6.526171875000003730, 19.24182465492170024, -11.49000000000000199 ) ) ;
#300 = LINE ( 'NONE', #396, #3520 ) ;
#301 = CARTESIAN_POINT ( 'NONE',  ( -3.353906250000002753, 17.32463715492169598, -11.49000000000000021 ) ) ;
#302 = CARTESIAN_POINT ( 'NONE',  ( -3.703618124291975899, 20.63603093724919546, -11.49999999999999822 ) ) ;
#303 = DIRECTION ( 'NONE',  ( 0.000000000000000000, 0.000000000000000000, 1.000000000000000000 ) ) ;
#304 = CARTESIAN_POINT ( 'NONE',  ( 7.405567960814273043, 18.07543028887143421, -11.50000000000000000 ) ) ;
#305 = CARTESIAN_POINT ( 'NONE',  ( -16.50000000000000000, 0.000000000000000000, -6.999999999999997335 ) ) ;
#306 = CARTESIAN_POINT ( 'NONE',  ( -8.211587753554631774, 22.27321260434695915, -11.49000000000000199 ) ) ;
#307 = ORIENTED_EDGE ( 'NONE', *, *, #3837, .T. ) ;
#308 = EDGE_LOOP ( 'NONE', ( #659, #830, #1816, #2635 ) ) ;
#309 = B_SPLINE_CURVE_WITH_KNOTS ( 'NONE', 3,
 ( #5426, #37, #526, #921, #1481, #2011, #5531, #393, #4520, #3552, #4889, #1906, #953, #4959, #4995 ),
 .UNSPECIFIED., .F., .F.,
 ( 4, 1, 1, 1, 1, 1, 1, 1, 1, 1, 1, 1, 4 ),
 ( 0.000000000000000000, 0.1083524830110791648, 0.2096501765292340114, 0.3035589200921334219, 0.3928415569206963887, 0.4773977105140373989, 0.5566832169623202597, 0.6336775312702701557, 0.7084255647251348487, 0.7820438145593339163, 0.8538507851686832906, 0.9264351344939084631, 1.000000000000000000 ),
 .UNSPECIFIED. ) ;
#310 = ORIENTED_EDGE ( 'NONE', *, *, #186, .T. ) ;
#311 = CARTESIAN_POINT ( 'NONE',  ( -9.068191780750217035, 21.11965191184379975, -11.49000000000000021 ) ) ;
#312 = CARTESIAN_POINT ( 'NONE',  ( -12.70672718298742687, 16.45395246027894842, -11.50000000000000000 ) ) ;
#313 = CARTESIAN_POINT ( 'NONE',  ( -11.85778711336511115, 19.36432776348755169, -11.49999999999999289 ) ) ;
#314 = CARTESIAN_POINT ( 'NONE',  ( -12.36796875000000462, 16.91448090492170664, -11.49000000000000199 ) ) ;
#315 = CARTESIAN_POINT ( 'NONE',  ( 4.552734374999999112, 22.27463715492169172, -11.49000000000000021 ) ) ;
#316 = CARTESIAN_POINT ( 'NONE',  ( 8.281640625000004974, 21.44963715492169243, -11.49999999999999822 ) ) ;
#317 = CARTESIAN_POINT ( 'NONE',  ( -14.25000000000000178, 17.39963715492170238, -11.49000000000000021 ) ) ;
#318 = DIRECTION ( 'NONE',  ( -0.2729569223556483903, 0.9620262566781285773, 0.000000000000000000 ) ) ;
#319 = CARTESIAN_POINT ( 'NONE',  ( 7.204436493285377274, 19.90518940627664435, -11.50000000000000000 ) ) ;
#320 = CARTESIAN_POINT ( 'NONE',  ( -10.19933945604134884, 22.27255551053279348, -11.49000000000000021 ) ) ;
#321 = B_SPLINE_SURFACE_WITH_KNOTS ( 'NONE', 3, 1, ( 
 ( #4315, #3270 ),
 ( #5284, #254 ),
 ( #2381, #5840 ),
 ( #5322, #5255 ),
 ( #1303, #2316 ),
 ( #1799, #2838 ),
 ( #1832, #5868 ),
 ( #3800, #5777 ),
 ( #382, #6325 ),
 ( #3832, #6394 ),
 ( #288, #3770 ) ),
 .UNSPECIFIED., .F., .F., .F.,
 ( 4, 1, 1, 1, 1, 1, 1, 1, 4 ),
 ( 2, 2 ),
 ( 0.000000000000000000, 0.1173861104294437185, 0.2286531511958491969, 0.3368062171337758981, 0.4487306857831358520, 0.5682625833702993345, 0.6962263838169623353, 0.8390038949308474825, 1.000000000000000000 ),
 ( 0.000000000000000000, 1.000000000000000000 ),
 .UNSPECIFIED. ) ;
#322 = CARTESIAN_POINT ( 'NONE',  ( -16.65703125000000284, 17.39963715492170238, -11.49000000000000021 ) ) ;
#323 = ORIENTED_EDGE ( 'NONE', *, *, #2717, .T. ) ;
#324 = CARTESIAN_POINT ( 'NONE',  ( 11.88781984216070242, 21.45044315390506284, -11.49000000000000199 ) ) ;
#325 = CARTESIAN_POINT ( 'NONE',  ( 13.36302904152823423, 21.45408331173099725, -11.50000000000000000 ) ) ;
#326 = CARTESIAN_POINT ( 'NONE',  ( -7.653529185121802136, 16.75426107756801741, -11.49000000000000377 ) ) ;
#327 = ORIENTED_EDGE ( 'NONE', *, *, #2572, .F. ) ;
#328 = CARTESIAN_POINT ( 'NONE',  ( -8.835392768518167017, 20.69467861808650255, -11.49999999999999822 ) ) ;
#329 = EDGE_LOOP ( 'NONE', ( #4643, #1890, #2522, #238 ) ) ;
#330 = LINE ( 'NONE', #4831, #1715 ) ;
#331 = CARTESIAN_POINT ( 'NONE',  ( 14.55516149860923747, 18.29578969627435470, -11.49999999999999822 ) ) ;
#332 = B_SPLINE_CURVE_WITH_KNOTS ( 'NONE', 3,
 ( #5580, #3103, #609, #4538, #5149, #115, #55, #3068, #5081, #6162, #2636 ),
 .UNSPECIFIED., .F., .F.,
 ( 4, 1, 1, 1, 1, 1, 1, 1, 4 ),
 ( 0.000000000000000000, 0.1656951908862869527, 0.3098979787940825958, 0.4387581063098267564, 0.5560349031630623662, 0.6666270742929939486, 0.7752138413749879442, 0.8835023845613376725, 1.000000000000000000 ),
 .UNSPECIFIED. ) ;
#333 = EDGE_LOOP ( 'NONE', ( #3763 ) ) ;
#334 = CARTESIAN_POINT ( 'NONE',  ( 1.305304343314096505, 16.32060099906073347, -11.49000000000000377 ) ) ;
#335 = LINE ( 'NONE', #4371, #4866 ) ;
#336 = ORIENTED_EDGE ( 'NONE', *, *, #4811, .T. ) ;
#337 = ORIENTED_EDGE ( 'NONE', *, *, #5775, .T. ) ;
#338 = ORIENTED_EDGE ( 'NONE', *, *, #5224, .F. ) ;
#339 = CARTESIAN_POINT ( 'NONE',  ( -6.217467160055058173, 19.67362869973273121, -11.50000000000000355 ) ) ;
#340 = CARTESIAN_POINT ( 'NONE',  ( -12.96914062500000320, 16.42463715492170451, -11.49000000000000021 ) ) ;
#341 = VECTOR ( 'NONE', #5922, 1000.000000000000000 ) ;
#342 = DIRECTION ( 'NONE',  ( 0.000000000000000000, 0.000000000000000000, -1.000000000000000000 ) ) ;
#343 = ADVANCED_FACE ( 'NONE', ( #1932, #3010, #4412 ), #5017, .T. ) ;
#344 = CARTESIAN_POINT ( 'NONE',  ( 17.10000000000000853, 18.37112152992169456, -11.49000000000000021 ) ) ;
#345 = CARTESIAN_POINT ( 'NONE',  ( -12.96914062500000320, 17.39963715492170238, -11.50000000000000000 ) ) ;
#346 = CARTESIAN_POINT ( 'NONE',  ( 8.281640625000004974, 17.92463715492169385, -11.50000000000000355 ) ) ;
#347 = VECTOR ( 'NONE', #2666, 1000.000000000000000 ) ;
#348 = B_SPLINE_CURVE_WITH_KNOTS ( 'NONE', 3,
 ( #3417, #3812, #2790, #2393, #3906, #4395, #6405 ),
 .UNSPECIFIED., .F., .F.,
 ( 4, 1, 1, 1, 4 ),
 ( 0.000000000000000000, 0.3406731380352455152, 0.6198067946432279651, 0.8404565610834890954, 1.000000000000000000 ),
 .UNSPECIFIED. ) ;
#349 = CARTESIAN_POINT ( 'NONE',  ( 14.74999999999999645, 8.500000000000000000, -11.50000000000000000 ) ) ;
#350 = AXIS2_PLACEMENT_3D ( 'NONE', #1242, #3237, #5251 ) ;
#351 = FACE_OUTER_BOUND ( 'NONE', #884, .T. ) ;
#352 = CARTESIAN_POINT ( 'NONE',  ( 11.00625000000000675, 18.86916840492169456, -11.49000000000000021 ) ) ;
#353 = CARTESIAN_POINT ( 'NONE',  ( -9.005375435992664990, 18.30064833457423035, -11.50000000000000000 ) ) ;
#354 = CARTESIAN_POINT ( 'NONE',  ( 8.281640625000004974, 22.27463715492169172, -11.49999999999998934 ) ) ;
#355 = AXIS2_PLACEMENT_3D ( 'NONE', #6152, #4591, #5135 ) ;
#356 = EDGE_CURVE ( 'NONE', #3937, #3937, #2440, .T. ) ;
#357 = VERTEX_POINT ( 'NONE', #2513 ) ;
#358 = CARTESIAN_POINT ( 'NONE',  ( 11.88164062500000639, 21.43205902992169243, -11.49000000000000021 ) ) ;
#359 = AXIS2_PLACEMENT_3D ( 'NONE', #360, #5879, #5395 ) ;
#360 = CARTESIAN_POINT ( 'NONE',  ( -18.50000000000000000, 29.50000000000000355, -11.50000000000000000 ) ) ;
#361 = CARTESIAN_POINT ( 'NONE',  ( 0.4065949823226485127, 21.88778552912956599, -11.49000000000000021 ) ) ;
#362 = CARTESIAN_POINT ( 'NONE',  ( -16.78826502181423308, 16.42853395527304983, -11.48999999999999844 ) ) ;
#363 = ORIENTED_EDGE ( 'NONE', *, *, #2939, .F. ) ;
#364 = VECTOR ( 'NONE', #245, 1000.000000000000000 ) ;
#365 = CARTESIAN_POINT ( 'NONE',  ( -11.43492901889879043, 21.64743893970574717, -11.50000000000000355 ) ) ;
#366 = CARTESIAN_POINT ( 'NONE',  ( 13.36302904152823423, 21.45408331173099725, -11.49000000000000021 ) ) ;
#367 = ORIENTED_EDGE ( 'NONE', *, *, #2119, .F. ) ;
#368 = CARTESIAN_POINT ( 'NONE',  ( -11.30900298251753355, 21.79101038107327426, -11.48999999999999666 ) ) ;
#369 = CARTESIAN_POINT ( 'NONE',  ( -4.422656250000001954, 18.29963715492169740, -11.50000000000000000 ) ) ;
#370 = ORIENTED_EDGE ( 'NONE', *, *, #6479, .F. ) ;
#371 = ORIENTED_EDGE ( 'NONE', *, *, #4953, .F. ) ;
#372 = ORIENTED_EDGE ( 'NONE', *, *, #2990, .T. ) ;
#373 = VERTEX_POINT ( 'NONE', #4382 ) ;
#374 = CARTESIAN_POINT ( 'NONE',  ( 0.4506146691972099938, 22.00585104791197111, -11.50000000000000355 ) ) ;
#375 = CARTESIAN_POINT ( 'NONE',  ( 13.31268599063310987, 18.61210980728615993, -11.50000000000000178 ) ) ;
#376 = CARTESIAN_POINT ( 'NONE',  ( -11.92325902972039664, 19.97108364717388085, -11.49000000000000199 ) ) ;
#377 = B_SPLINE_SURFACE_WITH_KNOTS ( 'NONE', 3, 1, ( 
 ( #2726, #5142 ),
 ( #4728, #630 ),
 ( #2205, #5238 ),
 ( #661, #4180 ),
 ( #4146, #3186 ),
 ( #2691, #2630 ),
 ( #5665, #6216 ),
 ( #5206, #4625 ),
 ( #1709, #1162 ),
 ( #138, #6246 ),
 ( #1744, #1678 ) ),
 .UNSPECIFIED., .F., .F., .F.,
 ( 4, 1, 1, 1, 1, 1, 1, 1, 4 ),
 ( 2, 2 ),
 ( 0.000000000000000000, 0.1587228156828218439, 0.2985230391028941277, 0.4238157535965459966, 0.5415901044519221275, 0.6547867376447999987, 0.7650923938678667602, 0.8794934329980712562, 0.9999999999999998890 ),
 ( 0.000000000000000000, 1.000000000000000000 ),
 .UNSPECIFIED. ) ;
#378 = CARTESIAN_POINT ( 'NONE',  ( 9.261099002415482673, 19.41412685225029122, -11.49000000000000199 ) ) ;
#379 = CARTESIAN_POINT ( 'NONE',  ( -6.526171875000002842, 19.24182465492169669, -11.50000000000000178 ) ) ;
#380 = EDGE_CURVE ( 'NONE', #598, #5857, #1966, .T. ) ;
#381 = CARTESIAN_POINT ( 'NONE',  ( 0.000000000000000000, 30.50000000000000355, -9.500000000000000000 ) ) ;
#382 = CARTESIAN_POINT ( 'NONE',  ( 0.3797581626544093703, 21.75123036543523369, -11.49000000000000199 ) ) ;
#383 = EDGE_CURVE ( 'NONE', #3855, #45, #651, .T. ) ;
#384 = CARTESIAN_POINT ( 'NONE',  ( 1.844531249999998623, 16.97893402992169598, -11.49000000000000021 ) ) ;
#385 = CARTESIAN_POINT ( 'NONE',  ( -9.326043371939929827, 18.08664341820409760, -11.49000000000000554 ) ) ;
#386 = EDGE_LOOP ( 'NONE', ( #1432, #1614, #4905, #43 ) ) ;
#387 =( LENGTH_UNIT ( ) NAMED_UNIT ( * ) SI_UNIT ( .MILLI., .METRE. ) );
#388 = VERTEX_POINT ( 'NONE', #3403 ) ;
#389 = CARTESIAN_POINT ( 'NONE',  ( 8.229129012375755892, 18.75113387500743301, -11.49999999999999822 ) ) ;
#390 = CARTESIAN_POINT ( 'NONE',  ( -11.80292114192588571, 20.93425989543029075, -11.49000000000000021 ) ) ;
#391 = ADVANCED_FACE ( 'NONE', ( #3928 ), #1858, .T. ) ;
#392 = CARTESIAN_POINT ( 'NONE',  ( 17.09800945796575178, 18.34205280245248204, -11.49000000000000021 ) ) ;
#393 = CARTESIAN_POINT ( 'NONE',  ( -10.57288755515223855, 21.10632152843301768, -11.50000000000000000 ) ) ;
#394 = CARTESIAN_POINT ( 'NONE',  ( -7.872076678875144395, 22.19062853177088357, -11.50000000000000178 ) ) ;
#395 = LINE ( 'NONE', #4329, #56 ) ;
#396 = CARTESIAN_POINT ( 'NONE',  ( 14.59921875000000746, 21.38518402992169598, -11.49000000000000021 ) ) ;
#397 = CARTESIAN_POINT ( 'NONE',  ( -8.700000000000001066, 18.59846527992169740, -11.50000000000000000 ) ) ;
#398 = DIRECTION ( 'NONE',  ( 0.000000000000000000, -0.000000000000000000, 1.000000000000000000 ) ) ;
#399 = ORIENTED_EDGE ( 'NONE', *, *, #6095, .T. ) ;
#400 = DIRECTION ( 'NONE',  ( -1.000000000000000000, 0.000000000000000000, 1.224646799147352714E-16 ) ) ;
#401 = CARTESIAN_POINT ( 'NONE',  ( 8.281640625000004974, 17.92463715492169385, -11.49000000000000021 ) ) ;
#402 = CARTESIAN_POINT ( 'NONE',  ( -7.721083528553084996, 16.51902549088399752, -11.50000000000000000 ) ) ;
#403 = CARTESIAN_POINT ( 'NONE',  ( 11.90139990118476199, 21.49084592375556468, -11.49000000000000199 ) ) ;
#404 = ORIENTED_EDGE ( 'NONE', *, *, #4869, .T. ) ;
#405 = CARTESIAN_POINT ( 'NONE',  ( 1.670283239466187730, 16.69270847560313697, -11.49000000000000021 ) ) ;
#406 = CARTESIAN_POINT ( 'NONE',  ( -4.360447696482702362, 18.30147803142319418, -11.50000000000000178 ) ) ;
#407 = ORIENTED_EDGE ( 'NONE', *, *, #5680, .T. ) ;
#408 = CARTESIAN_POINT ( 'NONE',  ( -6.063446366943315624, 19.70394592453262206, -11.50000000000000000 ) ) ;
#409 = CARTESIAN_POINT ( 'NONE',  ( -4.921167049130228399, 18.37843182007170384, -11.48999999999999844 ) ) ;
#410 = CARTESIAN_POINT ( 'NONE',  ( -11.73357749988105780, 18.97097199359856035, -11.49000000000000377 ) ) ;
#411 = CARTESIAN_POINT ( 'NONE',  ( -8.698480058893435896, 21.71153982016292616, -11.50000000000000178 ) ) ;
#412 = FACE_OUTER_BOUND ( 'NONE', #2117, .T. ) ;
#413 = CARTESIAN_POINT ( 'NONE',  ( 5.173238964690442643, 16.89445050024333383, -11.49000000000000199 ) ) ;
#414 = CARTESIAN_POINT ( 'NONE',  ( 15.99420716304333645, 21.70488706071956386, -11.49000000000000199 ) ) ;
#415 = B_SPLINE_CURVE_WITH_KNOTS ( 'NONE', 3,
 ( #434, #6313, #4399, #4799, #6378, #1954, #3878 ),
 .UNSPECIFIED., .F., .F.,
 ( 4, 1, 1, 1, 4 ),
 ( 0.000000000000000000, 0.1804516161380706751, 0.4075814089719976274, 0.6797988579017806288, 1.000000000000000000 ),
 .UNSPECIFIED. ) ;
#416 = CARTESIAN_POINT ( 'NONE',  ( 4.644140624999998579, 16.27463715492169527, -11.49999999999999822 ) ) ;
#417 = B_SPLINE_CURVE_WITH_KNOTS ( 'NONE', 3,
 ( #1862, #5380, #5865, #4379, #1893, #5473, #6458, #3359, #1929, #5934, #906, #3859, #444, #3925, #870 ),
 .UNSPECIFIED., .F., .F.,
 ( 4, 1, 1, 1, 1, 1, 1, 1, 1, 1, 1, 1, 4 ),
 ( 0.000000000000000000, 0.08326972925402192915, 0.1629625909004710216, 0.2406207817574240182, 0.3183377653480006231, 0.3957968502873387417, 0.4737150721784918472, 0.5536831087100392290, 0.6371745605583289951, 0.7231684227778992780, 0.8116283351750031017, 0.9035961357217940915, 1.000000000000000000 ),
 .UNSPECIFIED. ) ;
#418 = CARTESIAN_POINT ( 'NONE',  ( 11.32168957449737690, 17.92601909702405294, -11.49000000000000377 ) ) ;
#419 = ORIENTED_EDGE ( 'NONE', *, *, #380, .F. ) ;
#420 = CARTESIAN_POINT ( 'NONE',  ( 4.430245875737025329, 16.31322607072156217, -11.50000000000000178 ) ) ;
#421 = B_SPLINE_CURVE_WITH_KNOTS ( 'NONE', 3,
 ( #5226, #1120, #3613, #193, #1246, #162, #2649 ),
 .UNSPECIFIED., .F., .F.,
 ( 4, 1, 1, 1, 4 ),
 ( 0.000000000000000000, 0.1804516161380706751, 0.4075814089719976274, 0.6797988579017806288, 1.000000000000000000 ),
 .UNSPECIFIED. ) ;
#422 = CARTESIAN_POINT ( 'NONE',  ( -12.36796875000000462, 16.91448090492170664, -11.49000000000000199 ) ) ;
#423 = CARTESIAN_POINT ( 'NONE',  ( -3.353906250000002753, 17.32463715492169598, -11.49000000000000021 ) ) ;
#424 = CYLINDRICAL_SURFACE ( 'NONE', #4753, 2.999999999999999112 ) ;
#425 = DIRECTION ( 'NONE',  ( -1.000000000000000000, 0.000000000000000000, 0.000000000000000000 ) ) ;
#426 = ADVANCED_FACE ( 'NONE', ( #4770 ), #2480, .T. ) ;
#427 = CARTESIAN_POINT ( 'NONE',  ( -8.836140597093088189, 19.53839994174161276, -11.48999999999999844 ) ) ;
#428 = CARTESIAN_POINT ( 'NONE',  ( 5.174999999999998934, 21.51057465492169385, -11.49000000000000021 ) ) ;
#429 = B_SPLINE_CURVE_WITH_KNOTS ( 'NONE', 3,
 ( #1595, #3603, #5611, #5119, #1202, #3198, #214, #4705, #2701, #2213, #706, #5702, #6195, #1688, #3699, #5215, #2001, #5478, #5020 ),
 .UNSPECIFIED., .F., .F.,
 ( 4, 1, 1, 1, 1, 1, 1, 1, 1, 1, 1, 1, 1, 1, 1, 1, 4 ),
 ( 0.000000000000000000, 0.06915441726730239824, 0.1357820402137707994, 0.1999513382522090377, 0.2624929154416992816, 0.3234279476882707116, 0.3832140737395441921, 0.4421038990113637102, 0.5006533320752819538, 0.5592858252427271859, 0.6179311624381841339, 0.6775095522109149115, 0.7385205988731275983, 0.8009629779693419049, 0.8653206954343649615, 0.9311857153332617765, 1.000000000000000000 ),
 .UNSPECIFIED. ) ;
#430 = ORIENTED_EDGE ( 'NONE', *, *, #1347, .T. ) ;
#431 = CARTESIAN_POINT ( 'NONE',  ( -6.660937500000002842, 20.82854340492169953, -11.49999999999999822 ) ) ;
#432 = B_SPLINE_SURFACE_WITH_KNOTS ( 'NONE', 3, 1, ( 
 ( #4759, #695 ),
 ( #1775, #172 ),
 ( #3779, #2175 ),
 ( #5755, #2269 ),
 ( #2204, #5726 ),
 ( #4791, #4179 ),
 ( #1743, #6185 ),
 ( #295, #6155 ),
 ( #755, #5664 ),
 ( #1161, #1676 ),
 ( #5691, #5172 ) ),
 .UNSPECIFIED., .F., .F., .F.,
 ( 4, 1, 1, 1, 1, 1, 1, 1, 4 ),
 ( 2, 2 ),
 ( 0.000000000000000000, 0.1621978022794896834, 0.3040405739100145444, 0.4310878738889246664, 0.5482643788869046020, 0.6590923131089556630, 0.7683983586834585156, 0.8794232621383156756, 0.9999999999999998890 ),
 ( 0.000000000000000000, 1.000000000000000000 ),
 .UNSPECIFIED. ) ;
#433 = VERTEX_POINT ( 'NONE', #6248 ) ;
#434 = CARTESIAN_POINT ( 'NONE',  ( 17.10000000000000853, 18.37112152992169456, -11.50000000000000000 ) ) ;
#435 = CARTESIAN_POINT ( 'NONE',  ( 6.155081164983557507, 19.86447927178693362, -11.50000000000000355 ) ) ;
#436 = DIRECTION ( 'NONE',  ( 0.2815080135998133670, 0.9595588769216234493, 0.000000000000000000 ) ) ;
#437 = ORIENTED_EDGE ( 'NONE', *, *, #5323, .T. ) ;
#438 = CARTESIAN_POINT ( 'NONE',  ( -11.43492901889879043, 21.64743893970574717, -11.49000000000000377 ) ) ;
#439 = CARTESIAN_POINT ( 'NONE',  ( -3.024178551508941215, 18.97141549032662056, -11.50000000000000178 ) ) ;
#440 = ORIENTED_EDGE ( 'NONE', *, *, #889, .F. ) ;
#441 = ORIENTED_EDGE ( 'NONE', *, *, #3416, .T. ) ;
#442 = CARTESIAN_POINT ( 'NONE',  ( -8.628060801573221639, 16.54839569172872515, -11.48999999999999844 ) ) ;
#443 = DIRECTION ( 'NONE',  ( -1.000000000000000000, 0.000000000000000000, 1.224646799147352714E-16 ) ) ;
#444 = CARTESIAN_POINT ( 'NONE',  ( -3.679672114487329448, 20.47343259085483425, -11.49999999999999822 ) ) ;
#445 = ADVANCED_FACE ( 'NONE', ( #2845 ), #1493, .T. ) ;
#446 = CARTESIAN_POINT ( 'NONE',  ( -14.48606917854440468, 22.17920082762401535, -11.48999999999999844 ) ) ;
#447 = CARTESIAN_POINT ( 'NONE',  ( 12.55460966622137775, 22.27191862467599037, -11.50000000000000000 ) ) ;
#448 = CARTESIAN_POINT ( 'NONE',  ( 15.95378361361436959, 21.81154044396455660, -11.48999999999999666 ) ) ;
#449 = CARTESIAN_POINT ( 'NONE',  ( 4.758361942802976863, 16.28008225954177846, -11.49999999999999645 ) ) ;
#450 = CARTESIAN_POINT ( 'NONE',  ( 4.338142347667802490, 16.36528115376999892, -11.50000000000000178 ) ) ;
#451 = CARTESIAN_POINT ( 'NONE',  ( 4.533298619178486533, 16.27996192419572097, -11.49999999999999645 ) ) ;
#452 = CARTESIAN_POINT ( 'NONE',  ( -7.781642829062185740, 16.42858451561368938, -11.49000000000000199 ) ) ;
#453 = EDGE_CURVE ( 'NONE', #6187, #1323, #3391, .T. ) ;
#454 = CARTESIAN_POINT ( 'NONE',  ( -17.00000000000000000, 1.500000000000000000, 0.000000000000000000 ) ) ;
#455 = DIRECTION ( 'NONE',  ( -0.000000000000000000, -0.000000000000000000, -1.000000000000000000 ) ) ;
#456 = ORIENTED_EDGE ( 'NONE', *, *, #793, .T. ) ;
#457 = CARTESIAN_POINT ( 'NONE',  ( 0.3749999999999983902, 17.12541840492169243, -11.49000000000000021 ) ) ;
#458 = AXIS2_PLACEMENT_3D ( 'NONE', #6379, #896, #2303 ) ;
#459 = CARTESIAN_POINT ( 'NONE',  ( 14.70703125000000711, 18.76487152992169527, -11.49000000000000021 ) ) ;
#460 = CARTESIAN_POINT ( 'NONE',  ( -9.687355587429498982, 18.75614753085467612, -11.49000000000000021 ) ) ;
#461 = ADVANCED_FACE ( 'NONE', ( #1975 ), #4581, .T. ) ;
#462 = CARTESIAN_POINT ( 'NONE',  ( -7.721083528553084996, 16.51902549088399752, -11.49000000000000021 ) ) ;
#463 = EDGE_CURVE ( 'NONE', #2355, #4883, #3710, .T. ) ;
#464 = CARTESIAN_POINT ( 'NONE',  ( -6.658322533928020093, 20.87246664946742669, -11.49999999999999645 ) ) ;
#465 = ORIENTED_EDGE ( 'NONE', *, *, #3193, .T. ) ;
#466 = CARTESIAN_POINT ( 'NONE',  ( 12.79796584546752491, 22.26200302222999383, -11.49000000000000199 ) ) ;
#467 = CARTESIAN_POINT ( 'NONE',  ( 0.3754396508897155926, 17.08045379477224301, -11.50000000000000000 ) ) ;
#468 = VECTOR ( 'NONE', #4161, 1000.000000000000000 ) ;
#469 = ORIENTED_EDGE ( 'NONE', *, *, #2471, .T. ) ;
#470 = CARTESIAN_POINT ( 'NONE',  ( -17.25000000000000711, 16.91448090492170664, -11.49000000000000199 ) ) ;
#471 = DIRECTION ( 'NONE',  ( -0.000000000000000000, -0.000000000000000000, -1.000000000000000000 ) ) ;
#472 = B_SPLINE_CURVE_WITH_KNOTS ( 'NONE', 3,
 ( #1328, #5438, #3392, #901, #5345, #2859, #3953, #2436, #6416, #5469, #832, #2334, #3822, #4307, #2927, #5963, #6452, #1959, #5926 ),
 .UNSPECIFIED., .F., .F.,
 ( 4, 1, 1, 1, 1, 1, 1, 1, 1, 1, 1, 1, 1, 1, 1, 1, 4 ),
 ( 0.000000000000000000, 0.07778018943677504626, 0.1510232293576441454, 0.2209855666100206950, 0.2875679589982060858, 0.3514744232845146144, 0.4133606035699634029, 0.4737235811601125390, 0.5333242863676246337, 0.5917138000299403400, 0.6490525429293625415, 0.7052803139673977650, 0.7613368256334742679, 0.8184095501551007512, 0.8765961343516576187, 0.9370873198820827144, 1.000000000000000000 ),
 .UNSPECIFIED. ) ;
#473 = AXIS2_PLACEMENT_3D ( 'NONE', #1698, #2193, #2619 ) ;
#474 = VERTEX_POINT ( 'NONE', #2136 ) ;
#475 = ADVANCED_FACE ( 'NONE', ( #2682 ), #4686, .T. ) ;
#476 = CARTESIAN_POINT ( 'NONE',  ( -12.96914062500000320, 16.42463715492170451, -11.50000000000000000 ) ) ;
#477 = CARTESIAN_POINT ( 'NONE',  ( -3.402861480413754691, 18.61073442318547677, -11.49000000000000021 ) ) ;
#478 = CARTESIAN_POINT ( 'NONE',  ( -10.31496787918401381, 17.92842897359839682, -11.49000000000000021 ) ) ;
#479 = CARTESIAN_POINT ( 'NONE',  ( -8.474636408535333842, 22.18796590187123030, -11.49000000000000554 ) ) ;
#480 = CARTESIAN_POINT ( 'NONE',  ( 4.124999999999998224, 20.39963715492169527, -11.50000000000000000 ) ) ;
#481 = CARTESIAN_POINT ( 'NONE',  ( 12.21911117555220372, 22.12327179257255594, -11.49000000000000732 ) ) ;
#482 = CARTESIAN_POINT ( 'NONE',  ( 16.88537668153920634, 17.99822999966291803, -11.48999999999999844 ) ) ;
#483 = CARTESIAN_POINT ( 'NONE',  ( 3.649218749999998845, 21.58557465492169669, -11.49000000000000021 ) ) ;
#484 = CARTESIAN_POINT ( 'NONE',  ( 4.430245875737025329, 16.31322607072156217, -11.49000000000000199 ) ) ;
#485 = CARTESIAN_POINT ( 'NONE',  ( 0.3762709893116442661, 16.99542995217675312, -11.50000000000000000 ) ) ;
#486 = ORIENTED_EDGE ( 'NONE', *, *, #3147, .F. ) ;
#487 = FACE_OUTER_BOUND ( 'NONE', #3168, .T. ) ;
#488 = CARTESIAN_POINT ( 'NONE',  ( 7.329112315012817014, 19.37908913106395659, -11.50000000000000000 ) ) ;
#489 = CARTESIAN_POINT ( 'NONE',  ( -12.96914062500000320, 17.39963715492170238, -11.49999999999999822 ) ) ;
#490 = CARTESIAN_POINT ( 'NONE',  ( -3.594980525543811201, 21.99609389714080265, -11.49999999999999645 ) ) ;
#491 = ORIENTED_EDGE ( 'NONE', *, *, #715, .T. ) ;
#492 = LINE ( 'NONE', #457, #5189 ) ;
#493 = CARTESIAN_POINT ( 'NONE',  ( -18.00000000000000000, 29.00000000000000000, -10.00000000000000888 ) ) ;
#494 = CARTESIAN_POINT ( 'NONE',  ( 11.77135406268894791, 18.17256919507022772, -11.49999999999999822 ) ) ;
#495 = CARTESIAN_POINT ( 'NONE',  ( 14.47686656120172799, 18.15954573190018806, -11.49999999999999289 ) ) ;
#496 = EDGE_CURVE ( 'NONE', #1873, #4489, #5166, .T. ) ;
#497 = ORIENTED_EDGE ( 'NONE', *, *, #97, .T. ) ;
#498 = CARTESIAN_POINT ( 'NONE',  ( -3.880475438579894742, 18.37748784495739329, -11.49000000000000732 ) ) ;
#499 = ORIENTED_EDGE ( 'NONE', *, *, #2624, .T. ) ;
#500 = CARTESIAN_POINT ( 'NONE',  ( -5.533121868956983214, 21.09582141243338782, -11.49000000000000199 ) ) ;
#501 = CARTESIAN_POINT ( 'NONE',  ( 7.820776278384351521, 22.23973599461782413, -11.49999999999999822 ) ) ;
#502 = LINE ( 'NONE', #4626, #4855 ) ;
#503 = EDGE_CURVE ( 'NONE', #3606, #6187, #4715, .T. ) ;
#504 = ORIENTED_EDGE ( 'NONE', *, *, #808, .F. ) ;
#505 = CARTESIAN_POINT ( 'NONE',  ( 0.4491117807208575563, 16.64914381825650480, -11.50000000000000355 ) ) ;
#506 = CARTESIAN_POINT ( 'NONE',  ( -2.922179910701772965, 19.11638945057062244, -11.49999999999999822 ) ) ;
#507 = CARTESIAN_POINT ( 'NONE',  ( -5.805190189173284665, 20.61612007757050335, -11.48999999999999666 ) ) ;
#508 = ORIENTED_EDGE ( 'NONE', *, *, #2554, .T. ) ;
#509 = DIRECTION ( 'NONE',  ( -0.000000000000000000, 0.000000000000000000, -1.000000000000000000 ) ) ;
#510 = CARTESIAN_POINT ( 'NONE',  ( -4.921167049130228399, 18.37843182007170384, -11.48999999999999844 ) ) ;
#511 = CARTESIAN_POINT ( 'NONE',  ( -17.09894461744589833, 16.55218838277978222, -11.49000000000000554 ) ) ;
#512 = CARTESIAN_POINT ( 'NONE',  ( -6.631368185321384168, 20.67568000638709336, -11.49999999999999645 ) ) ;
#513 = CARTESIAN_POINT ( 'NONE',  ( -10.87349504406559397, 20.03940711675683417, -11.49000000000000377 ) ) ;
#514 = CARTESIAN_POINT ( 'NONE',  ( -2.929839090097710930, 16.53418707422623513, -11.50000000000000178 ) ) ;
#515 = EDGE_CURVE ( 'NONE', #6372, #6418, #4228, .T. ) ;
#516 = CARTESIAN_POINT ( 'NONE',  ( -18.00000000000000000, 29.00000000000000000, -9.500000000000000000 ) ) ;
#517 = FACE_OUTER_BOUND ( 'NONE', #3935, .T. ) ;
#518 = CARTESIAN_POINT ( 'NONE',  ( 4.552734374999999112, 22.27463715492169172, -11.49000000000000021 ) ) ;
#519 = CARTESIAN_POINT ( 'NONE',  ( 4.126055585149694060, 16.89439317547897801, -11.49000000000000199 ) ) ;
#520 = CARTESIAN_POINT ( 'NONE',  ( -4.741641710527512821, 21.52264260869467094, -11.49000000000000021 ) ) ;
#521 = CARTESIAN_POINT ( 'NONE',  ( -6.076814439569946380, 16.77180227520353384, -11.49999999999999822 ) ) ;
#522 = CARTESIAN_POINT ( 'NONE',  ( -8.175000000000002487, 16.27463715492169882, -11.49000000000000021 ) ) ;
#523 = CARTESIAN_POINT ( 'NONE',  ( -12.70895689280949448, 17.37178543514795948, -11.49000000000000199 ) ) ;
#524 = CARTESIAN_POINT ( 'NONE',  ( -5.606816571252361214, 16.42890209704730609, -11.50000000000000000 ) ) ;
#525 = EDGE_LOOP ( 'NONE', ( #2338, #2265, #3067, #4417 ) ) ;
#526 = CARTESIAN_POINT ( 'NONE',  ( -10.87139640127087148, 20.30873451133952656, -11.50000000000000000 ) ) ;
#527 = CARTESIAN_POINT ( 'NONE',  ( 13.26796875000000853, 18.76487152992169527, -11.49000000000000021 ) ) ;
#528 = DIRECTION ( 'NONE',  ( 0.000000000000000000, 0.000000000000000000, -1.000000000000000000 ) ) ;
#529 = CARTESIAN_POINT ( 'NONE',  ( 11.92148437500000568, 18.59494965492169172, -11.50000000000000000 ) ) ;
#530 = CARTESIAN_POINT ( 'NONE',  ( 10.95182868227270312, 18.12869787282315315, -11.49999999999999822 ) ) ;
#531 = ORIENTED_EDGE ( 'NONE', *, *, #1172, .F. ) ;
#532 = ORIENTED_EDGE ( 'NONE', *, *, #6210, .T. ) ;
#533 = CARTESIAN_POINT ( 'NONE',  ( -8.735950081241741216, 21.59804332957818929, -11.50000000000000355 ) ) ;
#534 = ORIENTED_EDGE ( 'NONE', *, *, #3441, .T. ) ;
#535 = CARTESIAN_POINT ( 'NONE',  ( -5.635547780162532661, 20.94899522190213403, -11.49000000000000199 ) ) ;
#536 = CARTESIAN_POINT ( 'NONE',  ( 6.876579746415940164, 21.80840284030967879, -11.49999999999999822 ) ) ;
#537 = CARTESIAN_POINT ( 'NONE',  ( 4.408171892307494844, 22.26854095515639997, -11.49000000000000199 ) ) ;
#538 = VERTEX_POINT ( 'NONE', #2744 ) ;
#539 = CARTESIAN_POINT ( 'NONE',  ( 6.593477191016892114, 21.51841372079043424, -11.48999999999999666 ) ) ;
#540 = CARTESIAN_POINT ( 'NONE',  ( 1.503092071677253116, 16.46430965963239501, -11.50000000000000178 ) ) ;
#541 = CARTESIAN_POINT ( 'NONE',  ( 6.150000000000004796, 20.09963715492169456, -11.50000000000000000 ) ) ;
#542 = EDGE_LOOP ( 'NONE', ( #5440, #174, #2505, #4436, #6455, #6093, #2949, #3865, #2737, #2960, #2456, #5798, #614, #4340, #531 ) ) ;
#543 = CARTESIAN_POINT ( 'NONE',  ( 15.34101562500000782, 22.27463715492169172, -11.50000000000000000 ) ) ;
#544 = CARTESIAN_POINT ( 'NONE',  ( -14.84907484121891841, 22.27286588525983291, -11.49000000000000021 ) ) ;
#545 = CARTESIAN_POINT ( 'NONE',  ( 9.334363265969326307, 20.53525498882111933, -11.49000000000000377 ) ) ;
#546 = CARTESIAN_POINT ( 'NONE',  ( -18.50000000000000000, 32.50000000000000000, 0.000000000000000000 ) ) ;
#547 = FACE_OUTER_BOUND ( 'NONE', #6029, .T. ) ;
#548 = CARTESIAN_POINT ( 'NONE',  ( -16.25644042258373290, 30.50000000000000355, -9.500000000000000000 ) ) ;
#549 = CARTESIAN_POINT ( 'NONE',  ( -10.57288755515223855, 21.10632152843301768, -11.49000000000000021 ) ) ;
#550 = EDGE_CURVE ( 'NONE', #3157, #6057, #4325, .T. ) ;
#551 = CARTESIAN_POINT ( 'NONE',  ( 14.88703448171409072, 22.08856147267063719, -11.49999999999999822 ) ) ;
#552 = CARTESIAN_POINT ( 'NONE',  ( -15.37500000000000355, 21.56682465492170664, -11.50000000000000000 ) ) ;
#553 = CARTESIAN_POINT ( 'NONE',  ( -8.135349705920312147, 16.27615253028747944, -11.48999999999999844 ) ) ;
#554 = LINE ( 'NONE', #454, #3833 ) ;
#555 = CARTESIAN_POINT ( 'NONE',  ( -4.251148630129781836, 22.23639643536670008, -11.50000000000000000 ) ) ;
#556 = VERTEX_POINT ( 'NONE', #2843 ) ;
#557 = DIRECTION ( 'NONE',  ( -0.000000000000000000, -0.000000000000000000, -1.000000000000000000 ) ) ;
#558 = ADVANCED_FACE ( 'NONE', ( #4888 ), #3599, .T. ) ;
#559 = CARTESIAN_POINT ( 'NONE',  ( 1.008832239501081807, 22.26910257989773712, -11.50000000000000000 ) ) ;
#560 = DIRECTION ( 'NONE',  ( -0.2729569223556483903, 0.9620262566781285773, 0.000000000000000000 ) ) ;
#561 = LINE ( 'NONE', #4461, #5828 ) ;
#562 = CARTESIAN_POINT ( 'NONE',  ( 14.42273208467083734, 18.09813800467484413, -11.49999999999998579 ) ) ;
#563 = ORIENTED_EDGE ( 'NONE', *, *, #1063, .F. ) ;
#564 = VECTOR ( 'NONE', #774, 1000.000000000000000 ) ;
#565 = ORIENTED_EDGE ( 'NONE', *, *, #4811, .F. ) ;
#566 = CARTESIAN_POINT ( 'NONE',  ( -9.470641552191562340, 22.15100751239874555, -11.48999999999999666 ) ) ;
#567 = ORIENTED_EDGE ( 'NONE', *, *, #2671, .F. ) ;
#568 = CARTESIAN_POINT ( 'NONE',  ( 13.04400432084367623, 22.14907053787912972, -11.50000000000000355 ) ) ;
#569 = CARTESIAN_POINT ( 'NONE',  ( 4.145924946380954879, 22.17514465346754449, -11.48999999999999666 ) ) ;
#570 = VERTEX_POINT ( 'NONE', #3940 ) ;
#571 = CARTESIAN_POINT ( 'NONE',  ( 13.19896251363819495, 21.91786500217352796, -11.49000000000000199 ) ) ;
#572 = VECTOR ( 'NONE', #3712, 1000.000000000000000 ) ;
#573 = CARTESIAN_POINT ( 'NONE',  ( -2.625000000000002220, 20.18752777992169811, -11.50000000000000000 ) ) ;
#574 = DIRECTION ( 'NONE',  ( 5.206707668579788962E-14, -3.739789574593973184E-13, -1.000000000000000000 ) ) ;
#575 = ORIENTED_EDGE ( 'NONE', *, *, #6063, .T. ) ;
#576 = DIRECTION ( 'NONE',  ( -0.000000000000000000, -0.000000000000000000, -1.000000000000000000 ) ) ;
#577 = VECTOR ( 'NONE', #471, 1000.000000000000000 ) ;
#578 = CARTESIAN_POINT ( 'NONE',  ( 9.149436068719250414, 20.99758485995781143, -11.49999999999999289 ) ) ;
#579 = CARTESIAN_POINT ( 'NONE',  ( -10.58802372573859429, 19.11542728239666644, -11.49000000000000021 ) ) ;
#580 = ORIENTED_EDGE ( 'NONE', *, *, #2543, .T. ) ;
#581 = CONICAL_SURFACE ( 'NONE', #1114, 1.250000000000001110, 0.7853981633974517207 ) ;
#582 = CARTESIAN_POINT ( 'NONE',  ( -8.899391913865002834, 19.37794772099131535, -11.49000000000000199 ) ) ;
#583 = CARTESIAN_POINT ( 'NONE',  ( -10.87500000000000178, 20.10549652992169811, -11.49000000000000021 ) ) ;
#584 = CARTESIAN_POINT ( 'NONE',  ( 4.694158452704400020, 22.26927404838854940, -11.50000000000000711 ) ) ;
#585 = CIRCLE ( 'NONE', #4253, 2.299999999999999822 ) ;
#586 = EDGE_CURVE ( 'NONE', #2704, #1888, #5330, .T. ) ;
#587 = CARTESIAN_POINT ( 'NONE',  ( 17.49999999999999645, 8.500000000000000000, -9.500000000000000000 ) ) ;
#588 = CARTESIAN_POINT ( 'NONE',  ( -6.557632891912091644, 21.26193617631491506, -11.49000000000000021 ) ) ;
#589 = EDGE_CURVE ( 'NONE', #1029, #5346, #5043, .T. ) ;
#590 = CARTESIAN_POINT ( 'NONE',  ( -4.397051897998232484, 22.25896382419193031, -11.49000000000000199 ) ) ;
#591 = ORIENTED_EDGE ( 'NONE', *, *, #3478, .F. ) ;
#592 = CARTESIAN_POINT ( 'NONE',  ( 4.124999999999998224, 20.39963715492169527, -11.49000000000000021 ) ) ;
#593 = CARTESIAN_POINT ( 'NONE',  ( 0.8999999999999984679, 22.27463715492169172, -11.50000000000000000 ) ) ;
#594 = LINE ( 'NONE', #2593, #1946 ) ;
#595 = CARTESIAN_POINT ( 'NONE',  ( 12.63867187500000711, 22.27463715492169172, -11.49000000000000021 ) ) ;
#596 = ADVANCED_FACE ( 'NONE', ( #1379 ), #6402, .T. ) ;
#597 = LINE ( 'NONE', #4012, #5935 ) ;
#598 = VERTEX_POINT ( 'NONE', #3413 ) ;
#599 = ORIENTED_EDGE ( 'NONE', *, *, #2952, .F. ) ;
#600 = CARTESIAN_POINT ( 'NONE',  ( -2.758924034649033796, 19.44092828958730124, -11.49999999999999289 ) ) ;
#601 = ORIENTED_EDGE ( 'NONE', *, *, #356, .F. ) ;
#602 = CARTESIAN_POINT ( 'NONE',  ( 16.59015127196695971, 17.92573635881845462, -11.49000000000000021 ) ) ;
#603 = CARTESIAN_POINT ( 'NONE',  ( -15.37500000000000355, 17.39963715492170238, -11.49000000000000021 ) ) ;
#604 = CARTESIAN_POINT ( 'NONE',  ( -3.675000000000002487, 20.30471527992169811, -11.49000000000000021 ) ) ;
#605 = CARTESIAN_POINT ( 'NONE',  ( 17.49999999999999645, 8.500000000000000000, 0.000000000000000000 ) ) ;
#606 = CARTESIAN_POINT ( 'NONE',  ( -6.183109231620428581, 20.40073318597302432, -11.49999999999999645 ) ) ;
#607 = B_SPLINE_SURFACE_WITH_KNOTS ( 'NONE', 3, 1, ( 
 ( #655, #2043 ),
 ( #165, #1155 ),
 ( #6151, #4173 ),
 ( #1025, #5102 ),
 ( #1056, #3553 ),
 ( #101, #5565 ),
 ( #3053, #2524 ),
 ( #3652, #3022 ),
 ( #5064, #559 ),
 ( #130, #4618 ),
 ( #6053, #593 ) ),
 .UNSPECIFIED., .F., .F., .F.,
 ( 4, 1, 1, 1, 1, 1, 1, 1, 4 ),
 ( 2, 2 ),
 ( 0.000000000000000000, 0.1616195376548245632, 0.3061485460751108278, 0.4339200094182578127, 0.5535782189349170990, 0.6659759716831326060, 0.7755952180477280189, 0.8845927291216275634, 1.000000000000000000 ),
 ( 0.000000000000000000, 1.000000000000000000 ),
 .UNSPECIFIED. ) ;
#608 = ORIENTED_EDGE ( 'NONE', *, *, #3430, .T. ) ;
#609 = CARTESIAN_POINT ( 'NONE',  ( -14.25404410730376092, 21.72871566181355618, -11.50000000000000533 ) ) ;
#610 = CARTESIAN_POINT ( 'NONE',  ( 9.149436068719250414, 20.99758485995781143, -11.48999999999999844 ) ) ;
#611 = CARTESIAN_POINT ( 'NONE',  ( -3.675000000000002487, 20.30471527992169811, -11.49000000000000021 ) ) ;
#612 = PLANE ( 'NONE',  #1626 ) ;
#613 = EDGE_CURVE ( 'NONE', #1993, #3261, #1944, .T. ) ;
#614 = ORIENTED_EDGE ( 'NONE', *, *, #4937, .F. ) ;
#615 = EDGE_LOOP ( 'NONE', ( #1113, #4830, #1297, #5862 ) ) ;
#616 = CARTESIAN_POINT ( 'NONE',  ( -9.829687500000002132, 18.74963715492169669, -11.49000000000000021 ) ) ;
#617 = CARTESIAN_POINT ( 'NONE',  ( -10.74675990051817287, 19.38947832300114271, -11.49999999999999645 ) ) ;
#618 = CARTESIAN_POINT ( 'NONE',  ( 8.126290149640942317, 18.75406505505996790, -11.49000000000000021 ) ) ;
#619 = EDGE_CURVE ( 'NONE', #1873, #6446, #4932, .T. ) ;
#620 = CARTESIAN_POINT ( 'NONE',  ( -3.090216484405088782, 21.57014439761217517, -11.49000000000000377 ) ) ;
#621 = PLANE ( 'NONE',  #473 ) ;
#622 = EDGE_CURVE ( 'NONE', #4533, #6060, #3744, .T. ) ;
#623 = CARTESIAN_POINT ( 'NONE',  ( 6.475916560188448301, 21.35152559102378689, -11.49000000000000732 ) ) ;
#624 = CARTESIAN_POINT ( 'NONE',  ( 8.281640625000004974, 17.92463715492169385, -11.49000000000000021 ) ) ;
#625 = LINE ( 'NONE', #2625, #4242 ) ;
#626 = CARTESIAN_POINT ( 'NONE',  ( 13.28376753509783370, 18.71090018480014550, -11.50000000000000355 ) ) ;
#627 = VERTEX_POINT ( 'NONE', #1338 ) ;
#628 = EDGE_LOOP ( 'NONE', ( #1794, #5769, #5638, #4282 ) ) ;
#629 = CARTESIAN_POINT ( 'NONE',  ( -9.239051575198530486, 22.03343905326714136, -11.48999999999999844 ) ) ;
#630 = CARTESIAN_POINT ( 'NONE',  ( -7.651666075856811133, 21.70563348504878576, -11.50000000000000178 ) ) ;
#631 = CARTESIAN_POINT ( 'NONE',  ( 4.503277247671515049, 22.27255154790667291, -11.49000000000000021 ) ) ;
#632 = ADVANCED_FACE ( 'NONE', ( #3243 ), #1331, .T. ) ;
#633 = ORIENTED_EDGE ( 'NONE', *, *, #97, .F. ) ;
#634 = DIRECTION ( 'NONE',  ( 0.000000000000000000, 1.000000000000000000, 0.000000000000000000 ) ) ;
#635 = CARTESIAN_POINT ( 'NONE',  ( -6.659232681935821851, 20.80299590856220249, -11.49000000000000021 ) ) ;
#636 = CARTESIAN_POINT ( 'NONE',  ( 15.95378361361436959, 21.81154044396455660, -11.49999999999999645 ) ) ;
#637 = ORIENTED_EDGE ( 'NONE', *, *, #5127, .T. ) ;
#638 = CARTESIAN_POINT ( 'NONE',  ( -12.44819391573342848, 16.62959533379190802, -11.50000000000000000 ) ) ;
#639 = CARTESIAN_POINT ( 'NONE',  ( -15.03745510055063406, 22.23531663259198154, -11.49000000000000377 ) ) ;
#640 = CARTESIAN_POINT ( 'NONE',  ( 13.98164062500000604, 17.92463715492169385, -11.50000000000000000 ) ) ;
#641 = CARTESIAN_POINT ( 'NONE',  ( 8.281640625000004974, 21.44963715492169243, -11.49000000000000021 ) ) ;
#642 = DIRECTION ( 'NONE',  ( -0.3259373945820195906, 0.9453913553725170615, 0.000000000000000000 ) ) ;
#643 = DIRECTION ( 'NONE',  ( -0.5518787956724658939, -0.8339243340298378993, 0.000000000000000000 ) ) ;
#644 = ORIENTED_EDGE ( 'NONE', *, *, #825, .F. ) ;
#645 = ORIENTED_EDGE ( 'NONE', *, *, #4551, .F. ) ;
#646 = CARTESIAN_POINT ( 'NONE',  ( -8.792269071797925051, 19.71492165504826133, -11.49000000000000199 ) ) ;
#647 = LINE ( 'NONE', #3609, #1940 ) ;
#648 = CARTESIAN_POINT ( 'NONE',  ( 7.200000000000005507, 20.10198090492169953, -11.49000000000000199 ) ) ;
#649 = EDGE_CURVE ( 'NONE', #4308, #694, #3638, .T. ) ;
#650 = CARTESIAN_POINT ( 'NONE',  ( 0.3749999999999983902, 21.60198090492169243, -11.49000000000000021 ) ) ;
#651 = B_SPLINE_CURVE_WITH_KNOTS ( 'NONE', 3,
 ( #5415, #1443, #6001, #5447, #5969, #6393, #910, #2903, #5939, #413, #5901 ),
 .UNSPECIFIED., .F., .F.,
 ( 4, 1, 1, 1, 1, 1, 1, 1, 4 ),
 ( 0.000000000000000000, 0.1198828408782563887, 0.2320440428837509395, 0.3389948249441288586, 0.4499042468325325506, 0.5666401362546901188, 0.6945235824309358152, 0.8369091556675993804, 0.9999999999999998890 ),
 .UNSPECIFIED. ) ;
#652 = CARTESIAN_POINT ( 'NONE',  ( -3.715738305671092867, 22.06192297662389379, -11.49000000000000021 ) ) ;
#653 = CARTESIAN_POINT ( 'NONE',  ( -4.059173272649451825, 19.33015872219062459, -11.48999999999999844 ) ) ;
#654 = FACE_OUTER_BOUND ( 'NONE', #3600, .T. ) ;
#655 = CARTESIAN_POINT ( 'NONE',  ( 1.424999999999998490, 21.60549652992169456, -11.49000000000000021 ) ) ;
#656 = B_SPLINE_SURFACE_WITH_KNOTS ( 'NONE', 3, 1, ( 
 ( #4211, #1647 ),
 ( #1192, #1255 ),
 ( #3249, #6127 ),
 ( #3660, #1618 ),
 ( #3629, #5636 ),
 ( #1132, #697 ),
 ( #4695, #4822 ),
 ( #1844, #3842 ),
 ( #4637, #2183 ),
 ( #1755, #5738 ),
 ( #3759, #1236 ) ),
 .UNSPECIFIED., .F., .F., .F.,
 ( 4, 1, 1, 1, 1, 1, 1, 1, 4 ),
 ( 2, 2 ),
 ( 0.000000000000000000, 0.1624462383803301213, 0.3068042622769462935, 0.4351149757490645475, 0.5513211882827103727, 0.6601349943945631349, 0.7677456018977869556, 0.8790418766546687079, 1.000000000000000000 ),
 ( 0.000000000000000000, 1.000000000000000000 ),
 .UNSPECIFIED. ) ;
#657 = CARTESIAN_POINT ( 'NONE',  ( 4.271977489824908325, 22.23288252010564392, -11.50000000000000355 ) ) ;
#658 = FACE_BOUND ( 'NONE', #2600, .T. ) ;
#659 = ORIENTED_EDGE ( 'NONE', *, *, #1217, .F. ) ;
#660 = CARTESIAN_POINT ( 'NONE',  ( -2.625000000000002220, 20.18752777992169811, -11.49000000000000021 ) ) ;
#661 = CARTESIAN_POINT ( 'NONE',  ( -7.681228422348604923, 21.92462979147017421, -11.48999999999999666 ) ) ;
#662 = ORIENTED_EDGE ( 'NONE', *, *, #5720, .F. ) ;
#663 = CARTESIAN_POINT ( 'NONE',  ( 0.3885671984234903009, 16.87571053512525410, -11.49000000000000199 ) ) ;
#664 = EDGE_CURVE ( 'NONE', #1080, #474, #5995, .T. ) ;
#665 = DIRECTION ( 'NONE',  ( 0.000000000000000000, -1.000000000000000000, 0.000000000000000000 ) ) ;
#666 = CARTESIAN_POINT ( 'NONE',  ( 9.303920161294756852, 19.53449771710463878, -11.49999999999999645 ) ) ;
#667 = VECTOR ( 'NONE', #4401, 1000.000000000000000 ) ;
#668 = EDGE_CURVE ( 'NONE', #1565, #538, #4605, .T. ) ;
#669 = LINE ( 'NONE', #3785, #2340 ) ;
#670 = CARTESIAN_POINT ( 'NONE',  ( -17.25000000000000711, 16.91448090492170664, -11.50000000000000178 ) ) ;
#671 = CARTESIAN_POINT ( 'NONE',  ( -8.700000000000001066, 21.55862152992169811, -11.49000000000000021 ) ) ;
#672 = CARTESIAN_POINT ( 'NONE',  ( -21.50000000000000000, 29.50000000000000355, -11.50000000000000000 ) ) ;
#673 = AXIS2_PLACEMENT_3D ( 'NONE', #2065, #18, #509 ) ;
#674 = CARTESIAN_POINT ( 'NONE',  ( 10.90951292977458387, 18.57456085419350345, -11.49000000000000199 ) ) ;
#675 = CARTESIAN_POINT ( 'NONE',  ( -5.999701318474866873, 19.70297419620044010, -11.49000000000000021 ) ) ;
#676 = ORIENTED_EDGE ( 'NONE', *, *, #981, .T. ) ;
#677 = AXIS2_PLACEMENT_3D ( 'NONE', #493, #528, #2525 ) ;
#678 = CARTESIAN_POINT ( 'NONE',  ( -9.290032555609498033, 18.90767562850403749, -11.49999999999999645 ) ) ;
#679 = CARTESIAN_POINT ( 'NONE',  ( -10.87377215218690196, 20.17474544740123932, -11.49000000000000377 ) ) ;
#680 = CARTESIAN_POINT ( 'NONE',  ( -17.25000000000000711, 16.91448090492170664, -11.49000000000000199 ) ) ;
#681 = AXIS2_PLACEMENT_3D ( 'NONE', #6161, #1751, #3192 ) ;
#682 = CARTESIAN_POINT ( 'NONE',  ( 11.95072247961044276, 21.62909749889684718, -11.50000000000000355 ) ) ;
#683 = CARTESIAN_POINT ( 'NONE',  ( -4.059173272649451825, 19.33015872219062459, -11.49999999999999467 ) ) ;
#684 = CARTESIAN_POINT ( 'NONE',  ( 4.864489993417287828, 16.31259690574108845, -11.50000000000000000 ) ) ;
#685 = EDGE_CURVE ( 'NONE', #1290, #556, #25, .T. ) ;
#686 = DIRECTION ( 'NONE',  ( -0.000000000000000000, -1.000000000000000000, -0.000000000000000000 ) ) ;
#687 = AXIS2_PLACEMENT_3D ( 'NONE', #3806, #5874, #5360 ) ;
#688 = CARTESIAN_POINT ( 'NONE',  ( 0.5980651125045849392, 16.44559613370829254, -11.48999999999999844 ) ) ;
#689 = CARTESIAN_POINT ( 'NONE',  ( -2.815604608661716135, 16.68173815301979701, -11.50000000000000355 ) ) ;
#690 = VECTOR ( 'NONE', #818, 1000.000000000000000 ) ;
#691 = DIRECTION ( 'NONE',  ( 0.000000000000000000, 0.000000000000000000, -1.000000000000000000 ) ) ;
#692 = CARTESIAN_POINT ( 'NONE',  ( 8.919912428387313241, 21.24975857824126635, -11.49000000000000732 ) ) ;
#693 = CARTESIAN_POINT ( 'NONE',  ( -10.85298606657232234, 18.06203926173310492, -11.50000000000000355 ) ) ;
#694 = VERTEX_POINT ( 'NONE', #3104 ) ;
#695 = CARTESIAN_POINT ( 'NONE',  ( -16.65703125000000284, 17.39963715492170238, -11.49999999999999822 ) ) ;
#696 = AXIS2_PLACEMENT_3D ( 'NONE', #2909, #6009, #3333 ) ;
#697 = CARTESIAN_POINT ( 'NONE',  ( -8.567756777384131439, 16.44860811010223145, -11.49999999999999822 ) ) ;
#698 = EDGE_LOOP ( 'NONE', ( #3916, #2174, #727, #3474 ) ) ;
#699 = CARTESIAN_POINT ( 'NONE',  ( 15.22795236910491745, 22.26970169910728004, -11.48999999999999844 ) ) ;
#700 = LINE ( 'NONE', #3130, #2348 ) ;
#701 = ADVANCED_FACE ( 'NONE', ( #1075 ), #6360, .T. ) ;
#702 = CARTESIAN_POINT ( 'NONE',  ( 9.374141560286401997, 20.04999761399213298, -11.49999999999999822 ) ) ;
#703 = CARTESIAN_POINT ( 'NONE',  ( -4.687500000000002665, 21.52463715492169882, -11.49000000000000021 ) ) ;
#704 = CARTESIAN_POINT ( 'NONE',  ( -2.937188643478044980, 21.35729660627103854, -11.50000000000000000 ) ) ;
#705 = CARTESIAN_POINT ( 'NONE',  ( 14.09250378377601010, 17.92789537974331182, -11.50000000000000178 ) ) ;
#706 = CARTESIAN_POINT ( 'NONE',  ( 9.982302117551995480, 18.67851055476619138, -11.49000000000000377 ) ) ;
#707 = CARTESIAN_POINT ( 'NONE',  ( -6.228111042179024892, 21.74282246962721388, -11.50000000000000178 ) ) ;
#709 = PLANE ( 'NONE',  #4984 ) ;
#708 = B_SPLINE_CURVE_WITH_KNOTS ( 'NONE', 3,
 ( #3001, #5044, #1070, #5115, #4501, #1136, #6130 ),
 .UNSPECIFIED., .F., .F.,
 ( 4, 1, 1, 1, 4 ),
 ( 0.000000000000000000, 0.08977327424523021127, 0.2835811563816847403, 0.5900183244040019259, 1.000000000000000000 ),
 .UNSPECIFIED. ) ;
#710 = EDGE_LOOP ( 'NONE', ( #69, #1923, #5575, #1361 ) ) ;
#711 = CARTESIAN_POINT ( 'NONE',  ( 7.399486491256614507, 20.96045347446147034, -11.48999999999999844 ) ) ;
#712 = CARTESIAN_POINT ( 'NONE',  ( -12.83159102757657877, 16.42817730693538536, -11.49000000000000021 ) ) ;
#713 = CARTESIAN_POINT ( 'NONE',  ( 7.489410526928364398, 19.10354926661644015, -11.48999999999999844 ) ) ;
#714 = CARTESIAN_POINT ( 'NONE',  ( 8.281640625000004974, 22.27463715492169172, -11.49000000000000021 ) ) ;
#715 = EDGE_CURVE ( 'NONE', #843, #843, #1822, .T. ) ;
#716 = CARTESIAN_POINT ( 'NONE',  ( -6.482812500000002309, 18.96994965492169527, -11.49000000000000021 ) ) ;
#717 = CARTESIAN_POINT ( 'NONE',  ( -3.675000000000002487, 20.30471527992169811, -11.49000000000000021 ) ) ;
#718 = LINE ( 'NONE', #1606, #984 ) ;
#719 = CARTESIAN_POINT ( 'NONE',  ( 6.155536353556755103, 20.33234832607919884, -11.49000000000000021 ) ) ;
#720 = CARTESIAN_POINT ( 'NONE',  ( 9.375000000000005329, 20.10198090492169598, -11.49999999999998934 ) ) ;
#721 = LINE ( 'NONE', #3178, #1103 ) ;
#722 = CARTESIAN_POINT ( 'NONE',  ( 8.281640625000004974, 17.92463715492169385, -11.49000000000000021 ) ) ;
#723 = CARTESIAN_POINT ( 'NONE',  ( -7.650000000000001243, 21.65705902992169740, -11.50000000000000000 ) ) ;
#724 = CARTESIAN_POINT ( 'NONE',  ( 13.31268599063310987, 18.61210980728615993, -11.49000000000000199 ) ) ;
#725 = CARTESIAN_POINT ( 'NONE',  ( 9.375000000000005329, 20.10198090492169598, -11.49000000000000021 ) ) ;
#726 = CARTESIAN_POINT ( 'NONE',  ( -5.455078125000002665, 16.42463715492170095, -11.49000000000000021 ) ) ;
#727 = ORIENTED_EDGE ( 'NONE', *, *, #1467, .T. ) ;
#728 = CARTESIAN_POINT ( 'NONE',  ( 16.50000000000000000, 0.000000000000000000, -6.499999999999997335 ) ) ;
#729 = CARTESIAN_POINT ( 'NONE',  ( 0.000000000000000000, 32.50000000000000000, -11.50000000000000000 ) ) ;
#730 = CARTESIAN_POINT ( 'NONE',  ( 16.99547017043334307, 18.81739572709903285, -11.49000000000000199 ) ) ;
#731 = VERTEX_POINT ( 'NONE', #6256 ) ;
#732 = DIRECTION ( 'NONE',  ( 1.000000000000000000, 0.000000000000000000, 0.000000000000000000 ) ) ;
#733 = CYLINDRICAL_SURFACE ( 'NONE', #261, 2.999999999999999112 ) ;
#734 = CARTESIAN_POINT ( 'NONE',  ( 8.402049901300204127, 18.75317799646351702, -11.49999999999999822 ) ) ;
#735 = DIRECTION ( 'NONE',  ( -0.000000000000000000, -0.000000000000000000, -1.000000000000000000 ) ) ;
#736 = CARTESIAN_POINT ( 'NONE',  ( -4.666703040600180152, 18.31856002690911822, -11.49000000000000199 ) ) ;
#737 = CARTESIAN_POINT ( 'NONE',  ( 11.82157030913059437, 18.28903783219836043, -11.49000000000000377 ) ) ;
#738 = DIRECTION ( 'NONE',  ( 1.000000000000000000, 0.000000000000000000, 0.000000000000000000 ) ) ;
#739 = B_SPLINE_CURVE_WITH_KNOTS ( 'NONE', 3,
 ( #4651, #3708, #6149, #1640, #1152, #2169, #4171, #4810, #2774, #4286, #6267 ),
 .UNSPECIFIED., .F., .F.,
 ( 4, 1, 1, 1, 1, 1, 1, 1, 4 ),
 ( 0.000000000000000000, 0.1169864028617005614, 0.2315443832155505699, 0.3524986661098159502, 0.4808995821846775431, 0.6107285130799822159, 0.7373449993414444847, 0.8652970311322093488, 1.000000000000000000 ),
 .UNSPECIFIED. ) ;
#740 = CARTESIAN_POINT ( 'NONE',  ( -5.456078660943576075, 19.40649610166772021, -11.49999999999999645 ) ) ;
#741 = ORIENTED_EDGE ( 'NONE', *, *, #3394, .T. ) ;
#742 = CARTESIAN_POINT ( 'NONE',  ( 9.357686510925269374, 18.16488688638719751, -11.49999999999999645 ) ) ;
#743 = FACE_OUTER_BOUND ( 'NONE', #3323, .T. ) ;
#744 = DIRECTION ( 'NONE',  ( -0.000000000000000000, -0.000000000000000000, -1.000000000000000000 ) ) ;
#745 = CARTESIAN_POINT ( 'NONE',  ( 1.419980295792911518, 21.75506003651286591, -11.49000000000000021 ) ) ;
#746 = EDGE_CURVE ( 'NONE', #1960, #3985, #5764, .T. ) ;
#747 = CARTESIAN_POINT ( 'NONE',  ( -9.829687500000002132, 18.74963715492169669, -11.49000000000000021 ) ) ;
#748 = DIRECTION ( 'NONE',  ( 0.1704514661610548321, -0.9853660729310436128, 0.000000000000000000 ) ) ;
#749 = EDGE_CURVE ( 'NONE', #2437, #6473, #799, .T. ) ;
#750 = CARTESIAN_POINT ( 'NONE',  ( 9.003103298529818943, 19.02219998715845151, -11.49999999999999467 ) ) ;
#751 = CARTESIAN_POINT ( 'NONE',  ( 0.4753182779646180078, 16.59221574932976040, -11.49000000000000199 ) ) ;
#752 = CARTESIAN_POINT ( 'NONE',  ( 8.744564583403981572, 17.96146060564673519, -11.50000000000000355 ) ) ;
#753 = CARTESIAN_POINT ( 'NONE',  ( -9.239051575198530486, 22.03343905326714136, -11.49999999999999822 ) ) ;
#754 = CARTESIAN_POINT ( 'NONE',  ( 9.165875709068485477, 22.12369967496892897, -11.49999999999998224 ) ) ;
#755 = CARTESIAN_POINT ( 'NONE',  ( -17.24503552687892594, 17.01660548872045453, -11.48999999999999666 ) ) ;
#756 = CARTESIAN_POINT ( 'NONE',  ( -9.821484375000004263, 21.44963715492169953, -11.50000000000000178 ) ) ;
#757 = ORIENTED_EDGE ( 'NONE', *, *, #2990, .F. ) ;
#758 = CARTESIAN_POINT ( 'NONE',  ( 13.98164062500000604, 17.92463715492169385, -11.50000000000000000 ) ) ;
#759 = CARTESIAN_POINT ( 'NONE',  ( -6.466631145938009695, 20.47505413184716261, -11.50000000000000000 ) ) ;
#760 = CYLINDRICAL_SURFACE ( 'NONE', #681, 0.5000000000000004441 ) ;
#761 = CARTESIAN_POINT ( 'NONE',  ( -5.343467871011468695, 22.21260215394732640, -11.49000000000000021 ) ) ;
#762 = DIRECTION ( 'NONE',  ( -0.000000000000000000, -0.000000000000000000, -1.000000000000000000 ) ) ;
#763 = CARTESIAN_POINT ( 'NONE',  ( 16.62070312500000924, 17.92463715492169740, -11.50000000000000178 ) ) ;
#764 = PLANE ( 'NONE',  #3939 ) ;
#765 = VECTOR ( 'NONE', #4265, 1000.000000000000000 ) ;
#766 = CARTESIAN_POINT ( 'NONE',  ( -2.783786530196419751, 16.91234356718146614, -11.50000000000000178 ) ) ;
#767 = ORIENTED_EDGE ( 'NONE', *, *, #5099, .F. ) ;
#768 = ORIENTED_EDGE ( 'NONE', *, *, #2304, .T. ) ;
#769 = ORIENTED_EDGE ( 'NONE', *, *, #6283, .T. ) ;
#770 = CARTESIAN_POINT ( 'NONE',  ( -8.761507307021147994, 20.17746457291966067, -11.49000000000000021 ) ) ;
#771 = VECTOR ( 'NONE', #4025, 1000.000000000000000 ) ;
#772 = CARTESIAN_POINT ( 'NONE',  ( -12.37267274801646977, 16.81178080255729412, -11.48999999999999666 ) ) ;
#773 = CARTESIAN_POINT ( 'NONE',  ( 0.3885671984234903009, 16.87571053512525410, -11.50000000000000178 ) ) ;
#774 = DIRECTION ( 'NONE',  ( -0.000000000000000000, -0.000000000000000000, -1.000000000000000000 ) ) ;
#775 = CARTESIAN_POINT ( 'NONE',  ( -15.29173676146719529, 21.99883603846322089, -11.50000000000000178 ) ) ;
#776 = CARTESIAN_POINT ( 'NONE',  ( 6.151715332939258651, 20.02025101726003342, -11.50000000000000178 ) ) ;
#777 = VECTOR ( 'NONE', #1581, 1000.000000000000000 ) ;
#778 = EDGE_CURVE ( 'NONE', #5770, #5467, #2246, .T. ) ;
#779 = CARTESIAN_POINT ( 'NONE',  ( 9.003103298529818943, 19.02219998715845151, -11.49000000000000554 ) ) ;
#780 = CARTESIAN_POINT ( 'NONE',  ( 5.174999999999998934, 21.51057465492169385, -11.49000000000000021 ) ) ;
#781 = CARTESIAN_POINT ( 'NONE',  ( 8.227964143621068871, 21.44767328375080595, -11.49000000000000199 ) ) ;
#782 = AXIS2_PLACEMENT_3D ( 'NONE', #2661, #175, #208 ) ;
#783 = LINE ( 'NONE', #1221, #6249 ) ;
#784 = VERTEX_POINT ( 'NONE', #4157 ) ;
#785 = CARTESIAN_POINT ( 'NONE',  ( 7.709679548842720109, 18.90475097457477816, -11.49999999999999822 ) ) ;
#786 = DIRECTION ( 'NONE',  ( -0.000000000000000000, -0.000000000000000000, -1.000000000000000000 ) ) ;
#787 = VECTOR ( 'NONE', #3930, 1000.000000000000000 ) ;
#788 = CARTESIAN_POINT ( 'NONE',  ( 1.202988555676120841, 22.18102602668184176, -11.50000000000000178 ) ) ;
#789 = FACE_OUTER_BOUND ( 'NONE', #4503, .T. ) ;
#790 = CARTESIAN_POINT ( 'NONE',  ( -10.73828661113046756, 20.83757042758015388, -11.49000000000000021 ) ) ;
#791 = ORIENTED_EDGE ( 'NONE', *, *, #4046, .F. ) ;
#792 = CARTESIAN_POINT ( 'NONE',  ( 4.124999999999998224, 20.39963715492169527, -11.49000000000000021 ) ) ;
#793 = EDGE_CURVE ( 'NONE', #1680, #2051, #4562, .T. ) ;
#794 = CARTESIAN_POINT ( 'NONE',  ( 12.72025283575570498, 22.27281997554089799, -11.49999999999999822 ) ) ;
#795 = LINE ( 'NONE', #210, #5308 ) ;
#796 = CARTESIAN_POINT ( 'NONE',  ( -4.151403305691701462, 21.36916494720013660, -11.49000000000000021 ) ) ;
#797 = B_SPLINE_SURFACE_WITH_KNOTS ( 'NONE', 3, 1, ( 
 ( #4876, #5838 ),
 ( #376, #2803 ),
 ( #5898, #3399 ),
 ( #5410, #2899 ),
 ( #1963, #313 ),
 ( #4908, #5353 ),
 ( #410, #4409 ),
 ( #2313, #6421 ),
 ( #5444, #3958 ),
 ( #4809, #937 ),
 ( #2933, #4942 ),
 ( #4313, #6324 ),
 ( #1831, #3829 ),
 ( #1335, #2544 ),
 ( #2028, #3994 ),
 ( #1596, #4028 ),
 ( #478, #3106 ),
 ( #971, #3503 ),
 ( #2578, #3604 ) ),
 .UNSPECIFIED., .F., .F., .F.,
 ( 4, 1, 1, 1, 1, 1, 1, 1, 1, 1, 1, 1, 1, 1, 1, 1, 4 ),
 ( 2, 2 ),
 ( 0.000000000000000000, 0.07778018943677504626, 0.1510232293576441454, 0.2209855666100206950, 0.2875679589982060858, 0.3514744232845146144, 0.4133606035699634029, 0.4737235811601125390, 0.5333242863676246337, 0.5917138000299403400, 0.6490525429293625415, 0.7052803139673977650, 0.7613368256334742679, 0.8184095501551007512, 0.8765961343516576187, 0.9370873198820827144, 1.000000000000000000 ),
 ( 0.000000000000000000, 1.000000000000000000 ),
 .UNSPECIFIED. ) ;
#798 = ORIENTED_EDGE ( 'NONE', *, *, #5882, .T. ) ;
#799 = LINE ( 'NONE', #3788, #3715 ) ;
#800 = CARTESIAN_POINT ( 'NONE',  ( 6.478384336949902789, 18.83469517903398582, -11.48999999999999844 ) ) ;
#801 = CARTESIAN_POINT ( 'NONE',  ( -11.01987118588602321, 22.02469944381719813, -11.49000000000000021 ) ) ;
#802 = CARTESIAN_POINT ( 'NONE',  ( -4.956022480473861513, 19.14295339970975007, -11.49999999999999112 ) ) ;
#803 = ORIENTED_EDGE ( 'NONE', *, *, #3453, .F. ) ;
#804 = ORIENTED_EDGE ( 'NONE', *, *, #2929, .T. ) ;
#805 = ORIENTED_EDGE ( 'NONE', *, *, #914, .T. ) ;
#806 = CARTESIAN_POINT ( 'NONE',  ( 9.537003382638534532, 18.26744206656223213, -11.49999999999999822 ) ) ;
#807 = CARTESIAN_POINT ( 'NONE',  ( -12.44819391573342848, 16.62959533379190802, -11.49999999999999822 ) ) ;
#808 = EDGE_CURVE ( 'NONE', #5608, #4341, #180, .T. ) ;
#809 = LINE ( 'NONE', #2804, #1814 ) ;
#810 = CARTESIAN_POINT ( 'NONE',  ( 6.296429384009474717, 19.21001160254373019, -11.50000000000000000 ) ) ;
#811 = CARTESIAN_POINT ( 'NONE',  ( 1.844531249999998623, 16.97893402992169598, -11.49000000000000021 ) ) ;
#812 = CARTESIAN_POINT ( 'NONE',  ( 4.823734287597014614, 22.23188231104004586, -11.49999999999999645 ) ) ;
#813 = CARTESIAN_POINT ( 'NONE',  ( -9.899015657994382877, 17.93043709523850993, -11.49000000000000199 ) ) ;
#814 = CARTESIAN_POINT ( 'NONE',  ( 8.961834834935039851, 18.00779237120190146, -11.48999999999999488 ) ) ;
#815 = ORIENTED_EDGE ( 'NONE', *, *, #4185, .F. ) ;
#816 = CARTESIAN_POINT ( 'NONE',  ( 13.94399507001851468, 17.92569075306036197, -11.49000000000000021 ) ) ;
#817 = EDGE_CURVE ( 'NONE', #570, #2025, #1908, .T. ) ;
#818 = DIRECTION ( 'NONE',  ( 1.000000000000000000, 0.000000000000000000, 0.000000000000000000 ) ) ;
#819 = CARTESIAN_POINT ( 'NONE',  ( -12.60297925935347862, 17.32961663131738916, -11.49999999999999645 ) ) ;
#820 = CARTESIAN_POINT ( 'NONE',  ( -2.625000000000002220, 20.18752777992169811, -11.49000000000000021 ) ) ;
#821 = ORIENTED_EDGE ( 'NONE', *, *, #1183, .F. ) ;
#822 = CARTESIAN_POINT ( 'NONE',  ( 0.9457974436420290010, 16.27854184230771040, -11.50000000000000000 ) ) ;
#823 = CARTESIAN_POINT ( 'NONE',  ( -15.34066629910576118, 21.87383924916064259, -11.49999999999999112 ) ) ;
#824 = CARTESIAN_POINT ( 'NONE',  ( 8.281640625000004974, 22.27463715492169172, -11.50000000000000000 ) ) ;
#825 = EDGE_CURVE ( 'NONE', #2203, #6481, #1359, .T. ) ;
#826 = CARTESIAN_POINT ( 'NONE',  ( -8.764861908969747262, 20.31608008042677938, -11.50000000000000000 ) ) ;
#827 = ORIENTED_EDGE ( 'NONE', *, *, #1122, .F. ) ;
#828 = CARTESIAN_POINT ( 'NONE',  ( -11.54847046412175793, 21.48910819615096202, -11.49999999999999822 ) ) ;
#829 = CARTESIAN_POINT ( 'NONE',  ( 6.151715332939258651, 20.02025101726003342, -11.49000000000000199 ) ) ;
#830 = ORIENTED_EDGE ( 'NONE', *, *, #496, .F. ) ;
#831 = CARTESIAN_POINT ( 'NONE',  ( 1.180092494667325909, 16.28051855963171235, -11.48999999999999844 ) ) ;
#832 = CARTESIAN_POINT ( 'NONE',  ( -11.30204918220549004, 18.35325170355640978, -11.49000000000000021 ) ) ;
#833 = ORIENTED_EDGE ( 'NONE', *, *, #3611, .T. ) ;
#834 = ORIENTED_EDGE ( 'NONE', *, *, #5882, .F. ) ;
#835 = ORIENTED_EDGE ( 'NONE', *, *, #1914, .T. ) ;
#836 = EDGE_CURVE ( 'NONE', #4398, #2434, #330, .T. ) ;
#837 = CARTESIAN_POINT ( 'NONE',  ( -9.541920045361832692, 21.41645914881732082, -11.50000000000000000 ) ) ;
#838 = CARTESIAN_POINT ( 'NONE',  ( -10.87349504406559397, 20.03940711675683417, -11.50000000000000178 ) ) ;
#839 = CARTESIAN_POINT ( 'NONE',  ( -9.173911628435071464, 18.99819603343708962, -11.49999999999999822 ) ) ;
#840 = DIRECTION ( 'NONE',  ( 6.859890861424213907E-14, 3.117857058680015889E-15, -1.000000000000000000 ) ) ;
#841 = CARTESIAN_POINT ( 'NONE',  ( -6.489083197514048607, 19.00705854150007923, -11.50000000000000178 ) ) ;
#842 = CARTESIAN_POINT ( 'NONE',  ( 7.036181982906076549, 18.26302225966687942, -11.49999999999999822 ) ) ;
#843 = VERTEX_POINT ( 'NONE', #1374 ) ;
#844 = CARTESIAN_POINT ( 'NONE',  ( -5.688224534225756024, 20.83915864232504589, -11.50000000000000000 ) ) ;
#845 = LINE ( 'NONE', #2841, #1003 ) ;
#846 = CARTESIAN_POINT ( 'NONE',  ( -11.30900298251753355, 21.79101038107327426, -11.48999999999999666 ) ) ;
#847 = B_SPLINE_SURFACE_WITH_KNOTS ( 'NONE', 3, 1, ( 
 ( #872, #2969 ),
 ( #4349, #2837 ),
 ( #6358, #2868 ),
 ( #4381, #3362 ),
 ( #2443, #5968 ),
 ( #4411, #1864 ),
 ( #446, #4980 ),
 ( #909, #3861 ),
 ( #2901, #6461 ),
 ( #5446, #6493 ),
 ( #4910, #5382 ) ),
 .UNSPECIFIED., .F., .F., .F.,
 ( 4, 1, 1, 1, 1, 1, 1, 1, 4 ),
 ( 2, 2 ),
 ( 0.000000000000000000, 0.1656951908862869527, 0.3098979787940825958, 0.4387581063098267564, 0.5560349031630623662, 0.6666270742929939486, 0.7752138413749879442, 0.8835023845613376725, 1.000000000000000000 ),
 ( 0.000000000000000000, 1.000000000000000000 ),
 .UNSPECIFIED. ) ;
#848 = CARTESIAN_POINT ( 'NONE',  ( -9.162967690936964615, 18.18236935487009021, -11.49999999999999822 ) ) ;
#849 = EDGE_CURVE ( 'NONE', #5385, #903, #6370, .T. ) ;
#850 = CARTESIAN_POINT ( 'NONE',  ( 1.111708840677439580, 22.23604127147856957, -11.50000000000000000 ) ) ;
#851 = ORIENTED_EDGE ( 'NONE', *, *, #3846, .T. ) ;
#852 = CARTESIAN_POINT ( 'NONE',  ( 0.6759405771447636324, 16.38548624405836662, -11.49000000000000377 ) ) ;
#853 = CARTESIAN_POINT ( 'NONE',  ( 12.99276544605963402, 22.18894480123987378, -11.49999999999999645 ) ) ;
#854 = B_SPLINE_CURVE_WITH_KNOTS ( 'NONE', 3,
 ( #1340, #844, #4452, #1019, #65, #4485, #2452, #5484, #2945, #6432, #2981 ),
 .UNSPECIFIED., .F., .F.,
 ( 4, 1, 1, 1, 1, 1, 1, 1, 4 ),
 ( 0.000000000000000000, 0.1393297236756274871, 0.2717319827651868414, 0.3984086084331985855, 0.5223168255343297872, 0.6433996402858395136, 0.7607359744693917847, 0.8792604242212135324, 0.9999999999999998890 ),
 .UNSPECIFIED. ) ;
#855 = CARTESIAN_POINT ( 'NONE',  ( 15.34101562500000782, 22.27463715492169172, -11.49000000000000021 ) ) ;
#856 = EDGE_LOOP ( 'NONE', ( #2598, #5456, #1707, #99 ) ) ;
#857 = CARTESIAN_POINT ( 'NONE',  ( -10.32570411504692665, 22.26843204853954816, -11.50000000000000178 ) ) ;
#858 = CARTESIAN_POINT ( 'NONE',  ( 13.38281250000000711, 21.38518402992169598, -11.49999999999999645 ) ) ;
#859 = EDGE_CURVE ( 'NONE', #3537, #694, #2302, .T. ) ;
#860 = CARTESIAN_POINT ( 'NONE',  ( 11.90139990118476199, 21.49084592375556468, -11.50000000000000178 ) ) ;
#861 = VERTEX_POINT ( 'NONE', #4303 ) ;
#862 = CARTESIAN_POINT ( 'NONE',  ( -11.92500000000000071, 20.05276215492169811, -11.49000000000000021 ) ) ;
#863 = CARTESIAN_POINT ( 'NONE',  ( -8.698480058893435896, 21.71153982016292616, -11.49000000000000199 ) ) ;
#864 = EDGE_CURVE ( 'NONE', #1593, #1227, #415, .T. ) ;
#865 = ORIENTED_EDGE ( 'NONE', *, *, #286, .F. ) ;
#866 = EDGE_LOOP ( 'NONE', ( #3721, #171, #6217, #2613, #4840, #3689, #2921, #145, #3389, #4373, #5209, #2489, #804, #1529, #5890 ) ) ;
#867 = VERTEX_POINT ( 'NONE', #5464 ) ;
#868 = CARTESIAN_POINT ( 'NONE',  ( 0.3749999999999983902, 21.60198090492169243, -11.50000000000000000 ) ) ;
#869 = CARTESIAN_POINT ( 'NONE',  ( -16.70247708824011923, 16.42598660450296322, -11.49000000000000021 ) ) ;
#870 = CARTESIAN_POINT ( 'NONE',  ( -3.675000000000002487, 20.30471527992169811, -11.50000000000000000 ) ) ;
#871 = CARTESIAN_POINT ( 'NONE',  ( -8.700000000000002842, 21.66526215492170238, -11.50000000000000178 ) ) ;
#872 = CARTESIAN_POINT ( 'NONE',  ( -14.25000000000000178, 21.56682465492170664, -11.49000000000000021 ) ) ;
#873 = ADVANCED_FACE ( 'NONE', ( #1390 ), #2793, .T. ) ;
#874 = CARTESIAN_POINT ( 'NONE',  ( 7.824412709671287658, 17.95975474206379729, -11.50000000000000178 ) ) ;
#875 = B_SPLINE_CURVE_WITH_KNOTS ( 'NONE', 3,
 ( #6076, #3015, #1475, #2482, #4416, #979, #2976, #6006, #3473, #5481, #29 ),
 .UNSPECIFIED., .F., .F.,
 ( 4, 1, 1, 1, 1, 1, 1, 1, 4 ),
 ( 0.000000000000000000, 0.1167177931766946730, 0.2264714021850093295, 0.3332044739792578980, 0.4447606415483560394, 0.5636775577731490960, 0.6930940638054658987, 0.8376492646978677126, 1.000000000000000000 ),
 .UNSPECIFIED. ) ;
#876 = VECTOR ( 'NONE', #2659, 1000.000000000000000 ) ;
#877 = CARTESIAN_POINT ( 'NONE',  ( 1.409197426367368999, 16.38474350313156336, -11.48999999999999844 ) ) ;
#878 = CARTESIAN_POINT ( 'NONE',  ( 7.204334396611282720, 20.29646084726622846, -11.49000000000000021 ) ) ;
#879 = ORIENTED_EDGE ( 'NONE', *, *, #5807, .T. ) ;
#880 = LINE ( 'NONE', #2979, #4353 ) ;
#881 = VECTOR ( 'NONE', #4159, 1000.000000000000000 ) ;
#882 = CARTESIAN_POINT ( 'NONE',  ( 13.60735999448576372, 18.03853498385417353, -11.50000000000000000 ) ) ;
#883 = CARTESIAN_POINT ( 'NONE',  ( -11.54847046412175793, 21.48910819615096202, -11.48999999999999844 ) ) ;
#884 = EDGE_LOOP ( 'NONE', ( #2792, #5593, #5116, #2999 ) ) ;
#885 = CARTESIAN_POINT ( 'NONE',  ( -12.70895689280949448, 17.37178543514795948, -11.50000000000000178 ) ) ;
#886 = VECTOR ( 'NONE', #6383, 1000.000000000000000 ) ;
#887 = ORIENTED_EDGE ( 'NONE', *, *, #859, .T. ) ;
#888 = CARTESIAN_POINT ( 'NONE',  ( -6.301845363182843940, 19.62776320681376419, -11.48999999999999844 ) ) ;
#889 = EDGE_CURVE ( 'NONE', #5518, #4883, #1817, .T. ) ;
#890 = DIRECTION ( 'NONE',  ( -0.2808388925980283557, -0.9597549251784609492, 0.000000000000000000 ) ) ;
#891 = CARTESIAN_POINT ( 'NONE',  ( 4.694158452704400020, 22.26927404838854940, -11.49000000000000732 ) ) ;
#892 = CARTESIAN_POINT ( 'NONE',  ( -17.01281333951005337, 16.49365857278321457, -11.49000000000000021 ) ) ;
#893 = ORIENTED_EDGE ( 'NONE', *, *, #2686, .T. ) ;
#894 = AXIS2_PLACEMENT_3D ( 'NONE', #317, #2318, #4320 ) ;
#895 = CARTESIAN_POINT ( 'NONE',  ( -2.549591630525155963E-31, 0.000000000000000000, -2.081899558550499885E-15 ) ) ;
#896 = DIRECTION ( 'NONE',  ( 0.9612381133798489907, 0.2757195846978388043, -0.000000000000000000 ) ) ;
#897 = CARTESIAN_POINT ( 'NONE',  ( -8.175000000000002487, 16.27463715492169882, -11.50000000000000000 ) ) ;
#898 = EDGE_LOOP ( 'NONE', ( #1549, #2528, #399, #407 ) ) ;
#899 = CARTESIAN_POINT ( 'NONE',  ( 1.844531249999998623, 16.97893402992169598, -11.49000000000000021 ) ) ;
#900 = ADVANCED_FACE ( 'NONE', ( #2397 ), #2373, .T. ) ;
#901 = CARTESIAN_POINT ( 'NONE',  ( -11.89849169857928857, 19.58105683815086095, -11.49000000000000377 ) ) ;
#902 = ADVANCED_FACE ( 'NONE', ( #2114 ), #1383, .T. ) ;
#903 = VERTEX_POINT ( 'NONE', #714 ) ;
#904 = CARTESIAN_POINT ( 'NONE',  ( -6.442379161465907167, 19.49418629230051536, -11.49000000000000199 ) ) ;
#905 = CARTESIAN_POINT ( 'NONE',  ( 13.49333321616065362, 18.15776619327815666, -11.49999999999999467 ) ) ;
#906 = CARTESIAN_POINT ( 'NONE',  ( -3.742116957818668155, 20.78931219368587691, -11.49999999999999822 ) ) ;
#907 = B_SPLINE_SURFACE_WITH_KNOTS ( 'NONE', 3, 1, ( 
 ( #2350, #5388 ),
 ( #4354, #389 ),
 ( #6364, #6301 ),
 ( #5908, #5423 ),
 ( #4918, #3776 ),
 ( #1311, #785 ),
 ( #5782, #1280 ),
 ( #2781, #3515 ),
 ( #3583, #948 ),
 ( #1020, #488 ),
 ( #5526, #1050 ),
 ( #3017, #3548 ),
 ( #2037, #2418 ),
 ( #66, #1973 ),
 ( #983, #4039 ) ),
 .UNSPECIFIED., .F., .F., .F.,
 ( 4, 1, 1, 1, 1, 1, 1, 1, 1, 1, 1, 1, 4 ),
 ( 2, 2 ),
 ( 0.000000000000000000, 0.08057587374943657454, 0.1577999761605090312, 0.2324163316081811481, 0.3068126613554346127, 0.3817277918317791285, 0.4577315428509047823, 0.5368112335535605295, 0.6202969151742295795, 0.7083999362007823430, 0.8004096836703722406, 0.8972723587901967335, 1.000000000000000000 ),
 ( 0.000000000000000000, 1.000000000000000000 ),
 .UNSPECIFIED. ) ;
#908 = CARTESIAN_POINT ( 'NONE',  ( 9.303920161294756852, 19.53449771710463878, -11.48999999999999666 ) ) ;
#909 = CARTESIAN_POINT ( 'NONE',  ( -14.58342433311496222, 22.23476350499957377, -11.49000000000000199 ) ) ;
#910 = CARTESIAN_POINT ( 'NONE',  ( 5.100789693158688465, 16.53849321032940978, -11.49000000000000021 ) ) ;
#911 = LINE ( 'NONE', #4912, #3631 ) ;
#912 = CARTESIAN_POINT ( 'NONE',  ( 1.813867302183741037, 16.92983818289959785, -11.48999999999999666 ) ) ;
#913 = CARTESIAN_POINT ( 'NONE',  ( 4.197558161947356759, 16.53810778296968209, -11.50000000000000000 ) ) ;
#914 = EDGE_CURVE ( 'NONE', #3481, #570, #2710, .T. ) ;
#915 = CARTESIAN_POINT ( 'NONE',  ( 7.269930957599855859, 20.65591171887442812, -11.49999999999999822 ) ) ;
#916 = ORIENTED_EDGE ( 'NONE', *, *, #2679, .F. ) ;
#917 = CARTESIAN_POINT ( 'NONE',  ( -5.743106858781476198, 16.45687290324648089, -11.50000000000000000 ) ) ;
#918 = LINE ( 'NONE', #3335, #1948 ) ;
#919 = FACE_OUTER_BOUND ( 'NONE', #3797, .T. ) ;
#920 = CARTESIAN_POINT ( 'NONE',  ( -9.690544491641832181, 17.96088975538145860, -11.49999999999999822 ) ) ;
#921 = CARTESIAN_POINT ( 'NONE',  ( -10.84345689390677947, 20.50098030225191081, -11.49999999999999645 ) ) ;
#922 = DIRECTION ( 'NONE',  ( -0.000000000000000000, -0.000000000000000000, -1.000000000000000000 ) ) ;
#923 = CARTESIAN_POINT ( 'NONE',  ( 1.041796874999998401, 16.27463715492169527, -11.49999999999999822 ) ) ;
#924 = CARTESIAN_POINT ( 'NONE',  ( -14.84907484121891841, 22.27286588525983291, -11.49999999999999645 ) ) ;
#925 = CARTESIAN_POINT ( 'NONE',  ( 15.91774760726179849, 21.89899350930524236, -11.49000000000000021 ) ) ;
#926 = EDGE_CURVE ( 'NONE', #2535, #1323, #1696, .T. ) ;
#927 = CARTESIAN_POINT ( 'NONE',  ( -6.616573678335733177, 21.10886382018544438, -11.49000000000000021 ) ) ;
#928 = CARTESIAN_POINT ( 'NONE',  ( 8.517667236178775525, 22.26992136905658981, -11.49000000000000021 ) ) ;
#929 = CARTESIAN_POINT ( 'NONE',  ( 7.036181982906076549, 18.26302225966687942, -11.50000000000000000 ) ) ;
#930 = CARTESIAN_POINT ( 'NONE',  ( -7.952509825853343983, 16.30891634667927548, -11.50000000000000355 ) ) ;
#931 = EDGE_LOOP ( 'NONE', ( #5600, #4982, #833, #2555 ) ) ;
#932 = CARTESIAN_POINT ( 'NONE',  ( -11.54847046412175793, 21.48910819615096202, -11.48999999999999844 ) ) ;
#933 = CARTESIAN_POINT ( 'NONE',  ( -3.402861480413754691, 18.61073442318547677, -11.50000000000000000 ) ) ;
#934 = EDGE_LOOP ( 'NONE', ( #363, #6417, #6051, #3824, #4867, #1296, #4499, #2529, #4193, #5406, #5956, #338, #2010, #2064, #2050, #4803, #6106, #2149, #2930, #1023 ) ) ;
#935 = CARTESIAN_POINT ( 'NONE',  ( 11.47274266619591288, 17.92892278137730599, -11.49000000000000199 ) ) ;
#936 = CARTESIAN_POINT ( 'NONE',  ( -17.09894461744589833, 16.55218838277978222, -11.50000000000000533 ) ) ;
#937 = CARTESIAN_POINT ( 'NONE',  ( -11.43175737287695171, 18.48449308510192779, -11.49999999999999645 ) ) ;
#938 = CARTESIAN_POINT ( 'NONE',  ( -8.621572326463562419, 22.02963670824792430, -11.48999999999999844 ) ) ;
#939 = CARTESIAN_POINT ( 'NONE',  ( 21.49999999999999645, 1.500000000000000000, 6.486357344956759020E-15 ) ) ;
#940 = DIRECTION ( 'NONE',  ( 1.000000000000000000, 0.000000000000000000, 0.000000000000000000 ) ) ;
#941 = CARTESIAN_POINT ( 'NONE',  ( 10.87500000000000711, 18.37112152992169456, -11.49000000000000021 ) ) ;
#942 = CARTESIAN_POINT ( 'NONE',  ( 3.680325436161244745, 21.63138358260884075, -11.49999999999999645 ) ) ;
#943 = CARTESIAN_POINT ( 'NONE',  ( 4.261106747313721854, 16.44172364572177258, -11.50000000000000178 ) ) ;
#944 = CARTESIAN_POINT ( 'NONE',  ( 14.59921875000000746, 21.38518402992169598, -11.49000000000000021 ) ) ;
#945 = ORIENTED_EDGE ( 'NONE', *, *, #864, .F. ) ;
#946 = EDGE_CURVE ( 'NONE', #1983, #1134, #5596, .T. ) ;
#947 = CARTESIAN_POINT ( 'NONE',  ( 11.00625000000000675, 18.86916840492169456, -11.50000000000000000 ) ) ;
#948 = CARTESIAN_POINT ( 'NONE',  ( 7.403347453607731055, 19.23344171890393639, -11.50000000000000178 ) ) ;
#949 = ADVANCED_FACE ( 'NONE', ( #5192 ), #1378, .T. ) ;
#950 = CARTESIAN_POINT ( 'NONE',  ( -12.40224866912883783, 17.11232241979436353, -11.50000000000000178 ) ) ;
#951 = CARTESIAN_POINT ( 'NONE',  ( -8.847656270353066787, 18.43810637319459289, -11.50000000000000000 ) ) ;
#952 = VERTEX_POINT ( 'NONE', #3239 ) ;
#953 = CARTESIAN_POINT ( 'NONE',  ( -9.961947827984577231, 21.44461292238598205, -11.49999999999999822 ) ) ;
#954 = CARTESIAN_POINT ( 'NONE',  ( -8.175000000000004263, 22.27463715492169882, -11.49999999999999822 ) ) ;
#955 = CARTESIAN_POINT ( 'NONE',  ( 7.399486491256614507, 20.96045347446147034, -11.49999999999999822 ) ) ;
#956 = DIRECTION ( 'NONE',  ( -0.000000000000000000, -0.000000000000000000, -1.000000000000000000 ) ) ;
#957 = EDGE_CURVE ( 'NONE', #1916, #3951, #2221, .T. ) ;
#958 = DIRECTION ( 'NONE',  ( 6.793041812901711034E-14, -5.269717584638511960E-13, -1.000000000000000000 ) ) ;
#959 = CARTESIAN_POINT ( 'NONE',  ( -9.171009717964762942, 21.22330683897286718, -11.50000000000000000 ) ) ;
#960 = EDGE_LOOP ( 'NONE', ( #155, #4252, #1711, #5849 ) ) ;
#961 = CARTESIAN_POINT ( 'NONE',  ( 16.09382447827800178, 18.47990686763179013, -11.49000000000000021 ) ) ;
#962 = CARTESIAN_POINT ( 'NONE',  ( 12.66644559148198468, 22.27401850782007386, -11.49999999999999467 ) ) ;
#963 = CARTESIAN_POINT ( 'NONE',  ( 15.12269613614999564, 22.24854966569141368, -11.50000000000000000 ) ) ;
#964 = EDGE_LOOP ( 'NONE', ( #6261, #4603, #2370, #767, #599, #1924, #6089, #2985, #2597, #1659, #5108 ) ) ;
#965 = CARTESIAN_POINT ( 'NONE',  ( 8.202245536801335390, 22.27302936224992536, -11.49000000000000021 ) ) ;
#966 = DIRECTION ( 'NONE',  ( -1.000000000000000000, 0.000000000000000000, 0.000000000000000000 ) ) ;
#967 = B_SPLINE_CURVE_WITH_KNOTS ( 'NONE', 3,
 ( #985, #2983, #4005, #6049, #1547, #1052, #5966, #4844, #839, #1437, #3889, #2834, #1468, #3327, #4440 ),
 .UNSPECIFIED., .F., .F.,
 ( 4, 1, 1, 1, 1, 1, 1, 1, 1, 1, 1, 1, 4 ),
 ( 0.000000000000000000, 0.1057079850201533416, 0.2050078196553994370, 0.2983267313770148199, 0.3876942541192894831, 0.4721634666563495619, 0.5525212822636171861, 0.6297830641903255922, 0.7058970329357018292, 0.7803451687323850194, 0.8531525933047117149, 0.9257599309998151282, 0.9999999999999998890 ),
 .UNSPECIFIED. ) ;
#968 = ORIENTED_EDGE ( 'NONE', *, *, #778, .F. ) ;
#969 = CARTESIAN_POINT ( 'NONE',  ( -6.031640625000002309, 19.70588715492169740, -11.49000000000000021 ) ) ;
#970 = CARTESIAN_POINT ( 'NONE',  ( -10.87500000000000178, 20.10549652992169811, -11.50000000000000000 ) ) ;
#971 = CARTESIAN_POINT ( 'NONE',  ( -10.18526474376884572, 17.92591752148544870, -11.49000000000000199 ) ) ;
#972 = CARTESIAN_POINT ( 'NONE',  ( -6.526171875000002842, 19.24182465492169669, -11.49000000000000021 ) ) ;
#973 = CARTESIAN_POINT ( 'NONE',  ( 12.27416268687857048, 22.16914315059938900, -11.48999999999999844 ) ) ;
#974 = CARTESIAN_POINT ( 'NONE',  ( 16.62070312500000924, 17.92463715492169740, -11.49000000000000199 ) ) ;
#975 = EDGE_CURVE ( 'NONE', #2161, #114, #5356, .T. ) ;
#976 = CARTESIAN_POINT ( 'NONE',  ( 4.271977489824908325, 22.23288252010564392, -11.49999999999999822 ) ) ;
#977 = AXIS2_PLACEMENT_3D ( 'NONE', #3612, #124, #2585 ) ;
#978 = CARTESIAN_POINT ( 'NONE',  ( 10.95182868227270312, 18.12869787282315315, -11.49999999999999822 ) ) ;
#979 = CARTESIAN_POINT ( 'NONE',  ( -2.925625737489226275, 17.20542575748299896, -11.48999999999999844 ) ) ;
#980 = VERTEX_POINT ( 'NONE', #349 ) ;
#981 = EDGE_CURVE ( 'NONE', #5385, #1600, #5254, .T. ) ;
#982 = CARTESIAN_POINT ( 'NONE',  ( -2.625000000000002220, 20.18752777992169811, -11.49000000000000021 ) ) ;
#983 = CARTESIAN_POINT ( 'NONE',  ( 7.200000000000005507, 20.10198090492169953, -11.49000000000000199 ) ) ;
#984 = VECTOR ( 'NONE', #3615, 1000.000000000000000 ) ;
#985 = CARTESIAN_POINT ( 'NONE',  ( -8.759765625000000000, 20.10549652992169811, -11.50000000000000000 ) ) ;
#986 = CARTESIAN_POINT ( 'NONE',  ( -3.090216484405088782, 21.57014439761217517, -11.49000000000000377 ) ) ;
#987 = ORIENTED_EDGE ( 'NONE', *, *, #2697, .F. ) ;
#988 = CARTESIAN_POINT ( 'NONE',  ( 8.281640625000004974, 22.27463715492169172, -11.50000000000000000 ) ) ;
#989 = DIRECTION ( 'NONE',  ( 0.000000000000000000, 0.000000000000000000, -1.000000000000000000 ) ) ;
#990 = LINE ( 'NONE', #595, #3831 ) ;
#991 = CARTESIAN_POINT ( 'NONE',  ( 14.52063880125106365, 18.22393252298225619, -11.49000000000000021 ) ) ;
#992 = AXIS2_PLACEMENT_3D ( 'NONE', #605, #2502, #1069 ) ;
#993 = ORIENTED_EDGE ( 'NONE', *, *, #3568, .T. ) ;
#994 = CARTESIAN_POINT ( 'NONE',  ( -8.700000000000001066, 21.55862152992169811, -11.49000000000000021 ) ) ;
#995 = ORIENTED_EDGE ( 'NONE', *, *, #4551, .T. ) ;
#996 = CARTESIAN_POINT ( 'NONE',  ( 16.45089586295128825, 17.94393536947790935, -11.48999999999999844 ) ) ;
#997 = CARTESIAN_POINT ( 'NONE',  ( 13.08909655217842527, 22.10302106023839031, -11.49000000000000199 ) ) ;
#998 = CARTESIAN_POINT ( 'NONE',  ( 3.680325436161244745, 21.63138358260884075, -11.49000000000000199 ) ) ;
#999 = VECTOR ( 'NONE', #1630, 1000.000000000000000 ) ;
#1000 = EDGE_LOOP ( 'NONE', ( #1206, #834, #1332, #298 ) ) ;
#1001 = CARTESIAN_POINT ( 'NONE',  ( 7.820776278384351521, 22.23973599461782413, -11.48999999999999844 ) ) ;
#1002 = CARTESIAN_POINT ( 'NONE',  ( -3.243346690573825519, 16.42804776249486665, -11.49000000000000199 ) ) ;
#1003 = VECTOR ( 'NONE', #1902, 1000.000000000000000 ) ;
#1004 = CARTESIAN_POINT ( 'NONE',  ( 10.42330323072810927, 20.18020130943468970, -11.49000000000000199 ) ) ;
#1005 = ORIENTED_EDGE ( 'NONE', *, *, #4258, .F. ) ;
#1006 = CARTESIAN_POINT ( 'NONE',  ( -6.520845768079131410, 19.33020177458302058, -11.49000000000000377 ) ) ;
#1007 = DIRECTION ( 'NONE',  ( -1.000000000000000000, 0.000000000000000000, 0.000000000000000000 ) ) ;
#1008 = CARTESIAN_POINT ( 'NONE',  ( -4.543792325670077403, 18.30217358317262111, -11.49000000000000021 ) ) ;
#1009 = DIRECTION ( 'NONE',  ( 0.2757195846978381382, 0.9612381133798491017, 0.000000000000000000 ) ) ;
#1010 = VECTOR ( 'NONE', #3434, 1000.000000000000000 ) ;
#1011 = DIRECTION ( 'NONE',  ( -1.000000000000000000, 0.000000000000000000, -0.000000000000000000 ) ) ;
#1012 = CARTESIAN_POINT ( 'NONE',  ( -3.243346690573825519, 16.42804776249486665, -11.49000000000000199 ) ) ;
#1013 = DIRECTION ( 'NONE',  ( 0.000000000000000000, 1.000000000000000000, -0.000000000000000000 ) ) ;
#1014 = LINE ( 'NONE', #3012, #1632 ) ;
#1015 = CARTESIAN_POINT ( 'NONE',  ( -8.914543514105981004, 21.78100815989244055, -11.48999999999999311 ) ) ;
#1016 =( GEOMETRIC_REPRESENTATION_CONTEXT ( 3 ) GLOBAL_UNCERTAINTY_ASSIGNED_CONTEXT ( ( #5542 ) ) GLOBAL_UNIT_ASSIGNED_CONTEXT ( ( #387, #2484, #6431 ) ) REPRESENTATION_CONTEXT ( 'NONE', 'WORKASPACE' ) );
#1017 = CARTESIAN_POINT ( 'NONE',  ( 10.87500000000000711, 18.37112152992169456, -11.50000000000000000 ) ) ;
#1018 = CARTESIAN_POINT ( 'NONE',  ( 14.95320852703139280, 22.15403947213438229, -11.48999999999999844 ) ) ;
#1019 = CARTESIAN_POINT ( 'NONE',  ( -5.533121868956983214, 21.09582141243338782, -11.50000000000000178 ) ) ;
#1020 = CARTESIAN_POINT ( 'NONE',  ( 7.329112315012817014, 19.37908913106395659, -11.49000000000000021 ) ) ;
#1021 = DIRECTION ( 'NONE',  ( 0.000000000000000000, 0.000000000000000000, 1.000000000000000000 ) ) ;
#1022 = CARTESIAN_POINT ( 'NONE',  ( -3.010395215092144028, 21.46673264986169016, -11.49000000000000377 ) ) ;
#1023 = ORIENTED_EDGE ( 'NONE', *, *, #619, .F. ) ;
#1024 = CARTESIAN_POINT ( 'NONE',  ( 10.34591587078296726, 20.77666316169456096, -11.50000000000000355 ) ) ;
#1025 = CARTESIAN_POINT ( 'NONE',  ( 1.394106651868799451, 21.89206927103810330, -11.48999999999999844 ) ) ;
#1026 = LINE ( 'NONE', #4557, #3825 ) ;
#1027 = PLANE ( 'NONE',  #4665 ) ;
#1028 = CARTESIAN_POINT ( 'NONE',  ( 14.55516149860923747, 18.29578969627435470, -11.49999999999998757 ) ) ;
#1029 = VERTEX_POINT ( 'NONE', #3144 ) ;
#1030 = ORIENTED_EDGE ( 'NONE', *, *, #2939, .T. ) ;
#1031 = CARTESIAN_POINT ( 'NONE',  ( -8.759765625000000000, 20.10549652992169811, -11.49000000000000021 ) ) ;
#1032 = CARTESIAN_POINT ( 'NONE',  ( -5.419131372244820888, 21.22450872302250602, -11.48999999999999666 ) ) ;
#1033 = CARTESIAN_POINT ( 'NONE',  ( 8.828245405979032512, 21.31063909908085563, -11.49999999999999289 ) ) ;
#1034 = CARTESIAN_POINT ( 'NONE',  ( -17.21700914859031784, 17.11221673541054500, -11.50000000000000355 ) ) ;
#1035 = ORIENTED_EDGE ( 'NONE', *, *, #1935, .F. ) ;
#1036 = CARTESIAN_POINT ( 'NONE',  ( -6.301845363182843940, 19.62776320681376419, -11.49999999999999822 ) ) ;
#1037 = CARTESIAN_POINT ( 'NONE',  ( -6.209765625000002842, 20.39963715492169882, -11.50000000000000000 ) ) ;
#1038 = EDGE_CURVE ( 'NONE', #4872, #2829, #5161, .T. ) ;
#1039 = CARTESIAN_POINT ( 'NONE',  ( -6.076814439569946380, 16.77180227520353384, -11.48999999999999844 ) ) ;
#1040 = VERTEX_POINT ( 'NONE', #4649 ) ;
#1041 = CARTESIAN_POINT ( 'NONE',  ( -12.40242980460334365, 16.71580791779988573, -11.50000000000000178 ) ) ;
#1042 = CARTESIAN_POINT ( 'NONE',  ( 8.828245405979032512, 21.31063909908085563, -11.49999999999998757 ) ) ;
#1043 = CARTESIAN_POINT ( 'NONE',  ( -19.50000000000000000, 27.25644042258373645, 0.000000000000000000 ) ) ;
#1044 = CARTESIAN_POINT ( 'NONE',  ( -16.65703125000000284, 17.39963715492170238, -11.49000000000000021 ) ) ;
#1045 = ADVANCED_FACE ( 'NONE', ( #159 ), #5842, .T. ) ;
#1046 = CARTESIAN_POINT ( 'NONE',  ( 5.169940467096794556, 16.79547338548765012, -11.49999999999999645 ) ) ;
#1047 = CARTESIAN_POINT ( 'NONE',  ( 10.87626321256946227, 18.34272488066211437, -11.49999999999999822 ) ) ;
#1048 = DIRECTION ( 'NONE',  ( -0.9620262566781285773, -0.2729569223556483903, 0.000000000000000000 ) ) ;
#1049 = CARTESIAN_POINT ( 'NONE',  ( -6.018958645089335313, 16.66161069363419145, -11.49000000000000021 ) ) ;
#1050 = CARTESIAN_POINT ( 'NONE',  ( 7.271256188249282104, 19.54104818700781010, -11.50000000000000000 ) ) ;
#1051 = EDGE_CURVE ( 'NONE', #4574, #1348, #875, .T. ) ;
#1052 = CARTESIAN_POINT ( 'NONE',  ( -8.899391913865002834, 19.37794772099131535, -11.50000000000000178 ) ) ;
#1053 = CARTESIAN_POINT ( 'NONE',  ( -6.141059994618748519, 17.00129816493694790, -11.49999999999999822 ) ) ;
#1054 = ORIENTED_EDGE ( 'NONE', *, *, #3920, .F. ) ;
#1055 = CARTESIAN_POINT ( 'NONE',  ( -9.821484375000004263, 21.44963715492169953, -11.49000000000000199 ) ) ;
#1056 = CARTESIAN_POINT ( 'NONE',  ( 1.348071541771024950, 22.00949916597215505, -11.49000000000000377 ) ) ;
#1057 = B_SPLINE_CURVE_WITH_KNOTS ( 'NONE', 3,
 ( #6376, #4333, #1880, #5917, #3383, #2885, #4896, #2395, #6408, #1424, #5431, #5036, #5141, #5071, #2565 ),
 .UNSPECIFIED., .F., .F.,
 ( 4, 1, 1, 1, 1, 1, 1, 1, 1, 1, 1, 1, 4 ),
 ( 0.000000000000000000, 0.09331230189157915800, 0.1788139557885351227, 0.2567339273009175971, 0.3307649674573133192, 0.4020813677358116567, 0.4681085218632481948, 0.5317540578464684531, 0.5927290892851821980, 0.6635265348770722493, 0.7546141175324554418, 0.8675692494122266840, 1.000000000000000000 ),
 .UNSPECIFIED. ) ;
#1058 = FACE_BOUND ( 'NONE', #2238, .T. ) ;
#1059 = CARTESIAN_POINT ( 'NONE',  ( -4.462549902814062719, 18.30047247493244100, -11.49999999999999822 ) ) ;
#1060 = CARTESIAN_POINT ( 'NONE',  ( 14.42273208467083734, 18.09813800467484413, -11.48999999999999666 ) ) ;
#1061 = ORIENTED_EDGE ( 'NONE', *, *, #5693, .T. ) ;
#1062 = VERTEX_POINT ( 'NONE', #1544 ) ;
#1063 = EDGE_CURVE ( 'NONE', #1496, #1353, #2139, .T. ) ;
#1064 = CARTESIAN_POINT ( 'NONE',  ( -9.352853084971570752, 22.09659720433811714, -11.49000000000000199 ) ) ;
#1065 = ORIENTED_EDGE ( 'NONE', *, *, #2424, .T. ) ;
#1066 = CARTESIAN_POINT ( 'NONE',  ( 12.86940290686878896, 22.24520597326613824, -11.49000000000000021 ) ) ;
#1067 = CARTESIAN_POINT ( 'NONE',  ( -10.87139640127087148, 20.30873451133952656, -11.49000000000000021 ) ) ;
#1068 = VERTEX_POINT ( 'NONE', #6046 ) ;
#1069 = DIRECTION ( 'NONE',  ( -1.000000000000000000, 0.000000000000000000, 0.000000000000000000 ) ) ;
#1070 = CARTESIAN_POINT ( 'NONE',  ( -6.523250798638578374, 19.20766849933373877, -11.50000000000000000 ) ) ;
#1071 = CARTESIAN_POINT ( 'NONE',  ( -5.755129059589767060, 20.69396377169337242, -11.49000000000000199 ) ) ;
#1072 = VERTEX_POINT ( 'NONE', #63 ) ;
#1073 = ADVANCED_FACE ( 'NONE', ( #5589 ), #1652, .T. ) ;
#1074 = CARTESIAN_POINT ( 'NONE',  ( 0.3749999999999983902, 17.12541840492169243, -11.49000000000000021 ) ) ;
#1075 = FACE_OUTER_BOUND ( 'NONE', #2021, .T. ) ;
#1076 = CARTESIAN_POINT ( 'NONE',  ( 8.322314336554322622, 21.44843876535955829, -11.49999999999999289 ) ) ;
#1077 = CARTESIAN_POINT ( 'NONE',  ( -6.388763680472631101, 20.43033893542257218, -11.49999999999999467 ) ) ;
#1078 = EDGE_CURVE ( 'NONE', #2437, #2928, #2389, .T. ) ;
#1079 = CARTESIAN_POINT ( 'NONE',  ( -16.91525667941128219, 17.37160354218315916, -11.49000000000000732 ) ) ;
#1080 = VERTEX_POINT ( 'NONE', #2220 ) ;
#1081 = FACE_OUTER_BOUND ( 'NONE', #4775, .T. ) ;
#1082 = CARTESIAN_POINT ( 'NONE',  ( -10.37478201929747534, 18.91248840645119955, -11.48999999999999844 ) ) ;
#1083 = CARTESIAN_POINT ( 'NONE',  ( 14.70985875586571368, 21.74938832204977857, -11.49999999999999467 ) ) ;
#1084 = CARTESIAN_POINT ( 'NONE',  ( 12.16950642446744801, 22.06982010378462888, -11.49999999999999645 ) ) ;
#1085 = DIRECTION ( 'NONE',  ( -0.000000000000000000, -1.000000000000000000, -0.000000000000000000 ) ) ;
#1086 = CARTESIAN_POINT ( 'NONE',  ( -6.151171875000002842, 17.05276215492169811, -11.50000000000000000 ) ) ;
#1087 = EDGE_LOOP ( 'NONE', ( #2823, #6387, #6277, #3020 ) ) ;
#1088 = CARTESIAN_POINT ( 'NONE',  ( 8.203416954778555592, 17.92626963270166485, -11.49000000000000021 ) ) ;
#1089 = CARTESIAN_POINT ( 'NONE',  ( -3.706148528608636195, 19.95659602021138568, -11.49999999999999822 ) ) ;
#1090 = CIRCLE ( 'NONE', #977, 0.5000000000000004441 ) ;
#1091 = CARTESIAN_POINT ( 'NONE',  ( 3.649218749999998845, 21.58557465492169669, -11.50000000000000000 ) ) ;
#1092 = CARTESIAN_POINT ( 'NONE',  ( -8.474636408535333842, 22.18796590187123030, -11.50000000000000533 ) ) ;
#1093 = CARTESIAN_POINT ( 'NONE',  ( 14.28530504919118016, 17.98655517099496137, -11.49999999999999112 ) ) ;
#1094 = VERTEX_POINT ( 'NONE', #2132 ) ;
#1095 = VECTOR ( 'NONE', #2423, 1000.000000000000000 ) ;
#1096 = VERTEX_POINT ( 'NONE', #2584 ) ;
#1097 = CARTESIAN_POINT ( 'NONE',  ( -2.833996959853145814, 19.27364433807817790, -11.50000000000000355 ) ) ;
#1098 = CARTESIAN_POINT ( 'NONE',  ( 16.30496483577244859, 18.02270854281000823, -11.50000000000000000 ) ) ;
#1099 = CARTESIAN_POINT ( 'NONE',  ( 9.080626975051966809, 21.09188660995779685, -11.50000000000000355 ) ) ;
#1100 = CARTESIAN_POINT ( 'NONE',  ( 16.45089586295128825, 17.94393536947790935, -11.48999999999999844 ) ) ;
#1101 = EDGE_LOOP ( 'NONE', ( #3455, #4579, #835, #3220 ) ) ;
#1102 = CARTESIAN_POINT ( 'NONE',  ( 7.606576601614577271, 22.19126925024180252, -11.49000000000000021 ) ) ;
#1103 = VECTOR ( 'NONE', #4719, 1000.000000000000000 ) ;
#1104 = CARTESIAN_POINT ( 'NONE',  ( -2.786518862491108361, 16.77660964672996613, -11.49000000000000021 ) ) ;
#1105 = VERTEX_POINT ( 'NONE', #4197 ) ;
#1106 = CARTESIAN_POINT ( 'NONE',  ( 15.99420716304333645, 21.70488706071956386, -11.50000000000000178 ) ) ;
#1107 = CARTESIAN_POINT ( 'NONE',  ( -14.92681667888047237, 22.26943110957635596, -11.48999999999999844 ) ) ;
#1108 = CARTESIAN_POINT ( 'NONE',  ( -2.655790273178302296, 19.80142899742116214, -11.49000000000000021 ) ) ;
#1109 = EDGE_CURVE ( 'NONE', #3139, #5346, #2190, .T. ) ;
#1110 = FACE_OUTER_BOUND ( 'NONE', #3849, .T. ) ;
#1111 = LINE ( 'NONE', #2511, #3727 ) ;
#1112 = EDGE_CURVE ( 'NONE', #4402, #5518, #2646, .T. ) ;
#1113 = ORIENTED_EDGE ( 'NONE', *, *, #2554, .F. ) ;
#1114 = AXIS2_PLACEMENT_3D ( 'NONE', #1195, #4699, #209 ) ;
#1115 = ORIENTED_EDGE ( 'NONE', *, *, #2867, .F. ) ;
#1116 = CARTESIAN_POINT ( 'NONE',  ( -6.660937500000002842, 20.82854340492169953, -11.49000000000000021 ) ) ;
#1117 = CARTESIAN_POINT ( 'NONE',  ( -10.46968631994979937, 21.21258500222463894, -11.48999999999999666 ) ) ;
#1118 = VECTOR ( 'NONE', #4235, 1000.000000000000000 ) ;
#1119 = CARTESIAN_POINT ( 'NONE',  ( -3.271209016718405138, 21.75918664626182775, -11.49000000000000021 ) ) ;
#1120 = CARTESIAN_POINT ( 'NONE',  ( 17.09788475551917841, 18.40205667033525572, -11.48999999999999844 ) ) ;
#1121 = CARTESIAN_POINT ( 'NONE',  ( -3.271209016718405138, 21.75918664626182775, -11.49000000000000021 ) ) ;
#1122 = EDGE_CURVE ( 'NONE', #1487, #5113, #4740, .T. ) ;
#1123 = CARTESIAN_POINT ( 'NONE',  ( 6.184107084450109149, 19.63588733241189743, -11.48999999999999666 ) ) ;
#1124 = CARTESIAN_POINT ( 'NONE',  ( 13.54473664887492390, 18.09649581664553963, -11.49000000000000199 ) ) ;
#1125 = FACE_OUTER_BOUND ( 'NONE', #3108, .T. ) ;
#1126 = CARTESIAN_POINT ( 'NONE',  ( -4.741641710527512821, 21.52264260869467094, -11.49000000000000021 ) ) ;
#1127 = B_SPLINE_CURVE_WITH_KNOTS ( 'NONE', 3,
 ( #1436, #5443, #6489, #2932, #1466, #3464, #2965, #477, #2668, #3669, #1142, #2158, #182, #5152, #3540, #1108, #4676, #3573, #6070 ),
 .UNSPECIFIED., .F., .F.,
 ( 4, 1, 1, 1, 1, 1, 1, 1, 1, 1, 1, 1, 1, 1, 1, 1, 4 ),
 ( 0.000000000000000000, 0.06416375008924010692, 0.1269196678298463998, 0.1888941989930075505, 0.2507375392148806226, 0.3118410051105598990, 0.3721214685993888271, 0.4318605608761109660, 0.4917327418408968809, 0.5517539565477405095, 0.6128042311681409782, 0.6743434511083384875, 0.7374864361561789261, 0.8017222967161407032, 0.8663401305134581509, 0.9322312402758758942, 1.000000000000000000 ),
 .UNSPECIFIED. ) ;
#1128 = CARTESIAN_POINT ( 'NONE',  ( 13.98164062500000782, 17.92463715492169740, -11.49999999999999112 ) ) ;
#1129 = ORIENTED_EDGE ( 'NONE', *, *, #2604, .T. ) ;
#1130 = ORIENTED_EDGE ( 'NONE', *, *, #2891, .T. ) ;
#1131 = CARTESIAN_POINT ( 'NONE',  ( -8.700000000000001066, 21.55862152992169811, -11.50000000000000178 ) ) ;
#1132 = CARTESIAN_POINT ( 'NONE',  ( -8.567756777384131439, 16.44860811010223145, -11.48999999999999844 ) ) ;
#1133 = LINE ( 'NONE', #604, #1615 ) ;
#1134 = VERTEX_POINT ( 'NONE', #3171 ) ;
#1135 = CARTESIAN_POINT ( 'NONE',  ( 14.88703448171409072, 22.08856147267063719, -11.49000000000000377 ) ) ;
#1136 = CARTESIAN_POINT ( 'NONE',  ( -6.489083197514048607, 19.00705854150007923, -11.50000000000000000 ) ) ;
#1137 = CARTESIAN_POINT ( 'NONE',  ( 10.42500000000000426, 20.10198090492169598, -11.49000000000000021 ) ) ;
#1138 = VERTEX_POINT ( 'NONE', #94 ) ;
#1139 = CARTESIAN_POINT ( 'NONE',  ( 15.71672912366161867, 22.16366602970323996, -11.50000000000000178 ) ) ;
#1140 = CARTESIAN_POINT ( 'NONE',  ( -15.37500000000000355, 21.56682465492170664, -11.49000000000000021 ) ) ;
#1141 = CARTESIAN_POINT ( 'NONE',  ( 11.87277351218987143, 18.43283741680380672, -11.50000000000000000 ) ) ;
#1142 = CARTESIAN_POINT ( 'NONE',  ( -3.024178551508941215, 18.97141549032662056, -11.49000000000000199 ) ) ;
#1143 = CARTESIAN_POINT ( 'NONE',  ( -5.886760640257551636, 21.99780184687784867, -11.50000000000000355 ) ) ;
#1144 = B_SPLINE_CURVE_WITH_KNOTS ( 'NONE', 3,
 ( #1448, #4004, #3445, #4955, #6470, #1478, #6011, #5624, #224, #5682, #5164, #6176, #1666, #5713, #588, #4714, #3742, #5096, #2104 ),
 .UNSPECIFIED., .F., .F.,
 ( 4, 1, 1, 1, 1, 1, 1, 1, 1, 1, 1, 1, 1, 1, 1, 1, 4 ),
 ( 0.000000000000000000, 0.06450583079245077178, 0.1257003490472285434, 0.1845603124204928391, 0.2404533103004709571, 0.2941509815605866107, 0.3456887803325743302, 0.3950683699914054881, 0.4434122827432722680, 0.5342984258742937698, 0.6178213727056318660, 0.6955579538707612475, 0.7681941770278261084, 0.8358171608293685217, 0.8963565394511285866, 0.9510006524474003964, 0.9999999999999998890 ),
 .UNSPECIFIED. ) ;
#1145 = CARTESIAN_POINT ( 'NONE',  ( -14.80898437500000320, 22.27463715492170238, -11.50000000000000000 ) ) ;
#1146 = ORIENTED_EDGE ( 'NONE', *, *, #4207, .T. ) ;
#1147 = VERTEX_POINT ( 'NONE', #2165 ) ;
#1148 = CARTESIAN_POINT ( 'NONE',  ( 7.229352108643287700, 20.48254218286534822, -11.49000000000000021 ) ) ;
#1149 = CARTESIAN_POINT ( 'NONE',  ( -10.87057193066886995, 19.91104000341688973, -11.49000000000000199 ) ) ;
#1150 = CARTESIAN_POINT ( 'NONE',  ( 1.394106651868799451, 21.89206927103810330, -11.48999999999999844 ) ) ;
#1151 = CARTESIAN_POINT ( 'NONE',  ( -3.480393502476141432, 21.92352645991448412, -11.49000000000000199 ) ) ;
#1152 = CARTESIAN_POINT ( 'NONE',  ( 10.95182868227270312, 18.12869787282315315, -11.48999999999999844 ) ) ;
#1153 = CARTESIAN_POINT ( 'NONE',  ( -4.151403305691701462, 21.36916494720013660, -11.49000000000000021 ) ) ;
#1154 = EDGE_CURVE ( 'NONE', #1138, #6300, #1456, .T. ) ;
#1155 = CARTESIAN_POINT ( 'NONE',  ( 1.423265631407245602, 21.65717253268047671, -11.50000000000000000 ) ) ;
#1156 = CARTESIAN_POINT ( 'NONE',  ( -9.326043371939929827, 18.08664341820409760, -11.49000000000000554 ) ) ;
#1157 = ADVANCED_FACE ( 'NONE', ( #3610 ), #3420, .T. ) ;
#1158 = FACE_BOUND ( 'NONE', #866, .T. ) ;
#1159 = CARTESIAN_POINT ( 'NONE',  ( 8.627945980358298073, 21.40140606603167583, -11.49000000000000021 ) ) ;
#1160 = ORIENTED_EDGE ( 'NONE', *, *, #4153, .T. ) ;
#1161 = CARTESIAN_POINT ( 'NONE',  ( -17.24830029323340241, 16.94944571224085195, -11.49000000000000021 ) ) ;
#1162 = CARTESIAN_POINT ( 'NONE',  ( -8.066076314604758934, 22.26995020630461042, -11.50000000000000533 ) ) ;
#1163 = EDGE_LOOP ( 'NONE', ( #563, #6386, #1534, #5037 ) ) ;
#1164 = CARTESIAN_POINT ( 'NONE',  ( 14.63624948980018559, 21.51719135141684447, -11.48999999999999666 ) ) ;
#1165 = EDGE_CURVE ( 'NONE', #6060, #4741, #5694, .T. ) ;
#1166 = CARTESIAN_POINT ( 'NONE',  ( -6.209765625000002842, 20.39963715492169882, -11.50000000000000000 ) ) ;
#1167 = CARTESIAN_POINT ( 'NONE',  ( 16.62070312500000924, 17.92463715492169740, -11.49000000000000199 ) ) ;
#1168 = CARTESIAN_POINT ( 'NONE',  ( -4.650758484747682608, 22.27364388943000861, -11.50000000000000000 ) ) ;
#1169 = CARTESIAN_POINT ( 'NONE',  ( 11.72477191656355444, 18.07731762046731916, -11.50000000000000355 ) ) ;
#1170 = CARTESIAN_POINT ( 'NONE',  ( 9.211527716056551185, 20.89556552361989361, -11.49000000000000021 ) ) ;
#1171 = LINE ( 'NONE', #4738, #364 ) ;
#1172 = EDGE_CURVE ( 'NONE', #2464, #1096, #3881, .T. ) ;
#1173 = CARTESIAN_POINT ( 'NONE',  ( -5.342470074420690551, 19.32579746774075957, -11.49999999999999289 ) ) ;
#1174 = ORIENTED_EDGE ( 'NONE', *, *, #4468, .F. ) ;
#1175 = CARTESIAN_POINT ( 'NONE',  ( -9.548370518782553162, 18.78595734989040267, -11.48999999999999844 ) ) ;
#1176 = CARTESIAN_POINT ( 'NONE',  ( 16.97695312500000497, 18.86916840492169456, -11.50000000000000000 ) ) ;
#1177 = CARTESIAN_POINT ( 'NONE',  ( -5.159502712859716844, 19.20610819149526449, -11.48999999999999844 ) ) ;
#1178 = CARTESIAN_POINT ( 'NONE',  ( 1.008832239501081807, 22.26910257989773712, -11.49000000000000021 ) ) ;
#1179 = CARTESIAN_POINT ( 'NONE',  ( 12.55460966622137775, 22.27191862467599037, -11.50000000000000000 ) ) ;
#1180 = CARTESIAN_POINT ( 'NONE',  ( -3.745240722573014214, 19.80002204813031241, -11.49999999999999822 ) ) ;
#1181 = CARTESIAN_POINT ( 'NONE',  ( 6.150000000000004796, 20.09963715492169456, -11.49000000000000021 ) ) ;
#1182 = DIRECTION ( 'NONE',  ( -0.000000000000000000, -0.000000000000000000, -1.000000000000000000 ) ) ;
#1183 = EDGE_CURVE ( 'NONE', #3794, #2588, #4891, .T. ) ;
#1184 = B_SPLINE_SURFACE_WITH_KNOTS ( 'NONE', 3, 1, ( 
 ( #3509, #416 ),
 ( #2413, #5449 ),
 ( #2940, #449 ),
 ( #5188, #6171 ),
 ( #4644, #2674 ),
 ( #6044, #3608 ),
 ( #6074, #2070 ),
 ( #5124, #4064 ),
 ( #1571, #1046 ),
 ( #2163, #1542 ),
 ( #3579, #5587 ) ),
 .UNSPECIFIED., .F., .F., .F.,
 ( 4, 1, 1, 1, 1, 1, 1, 1, 4 ),
 ( 2, 2 ),
 ( 0.000000000000000000, 0.1198828408782563887, 0.2320440428837509395, 0.3389948249441288586, 0.4499042468325325506, 0.5666401362546901188, 0.6945235824309358152, 0.8369091556675993804, 0.9999999999999998890 ),
 ( 0.000000000000000000, 1.000000000000000000 ),
 .UNSPECIFIED. ) ;
#1185 = CARTESIAN_POINT ( 'NONE',  ( 13.45075588696130886, 18.21918040411877726, -11.50000000000000888 ) ) ;
#1186 = EDGE_CURVE ( 'NONE', #3518, #3367, #5466, .T. ) ;
#1187 = B_SPLINE_CURVE_WITH_KNOTS ( 'NONE', 3,
 ( #763, #4188, #2637, #3197, #5214, #2667, #2733, #5273, #4675, #6257, #213 ),
 .UNSPECIFIED., .F., .F.,
 ( 4, 1, 1, 1, 1, 1, 1, 1, 4 ),
 ( 0.000000000000000000, 0.1297522872832853336, 0.2555926718694389588, 0.3813396684022236083, 0.5115739345768659518, 0.6409232008919140133, 0.7611838978045116777, 0.8797393030874064435, 1.000000000000000000 ),
 .UNSPECIFIED. ) ;
#1188 = CARTESIAN_POINT ( 'NONE',  ( -6.151171875000002842, 17.05276215492169811, -11.49000000000000021 ) ) ;
#1189 = VERTEX_POINT ( 'NONE', #4285 ) ;
#1190 = FACE_OUTER_BOUND ( 'NONE', #3263, .T. ) ;
#1191 = VECTOR ( 'NONE', #3331, 1000.000000000000000 ) ;
#1192 = CARTESIAN_POINT ( 'NONE',  ( -8.698707451343270947, 16.91046158873103522, -11.48999999999999844 ) ) ;
#1193 = ORIENTED_EDGE ( 'NONE', *, *, #1198, .T. ) ;
#1194 = LINE ( 'NONE', #3693, #5199 ) ;
#1195 = CARTESIAN_POINT ( 'NONE',  ( 17.49999999999999645, 8.500000000000000000, -10.00000000000000888 ) ) ;
#1196 =( NAMED_UNIT ( * ) SI_UNIT ( $, .STERADIAN. ) SOLID_ANGLE_UNIT ( ) );
#1197 = VECTOR ( 'NONE', #744, 1000.000000000000000 ) ;
#1198 = EDGE_CURVE ( 'NONE', #5695, #3636, #1392, .T. ) ;
#1199 = CARTESIAN_POINT ( 'NONE',  ( -3.679672114487329448, 20.47343259085483425, -11.48999999999999844 ) ) ;
#1200 = CARTESIAN_POINT ( 'NONE',  ( -17.21617046574060694, 16.71084741516531835, -11.50000000000000178 ) ) ;
#1201 = CARTESIAN_POINT ( 'NONE',  ( 14.42273208467083734, 18.09813800467484413, -11.49999999999999645 ) ) ;
#1202 = CARTESIAN_POINT ( 'NONE',  ( 8.961834834935039851, 18.00779237120190146, -11.48999999999999488 ) ) ;
#1203 = AXIS2_PLACEMENT_3D ( 'NONE', #4861, #3848, #4429 ) ;
#1204 = CARTESIAN_POINT ( 'NONE',  ( -5.737441911199053557, 22.07740806833936631, -11.49999999999999645 ) ) ;
#1205 = CARTESIAN_POINT ( 'NONE',  ( -3.007841027120308208, 17.26018181701145693, -11.50000000000000178 ) ) ;
#1206 = ORIENTED_EDGE ( 'NONE', *, *, #4754, .F. ) ;
#1207 = AXIS2_PLACEMENT_3D ( 'NONE', #5354, #840, #4845 ) ;
#1208 = CARTESIAN_POINT ( 'NONE',  ( -8.899127046654060180, 20.85512294536513522, -11.49000000000000021 ) ) ;
#1209 = CARTESIAN_POINT ( 'NONE',  ( -9.821484375000004263, 21.44963715492169953, -11.49000000000000199 ) ) ;
#1210 = CARTESIAN_POINT ( 'NONE',  ( -6.031640625000002309, 19.70588715492169740, -11.49000000000000021 ) ) ;
#1211 = CARTESIAN_POINT ( 'NONE',  ( 10.98656553307646710, 18.81386804161049398, -11.48999999999999844 ) ) ;
#1212 = VECTOR ( 'NONE', #6433, 1000.000000000000000 ) ;
#1213 = CARTESIAN_POINT ( 'NONE',  ( -3.594980525543811201, 21.99609389714080265, -11.48999999999999666 ) ) ;
#1214 = CARTESIAN_POINT ( 'NONE',  ( -4.537275095268996417, 19.12925863282021766, -11.49000000000000199 ) ) ;
#1215 = CARTESIAN_POINT ( 'NONE',  ( -3.675000000000002487, 20.30471527992169811, -11.49000000000000021 ) ) ;
#1216 = CARTESIAN_POINT ( 'NONE',  ( 7.215676064878733698, 22.03466068350456908, -11.50000000000000000 ) ) ;
#1217 = EDGE_CURVE ( 'NONE', #4489, #1094, #1460, .T. ) ;
#1218 = CIRCLE ( 'NONE', #2996, 2.999999999999999112 ) ;
#1219 = CARTESIAN_POINT ( 'NONE',  ( 8.322315517354361702, 18.75083326998012723, -11.49000000000000021 ) ) ;
#1220 = CARTESIAN_POINT ( 'NONE',  ( 1.009641339390540571, 16.27594505135929381, -11.49000000000000021 ) ) ;
#1221 = CARTESIAN_POINT ( 'NONE',  ( 5.174999999999998934, 16.94729340492169456, -11.49000000000000021 ) ) ;
#1222 = B_SPLINE_CURVE_WITH_KNOTS ( 'NONE', 3,
 ( #4223, #6229, #250, #5771, #3295, #1726, #742, #806, #4807, #3738, #5743, #1241, #3236, #5250, #2739, #6488, #2964, #5965, #3499 ),
 .UNSPECIFIED., .F., .F.,
 ( 4, 1, 1, 1, 1, 1, 1, 1, 1, 1, 1, 1, 1, 1, 1, 1, 4 ),
 ( 0.000000000000000000, 0.06915441726730239824, 0.1357820402137707994, 0.1999513382522090377, 0.2624929154416992816, 0.3234279476882707116, 0.3832140737395441921, 0.4421038990113637102, 0.5006533320752819538, 0.5592858252427271859, 0.6179311624381841339, 0.6775095522109149115, 0.7385205988731275983, 0.8009629779693419049, 0.8653206954343649615, 0.9311857153332617765, 1.000000000000000000 ),
 .UNSPECIFIED. ) ;
#1223 = CARTESIAN_POINT ( 'NONE',  ( -9.005375435992664990, 18.30064833457423035, -11.49000000000000021 ) ) ;
#1224 = FACE_OUTER_BOUND ( 'NONE', #5041, .T. ) ;
#1225 = CARTESIAN_POINT ( 'NONE',  ( 8.828245405979032512, 21.31063909908085563, -11.48999999999999311 ) ) ;
#1226 = CARTESIAN_POINT ( 'NONE',  ( -10.18526474376884572, 17.92591752148544870, -11.50000000000000178 ) ) ;
#1227 = VERTEX_POINT ( 'NONE', #3387 ) ;
#1228 = CARTESIAN_POINT ( 'NONE',  ( -10.51093868869121017, 22.23729332867304365, -11.48999999999999844 ) ) ;
#1229 = DIRECTION ( 'NONE',  ( -1.000000000000000000, 0.000000000000000000, 0.000000000000000000 ) ) ;
#1230 = VERTEX_POINT ( 'NONE', #5401 ) ;
#1231 = CARTESIAN_POINT ( 'NONE',  ( 14.59921875000000746, 21.38518402992169598, -11.49000000000000021 ) ) ;
#1232 = CARTESIAN_POINT ( 'NONE',  ( -6.482812500000002309, 18.96994965492169527, -11.49000000000000021 ) ) ;
#1233 = CARTESIAN_POINT ( 'NONE',  ( 17.00000000000000000, 0.000000000000000000, 0.000000000000000000 ) ) ;
#1234 = CARTESIAN_POINT ( 'NONE',  ( -15.37500000000000355, 17.39963715492170238, -11.49000000000000021 ) ) ;
#1235 = DIRECTION ( 'NONE',  ( 0.000000000000000000, 0.000000000000000000, -1.000000000000000000 ) ) ;
#1236 = CARTESIAN_POINT ( 'NONE',  ( -8.175000000000002487, 16.27463715492169882, -11.50000000000000000 ) ) ;
#1237 = CARTESIAN_POINT ( 'NONE',  ( 10.87710053361533369, 18.39855903018868588, -11.50000000000000000 ) ) ;
#1238 = CARTESIAN_POINT ( 'NONE',  ( -9.171009717964762942, 21.22330683897286718, -11.49000000000000021 ) ) ;
#1239 = EDGE_CURVE ( 'NONE', #2588, #1960, #4202, .T. ) ;
#1240 = ORIENTED_EDGE ( 'NONE', *, *, #3685, .T. ) ;
#1241 = CARTESIAN_POINT ( 'NONE',  ( 10.09931611764722348, 18.84470270830584582, -11.50000000000000355 ) ) ;
#1242 = CARTESIAN_POINT ( 'NONE',  ( -12.96914062500000320, 17.39963715492170238, -11.49000000000000021 ) ) ;
#1243 = CARTESIAN_POINT ( 'NONE',  ( 4.823734287597014614, 22.23188231104004586, -11.49999999999999645 ) ) ;
#1244 = CARTESIAN_POINT ( 'NONE',  ( 1.348071541771024950, 22.00949916597215505, -11.49000000000000377 ) ) ;
#1245 = EDGE_CURVE ( 'NONE', #6057, #3384, #1133, .T. ) ;
#1246 = CARTESIAN_POINT ( 'NONE',  ( 17.02972939228912352, 18.72160875816923564, -11.49000000000000554 ) ) ;
#1247 = CARTESIAN_POINT ( 'NONE',  ( 6.375880350763342364, 21.17115393012855407, -11.48999999999999666 ) ) ;
#1248 = CARTESIAN_POINT ( 'NONE',  ( 15.34804687500000675, 20.99963715492169669, -11.49000000000000021 ) ) ;
#1249 = CARTESIAN_POINT ( 'NONE',  ( -2.783576665202361689, 16.84472063150613863, -11.49000000000000021 ) ) ;
#1250 = EDGE_LOOP ( 'NONE', ( #601 ) ) ;
#1251 = CARTESIAN_POINT ( 'NONE',  ( 4.124999999999998224, 16.94729340492169456, -11.49000000000000021 ) ) ;
#1252 = CARTESIAN_POINT ( 'NONE',  ( 9.149436068719250414, 20.99758485995781143, -11.48999999999999844 ) ) ;
#1253 = CARTESIAN_POINT ( 'NONE',  ( 8.962470753568776871, 22.19249872428731507, -11.49000000000000199 ) ) ;
#1254 = CARTESIAN_POINT ( 'NONE',  ( 0.000000000000000000, 30.50000000000000355, -9.500000000000000000 ) ) ;
#1255 = CARTESIAN_POINT ( 'NONE',  ( -8.698707451343270947, 16.91046158873103522, -11.49999999999999822 ) ) ;
#1256 = PLANE ( 'NONE',  #5496 ) ;
#1257 = CARTESIAN_POINT ( 'NONE',  ( -2.681671772194853087, 20.73970417360485641, -11.49000000000000377 ) ) ;
#1258 = ORIENTED_EDGE ( 'NONE', *, *, #6183, .F. ) ;
#1259 = CARTESIAN_POINT ( 'NONE',  ( -19.50000000000000000, 27.25644042258373645, -9.500000000000000000 ) ) ;
#1260 = CARTESIAN_POINT ( 'NONE',  ( -6.301682093579922928, 20.40386585738517766, -11.49000000000000021 ) ) ;
#1261 = SURFACE_STYLE_FILL_AREA ( #3160 ) ;
#1262 = CARTESIAN_POINT ( 'NONE',  ( -6.370742939318219555, 21.58790833981658608, -11.49999999999999822 ) ) ;
#1263 = CARTESIAN_POINT ( 'NONE',  ( -4.543792325670077403, 18.30217358317262111, -11.49000000000000021 ) ) ;
#1264 = CARTESIAN_POINT ( 'NONE',  ( 11.39587142829977218, 17.92614141272353478, -11.50000000000000533 ) ) ;
#1265 = EDGE_CURVE ( 'NONE', #3139, #1062, #502, .T. ) ;
#1266 = CARTESIAN_POINT ( 'NONE',  ( -5.067337329267359358, 19.16592405394532861, -11.48999999999999666 ) ) ;
#1267 = ORIENTED_EDGE ( 'NONE', *, *, #2219, .T. ) ;
#1268 = VERTEX_POINT ( 'NONE', #2056 ) ;
#1269 = B_SPLINE_CURVE_WITH_KNOTS ( 'NONE', 3,
 ( #1044, #5155, #1501, #1079, #5515, #3107, #4578, #4094, #2640, #4507, #152 ),
 .UNSPECIFIED., .F., .F.,
 ( 4, 1, 1, 1, 1, 1, 1, 1, 4 ),
 ( 0.000000000000000000, 0.1621978022794896834, 0.3040405739100145444, 0.4310878738889246664, 0.5482643788869046020, 0.6590923131089556630, 0.7683983586834585156, 0.8794232621383156756, 0.9999999999999998890 ),
 .UNSPECIFIED. ) ;
#1270 = EDGE_CURVE ( 'NONE', #627, #570, #2545, .T. ) ;
#1271 = CARTESIAN_POINT ( 'NONE',  ( 7.486728227835919292, 21.08846252999199677, -11.48999999999999666 ) ) ;
#1272 = CARTESIAN_POINT ( 'NONE',  ( -3.243346690573825519, 16.42804776249486665, -11.50000000000000178 ) ) ;
#1273 = CARTESIAN_POINT ( 'NONE',  ( -7.781642829062185740, 16.42858451561368938, -11.50000000000000178 ) ) ;
#1274 = CARTESIAN_POINT ( 'NONE',  ( 1.111708840677439580, 22.23604127147856957, -11.49000000000000021 ) ) ;
#1275 = LINE ( 'NONE', #3299, #6454 ) ;
#1276 = CARTESIAN_POINT ( 'NONE',  ( 5.141887886480998482, 21.84009299288469919, -11.48999999999999666 ) ) ;
#1277 = CARTESIAN_POINT ( 'NONE',  ( 7.588071800801412969, 21.19895008522265556, -11.49000000000000021 ) ) ;
#1278 = DIRECTION ( 'NONE',  ( -0.000000000000000000, -0.000000000000000000, -1.000000000000000000 ) ) ;
#1279 = ORIENTED_EDGE ( 'NONE', *, *, #3356, .T. ) ;
#1280 = CARTESIAN_POINT ( 'NONE',  ( 7.593032020368364776, 18.99452613146981861, -11.50000000000000533 ) ) ;
#1281 = B_SPLINE_CURVE_WITH_KNOTS ( 'NONE', 3,
 ( #1994, #1497, #6419, #4874, #4473, #3004, #374, #3887, #1926, #3432, #868 ),
 .UNSPECIFIED., .F., .F.,
 ( 4, 1, 1, 1, 1, 1, 1, 1, 4 ),
 ( 0.000000000000000000, 0.1173861104294437185, 0.2286531511958491969, 0.3368062171337758981, 0.4487306857831358520, 0.5682625833702993345, 0.6962263838169623353, 0.8390038949308474825, 1.000000000000000000 ),
 .UNSPECIFIED. ) ;
#1282 = DIRECTION ( 'NONE',  ( -0.000000000000000000, -0.000000000000000000, -1.000000000000000000 ) ) ;
#1283 = CARTESIAN_POINT ( 'NONE',  ( -9.853854499799099997, 22.25661288457864018, -11.49000000000000021 ) ) ;
#1284 = CARTESIAN_POINT ( 'NONE',  ( -10.80139871359291703, 20.67815149495830696, -11.49000000000000199 ) ) ;
#1285 = EDGE_LOOP ( 'NONE', ( #6015, #1561, #879, #3098 ) ) ;
#1286 = CARTESIAN_POINT ( 'NONE',  ( 11.95072247961044276, 21.62909749889684718, -11.49000000000000377 ) ) ;
#1287 = CARTESIAN_POINT ( 'NONE',  ( -14.92681667888047237, 22.26943110957635596, -11.48999999999999844 ) ) ;
#1288 = CARTESIAN_POINT ( 'NONE',  ( 9.372472973416295261, 19.94895541459782251, -11.49999999999999822 ) ) ;
#1289 = CARTESIAN_POINT ( 'NONE',  ( -4.760578548752510741, 22.27423519200771906, -11.49000000000000199 ) ) ;
#1290 = VERTEX_POINT ( 'NONE', #6062 ) ;
#1291 = CARTESIAN_POINT ( 'NONE',  ( -3.271209016718405138, 21.75918664626182775, -11.50000000000000000 ) ) ;
#1292 = CARTESIAN_POINT ( 'NONE',  ( 6.377445627470897271, 19.01447753834156273, -11.49000000000000199 ) ) ;
#1293 = CARTESIAN_POINT ( 'NONE',  ( -11.73306993341244286, 21.13195151185152909, -11.49999999999999645 ) ) ;
#1294 = VECTOR ( 'NONE', #2937, 1000.000000000000000 ) ;
#1295 = DIRECTION ( 'NONE',  ( 0.000000000000000000, 1.000000000000000000, -4.804007867724452779E-13 ) ) ;
#1296 = ORIENTED_EDGE ( 'NONE', *, *, #3416, .F. ) ;
#1297 = ORIENTED_EDGE ( 'NONE', *, *, #4521, .T. ) ;
#1298 = EDGE_LOOP ( 'NONE', ( #3353, #3140, #4588, #3565 ) ) ;
#1299 = CARTESIAN_POINT ( 'NONE',  ( -8.761507307021147994, 20.17746457291966067, -11.50000000000000178 ) ) ;
#1300 = VECTOR ( 'NONE', #4929, 1000.000000000000000 ) ;
#1301 = CARTESIAN_POINT ( 'NONE',  ( -12.96914062500000320, 16.42463715492170451, -11.49000000000000021 ) ) ;
#1302 = EDGE_CURVE ( 'NONE', #1373, #5307, #2934, .T. ) ;
#1303 = CARTESIAN_POINT ( 'NONE',  ( 0.5930308893832794137, 22.17986309398338562, -11.48999999999999844 ) ) ;
#1304 = VECTOR ( 'NONE', #4061, 1000.000000000000000 ) ;
#1305 = CARTESIAN_POINT ( 'NONE',  ( 9.358396125141601019, 19.80204003858042583, -11.49999999999998757 ) ) ;
#1306 = CARTESIAN_POINT ( 'NONE',  ( 4.823734287597014614, 22.23188231104004586, -11.48999999999999666 ) ) ;
#1307 = CARTESIAN_POINT ( 'NONE',  ( 7.327171947297077104, 20.81565776920071542, -11.50000000000000000 ) ) ;
#1308 = VECTOR ( 'NONE', #2728, 1000.000000000000000 ) ;
#1309 = CARTESIAN_POINT ( 'NONE',  ( 9.537003382638534532, 18.26744206656223213, -11.49999999999999822 ) ) ;
#1310 = CARTESIAN_POINT ( 'NONE',  ( 15.34804687500000675, 20.99963715492169669, -11.50000000000000000 ) ) ;
#1311 = CARTESIAN_POINT ( 'NONE',  ( 7.709679548842720109, 18.90475097457477816, -11.48999999999999844 ) ) ;
#1312 = EDGE_CURVE ( 'NONE', #3592, #731, #5300, .T. ) ;
#1313 = AXIS2_PLACEMENT_3D ( 'NONE', #4550, #3477, #32 ) ;
#1314 = CARTESIAN_POINT ( 'NONE',  ( -3.864595950864245122, 21.06393371836490047, -11.49000000000000021 ) ) ;
#1315 = CARTESIAN_POINT ( 'NONE',  ( 1.348071541771024950, 22.00949916597215505, -11.50000000000000355 ) ) ;
#1316 = CARTESIAN_POINT ( 'NONE',  ( 17.09788475551917841, 18.40205667033525572, -11.48999999999999844 ) ) ;
#1317 = ORIENTED_EDGE ( 'NONE', *, *, #4194, .T. ) ;
#1318 = CARTESIAN_POINT ( 'NONE',  ( 1.009641339390540571, 16.27594505135929381, -11.49999999999999822 ) ) ;
#1319 = CARTESIAN_POINT ( 'NONE',  ( 13.14212261506954071, 22.02920297055969456, -11.50000000000000178 ) ) ;
#1320 = CARTESIAN_POINT ( 'NONE',  ( 15.55186888018276292, 22.25007614673311451, -11.49000000000000021 ) ) ;
#1321 = CARTESIAN_POINT ( 'NONE',  ( -9.068191780750217035, 21.11965191184379975, -11.50000000000000000 ) ) ;
#1322 = B_SPLINE_SURFACE_WITH_KNOTS ( 'NONE', 3, 1, ( 
 ( #780, #5685 ),
 ( #5325, #5229 ),
 ( #4230, #2778 ),
 ( #1276, #4288 ),
 ( #3745, #6269 ),
 ( #3213, #4318 ),
 ( #2718, #5198 ),
 ( #1306, #812 ),
 ( #1800, #2807 ),
 ( #6328, #3801 ),
 ( #315, #2262 ) ),
 .UNSPECIFIED., .F., .F., .F.,
 ( 4, 1, 1, 1, 1, 1, 1, 1, 4 ),
 ( 2, 2 ),
 ( 0.000000000000000000, 0.1595205061521181855, 0.2994015266574611145, 0.4239452041548865679, 0.5371820796466389991, 0.6439591882597508476, 0.7534828433016990124, 0.8704726202576643646, 1.000000000000000000 ),
 ( 0.000000000000000000, 1.000000000000000000 ),
 .UNSPECIFIED. ) ;
#1323 = VERTEX_POINT ( 'NONE', #2567 ) ;
#1324 = CARTESIAN_POINT ( 'NONE',  ( -11.92339078659019869, 20.13055745323296009, -11.49999999999999822 ) ) ;
#1325 = CARTESIAN_POINT ( 'NONE',  ( 7.824412709671287658, 17.95975474206379729, -11.49000000000000199 ) ) ;
#1326 = CARTESIAN_POINT ( 'NONE',  ( 11.95072247961044276, 21.62909749889684718, -11.50000000000000355 ) ) ;
#1327 = CARTESIAN_POINT ( 'NONE',  ( -11.01987118588602321, 22.02469944381719813, -11.49999999999999645 ) ) ;
#1328 = CARTESIAN_POINT ( 'NONE',  ( -11.92500000000000071, 20.05276215492169811, -11.49000000000000021 ) ) ;
#1329 = ORIENTED_EDGE ( 'NONE', *, *, #5735, .T. ) ;
#1330 = ORIENTED_EDGE ( 'NONE', *, *, #1038, .T. ) ;
#1331 = B_SPLINE_SURFACE_WITH_KNOTS ( 'NONE', 3, 1, ( 
 ( #5778, #720 ),
 ( #5357, #228 ),
 ( #4229, #6236 ),
 ( #5228, #1305 ),
 ( #3301, #3212 ),
 ( #3711, #4813 ),
 ( #5324, #2683 ),
 ( #5715, #5286 ),
 ( #5749, #2806 ),
 ( #5257, #4317 ),
 ( #779, #750 ),
 ( #2777, #2745 ),
 ( #4687, #6327 ),
 ( #1835, #195 ),
 ( #4750, #2195 ),
 ( #2288, #4287 ),
 ( #6296, #1700 ),
 ( #1219, #3069 ),
 ( #2608, #3991 ) ),
 .UNSPECIFIED., .F., .F., .F.,
 ( 4, 1, 1, 1, 1, 1, 1, 1, 1, 1, 1, 1, 1, 1, 1, 1, 4 ),
 ( 2, 2 ),
 ( 0.000000000000000000, 0.07941354197557445871, 0.1543595797691227067, 0.2252009064304177632, 0.2928003317221138380, 0.3579198682681202226, 0.4201558099957216075, 0.4806474341604318190, 0.5399737050971760155, 0.5978287472821186554, 0.6540855851380864561, 0.7095388948037830712, 0.7653284143526501992, 0.8208619586143293123, 0.8781850744296615385, 0.9378585656585383123, 1.000000000000000000 ),
 ( 0.000000000000000000, 1.000000000000000000 ),
 .UNSPECIFIED. ) ;
#1332 = ORIENTED_EDGE ( 'NONE', *, *, #946, .T. ) ;
#1333 = CARTESIAN_POINT ( 'NONE',  ( 8.227964143621068871, 21.44767328375080595, -11.49000000000000199 ) ) ;
#1334 = CARTESIAN_POINT ( 'NONE',  ( -10.87500000000000178, 20.10549652992169811, -11.49000000000000021 ) ) ;
#1335 = CARTESIAN_POINT ( 'NONE',  ( -10.85298606657232234, 18.06203926173310492, -11.49000000000000377 ) ) ;
#1336 = B_SPLINE_CURVE_WITH_KNOTS ( 'NONE', 3,
 ( #4854, #4236, #2783, #5785, #1315, #2815, #788, #850, #1742, #4790, #3750 ),
 .UNSPECIFIED., .F., .F.,
 ( 4, 1, 1, 1, 1, 1, 1, 1, 4 ),
 ( 0.000000000000000000, 0.1616195376548245632, 0.3061485460751108278, 0.4339200094182578127, 0.5535782189349170990, 0.6659759716831326060, 0.7755952180477280189, 0.8845927291216275634, 1.000000000000000000 ),
 .UNSPECIFIED. ) ;
#1337 = DIRECTION ( 'NONE',  ( -1.000000000000000000, 0.000000000000000000, 0.000000000000000000 ) ) ;
#1338 = CARTESIAN_POINT ( 'NONE',  ( -16.65703125000000284, 17.39963715492170238, -11.50000000000000000 ) ) ;
#1339 = CARTESIAN_POINT ( 'NONE',  ( 10.19944725417219011, 19.02486686079673461, -11.49000000000000021 ) ) ;
#1340 = CARTESIAN_POINT ( 'NONE',  ( -5.715234375000003197, 20.78284027992169669, -11.50000000000000000 ) ) ;
#1341 = CARTESIAN_POINT ( 'NONE',  ( 13.87226145303271352, 17.92769838464855781, -11.50000000000000178 ) ) ;
#1342 = LINE ( 'NONE', #1871, #1953 ) ;
#1343 = ADVANCED_FACE ( 'NONE', ( #5040 ), #2419, .T. ) ;
#1344 = CARTESIAN_POINT ( 'NONE',  ( 13.98164062500000604, 19.27463715492169527, -11.49000000000000021 ) ) ;
#1345 = CARTESIAN_POINT ( 'NONE',  ( 9.356702726503881351, 22.03852681334775809, -11.49999999999999112 ) ) ;
#1346 = CARTESIAN_POINT ( 'NONE',  ( 17.06933418779022560, 18.58653415671409448, -11.48999999999999666 ) ) ;
#1347 = EDGE_CURVE ( 'NONE', #1624, #1983, #237, .T. ) ;
#1348 = VERTEX_POINT ( 'NONE', #3661 ) ;
#1349 = CARTESIAN_POINT ( 'NONE',  ( 12.40106300108341308, 22.23836528860310935, -11.49000000000000199 ) ) ;
#1350 = CARTESIAN_POINT ( 'NONE',  ( -15.03745510055063406, 22.23531663259198154, -11.49000000000000377 ) ) ;
#1351 = CARTESIAN_POINT ( 'NONE',  ( -7.781642829062185740, 16.42858451561368938, -11.49000000000000199 ) ) ;
#1352 = LINE ( 'NONE', #3419, #4860 ) ;
#1353 = VERTEX_POINT ( 'NONE', #1745 ) ;
#1354 = CARTESIAN_POINT ( 'NONE',  ( 8.745849262248480471, 22.23941612238746757, -11.49000000000000021 ) ) ;
#1355 = CARTESIAN_POINT ( 'NONE',  ( -6.482812500000002309, 18.96994965492169527, -11.49000000000000021 ) ) ;
#1356 = ADVANCED_FACE ( 'NONE', ( #3753 ), #1256, .T. ) ;
#1357 = ORIENTED_EDGE ( 'NONE', *, *, #3203, .T. ) ;
#1358 = CARTESIAN_POINT ( 'NONE',  ( 1.503092071677253116, 16.46430965963239501, -11.49000000000000199 ) ) ;
#1359 = B_SPLINE_CURVE_WITH_KNOTS ( 'NONE', 3,
 ( #5245, #4736, #857, #5433, #2888, #5957, #2430, #4430, #6447, #365, #828, #3422, #1458, #2824, #4334, #2853, #2363, #1324, #1882 ),
 .UNSPECIFIED., .F., .F.,
 ( 4, 1, 1, 1, 1, 1, 1, 1, 1, 1, 1, 1, 1, 1, 1, 1, 4 ),
 ( 0.000000000000000000, 0.05995852439492303787, 0.1187699002918759655, 0.1760815479608247303, 0.2338585274550120663, 0.2915794445317002603, 0.3491775348295567127, 0.4074358133993448705, 0.4672794854007256693, 0.5283349030081821995, 0.5903842081227581584, 0.6538223996110089642, 0.7196892810252822903, 0.7873065047549158146, 0.8559650902523796567, 0.9268652257306448927, 0.9999999999999998890 ),
 .UNSPECIFIED. ) ;
#1360 = CARTESIAN_POINT ( 'NONE',  ( -8.621572326463562419, 22.02963670824792430, -11.48999999999999844 ) ) ;
#1361 = ORIENTED_EDGE ( 'NONE', *, *, #6020, .T. ) ;
#1362 = EDGE_LOOP ( 'NONE', ( #6158, #3123, #1329, #5550 ) ) ;
#1363 = ORIENTED_EDGE ( 'NONE', *, *, #5703, .T. ) ;
#1364 = B_SPLINE_CURVE_WITH_KNOTS ( 'NONE', 3,
 ( #5077, #3566, #4571, #6485, #1036, #2961, #6094, #1562, #1591, #3099, #13 ),
 .UNSPECIFIED., .F., .F.,
 ( 4, 1, 1, 1, 1, 1, 1, 1, 4 ),
 ( 0.000000000000000000, 0.1276713205019274211, 0.2517758337628410725, 0.3780909712774903064, 0.5108635854996468328, 0.6430791093729312236, 0.7641327216746153228, 0.8816908386317376944, 1.000000000000000000 ),
 .UNSPECIFIED. ) ;
#1365 = CARTESIAN_POINT ( 'NONE',  ( -8.700000000000001066, 16.96369965492169740, -11.49000000000000021 ) ) ;
#1366 = CARTESIAN_POINT ( 'NONE',  ( -12.51433012773768993, 16.55508464639958532, -11.49999999999999467 ) ) ;
#1367 = EDGE_CURVE ( 'NONE', #4741, #1888, #2270, .T. ) ;
#1368 = LINE ( 'NONE', #1401, #5729 ) ;
#1369 = CARTESIAN_POINT ( 'NONE',  ( -6.482812500000002309, 18.96994965492169527, -11.50000000000000178 ) ) ;
#1370 = CARTESIAN_POINT ( 'NONE',  ( 6.155081164983557507, 19.86447927178693362, -11.50000000000000178 ) ) ;
#1371 = CARTESIAN_POINT ( 'NONE',  ( -9.592957953052730247, 22.19555939912444487, -11.49000000000000199 ) ) ;
#1372 = CARTESIAN_POINT ( 'NONE',  ( 7.200000000000004619, 20.10198090492169598, -11.49999999999999822 ) ) ;
#1373 = VERTEX_POINT ( 'NONE', #6298 ) ;
#1374 = CARTESIAN_POINT ( 'NONE',  ( -19.25000000000000000, 29.00000000000000000, -10.00000000000000888 ) ) ;
#1375 = LINE ( 'NONE', #5291, #765 ) ;
#1376 = CARTESIAN_POINT ( 'NONE',  ( 5.174999999999998934, 21.51057465492169385, -11.49000000000000021 ) ) ;
#1377 = CARTESIAN_POINT ( 'NONE',  ( -5.458593750000002132, 18.61838715492169882, -11.50000000000000000 ) ) ;
#1378 = B_SPLINE_SURFACE_WITH_KNOTS ( 'NONE', 3, 1, ( 
 ( #3267, #191 ),
 ( #3208, #3648 ),
 ( #2257, #4226 ),
 ( #3768, #5774 ),
 ( #3706, #2167 ),
 ( #2772, #4168 ),
 ( #4198, #5711 ),
 ( #5223, #222 ),
 ( #2191, #6265 ),
 ( #4712, #6174 ),
 ( #1664, #287 ) ),
 .UNSPECIFIED., .F., .F., .F.,
 ( 4, 1, 1, 1, 1, 1, 1, 1, 4 ),
 ( 2, 2 ),
 ( 0.000000000000000000, 0.1198065485952951037, 0.2353094562379281218, 0.3502093513678103953, 0.4657122590104427196, 0.5850928388915568323, 0.7124323396174275791, 0.8498923888465131915, 1.000000000000000000 ),
 ( 0.000000000000000000, 1.000000000000000000 ),
 .UNSPECIFIED. ) ;
#1379 = FACE_OUTER_BOUND ( 'NONE', #2331, .T. ) ;
#1380 = CARTESIAN_POINT ( 'NONE',  ( 8.745849262248480471, 22.23941612238746757, -11.49999999999998934 ) ) ;
#1381 = ADVANCED_FACE ( 'NONE', ( #5780 ), #2644, .T. ) ;
#1382 = ORIENTED_EDGE ( 'NONE', *, *, #1710, .T. ) ;
#1383 = B_SPLINE_SURFACE_WITH_KNOTS ( 'NONE', 3, 1, ( 
 ( #4112, #5986 ),
 ( #2997, #6126 ),
 ( #535, #5003 ),
 ( #500, #2498 ),
 ( #1032, #2531 ),
 ( #2054, #4566 ),
 ( #4530, #3368 ),
 ( #2978, #4099 ),
 ( #6110, #5023 ),
 ( #520, #4514 ),
 ( #2678, #3741 ) ),
 .UNSPECIFIED., .F., .F., .F.,
 ( 4, 1, 1, 1, 1, 1, 1, 1, 4 ),
 ( 2, 2 ),
 ( 0.000000000000000000, 0.1393297236756274871, 0.2717319827651868414, 0.3984086084331985855, 0.5223168255343297872, 0.6433996402858395136, 0.7607359744693917847, 0.8792604242212135324, 0.9999999999999998890 ),
 ( 0.000000000000000000, 1.000000000000000000 ),
 .UNSPECIFIED. ) ;
#1384 = CARTESIAN_POINT ( 'NONE',  ( 0.7612157550165771225, 16.33583372566101843, -11.48999999999999666 ) ) ;
#1385 = EDGE_CURVE ( 'NONE', #3810, #3139, #3489, .T. ) ;
#1386 = CARTESIAN_POINT ( 'NONE',  ( -15.03745510055063406, 22.23531663259198154, -11.50000000000000000 ) ) ;
#1387 = CARTESIAN_POINT ( 'NONE',  ( -7.952509825853343983, 16.30891634667927548, -11.49000000000000377 ) ) ;
#1388 = PLANE ( 'NONE',  #2248 ) ;
#1389 = ORIENTED_EDGE ( 'NONE', *, *, #5035, .F. ) ;
#1390 = FACE_OUTER_BOUND ( 'NONE', #81, .T. ) ;
#1391 = CARTESIAN_POINT ( 'NONE',  ( 13.26512525271082232, 21.76506473514104556, -11.49000000000000021 ) ) ;
#1392 = LINE ( 'NONE', #6292, #4434 ) ;
#1393 = ORIENTED_EDGE ( 'NONE', *, *, #613, .T. ) ;
#1394 = CARTESIAN_POINT ( 'NONE',  ( 1.813867302183741037, 16.92983818289959785, -11.49999999999999467 ) ) ;
#1395 = CARTESIAN_POINT ( 'NONE',  ( -8.383387633934539451, 22.23789888721935171, -11.48999999999999488 ) ) ;
#1396 = VERTEX_POINT ( 'NONE', #5097 ) ;
#1397 = EDGE_LOOP ( 'NONE', ( #3340, #3787, #1130, #2956 ) ) ;
#1398 = EDGE_LOOP ( 'NONE', ( #2251, #2372, #3355, #4936 ) ) ;
#1399 = CARTESIAN_POINT ( 'NONE',  ( -6.377872914041828878, 19.56608088518806099, -11.49000000000000021 ) ) ;
#1400 = CARTESIAN_POINT ( 'NONE',  ( -5.185460651216746264, 18.47872507116456475, -11.49000000000000021 ) ) ;
#1401 = CARTESIAN_POINT ( 'NONE',  ( 12.62695312500000711, 20.99963715492169669, -11.49000000000000021 ) ) ;
#1402 = CARTESIAN_POINT ( 'NONE',  ( 8.322315517354361702, 18.75083326998012723, -11.49000000000000021 ) ) ;
#1403 = CARTESIAN_POINT ( 'NONE',  ( -6.513721957103495441, 19.15429765030213716, -11.49000000000000199 ) ) ;
#1404 = CARTESIAN_POINT ( 'NONE',  ( 12.63867187500000711, 22.27463715492169172, -11.50000000000000000 ) ) ;
#1405 = PLANE ( 'NONE',  #5525 ) ;
#1406 = VECTOR ( 'NONE', #4238, 1000.000000000000000 ) ;
#1407 = CARTESIAN_POINT ( 'NONE',  ( 1.670283239466187730, 16.69270847560313697, -11.49000000000000021 ) ) ;
#1408 = CARTESIAN_POINT ( 'NONE',  ( 4.606373059018464389, 16.27645148129916208, -11.48999999999999844 ) ) ;
#1409 = ORIENTED_EDGE ( 'NONE', *, *, #4716, .F. ) ;
#1410 = VECTOR ( 'NONE', #557, 1000.000000000000000 ) ;
#1411 = CARTESIAN_POINT ( 'NONE',  ( -5.507972974186617243, 16.42612388077197494, -11.48999999999999844 ) ) ;
#1412 = DIRECTION ( 'NONE',  ( -0.000000000000000000, -0.000000000000000000, -1.000000000000000000 ) ) ;
#1413 = EDGE_CURVE ( 'NONE', #556, #1485, #718, .T. ) ;
#1414 = CARTESIAN_POINT ( 'NONE',  ( -11.85788815893836023, 20.72614638611195303, -11.49000000000000377 ) ) ;
#1415 = CARTESIAN_POINT ( 'NONE',  ( -9.326043371939929827, 18.08664341820409760, -11.50000000000000533 ) ) ;
#1416 = CARTESIAN_POINT ( 'NONE',  ( 10.09754831568043976, 21.35948247765526276, -11.49999999999999645 ) ) ;
#1417 = VECTOR ( 'NONE', #3576, 1000.000000000000000 ) ;
#1418 = B_SPLINE_CURVE_WITH_KNOTS ( 'NONE', 3,
 ( #3467, #4877, #2343, #4348, #2442, #908, #378, #2378, #6357, #4380, #3960, #6391, #6422, #5474, #3860, #5866, #3891, #1402, #3400 ),
 .UNSPECIFIED., .F., .F.,
 ( 4, 1, 1, 1, 1, 1, 1, 1, 1, 1, 1, 1, 1, 1, 1, 1, 4 ),
 ( 0.000000000000000000, 0.07941354197557445871, 0.1543595797691227067, 0.2252009064304177632, 0.2928003317221138380, 0.3579198682681202226, 0.4201558099957216075, 0.4806474341604318190, 0.5399737050971760155, 0.5978287472821186554, 0.6540855851380864561, 0.7095388948037830712, 0.7653284143526501992, 0.8208619586143293123, 0.8781850744296615385, 0.9378585656585383123, 1.000000000000000000 ),
 .UNSPECIFIED. ) ;
#1419 = CARTESIAN_POINT ( 'NONE',  ( 0.4359374999999984235, 16.67776215492169456, -11.49000000000000199 ) ) ;
#1420 = CIRCLE ( 'NONE', #359, 2.999999999999999112 ) ;
#1421 = CARTESIAN_POINT ( 'NONE',  ( -15.34066629910576118, 21.87383924916064259, -11.48999999999999488 ) ) ;
#1422 = EDGE_CURVE ( 'NONE', #6057, #2437, #1684, .T. ) ;
#1423 = CARTESIAN_POINT ( 'NONE',  ( -7.679790531421367916, 16.62805301437345307, -11.49999999999999822 ) ) ;
#1424 = CARTESIAN_POINT ( 'NONE',  ( 14.55516149860923747, 18.29578969627435470, -11.48999999999999844 ) ) ;
#1425 = ORIENTED_EDGE ( 'NONE', *, *, #550, .F. ) ;
#1426 = CARTESIAN_POINT ( 'NONE',  ( -19.50000000000000000, 30.50000000000000355, -9.500000000000000000 ) ) ;
#1427 = CARTESIAN_POINT ( 'NONE',  ( 6.296429384009474717, 19.21001160254373019, -11.49000000000000021 ) ) ;
#1428 = CARTESIAN_POINT ( 'NONE',  ( 15.30225495327341356, 22.27294516771391741, -11.50000000000000000 ) ) ;
#1429 = EDGE_LOOP ( 'NONE', ( #79 ) ) ;
#1430 = CARTESIAN_POINT ( 'NONE',  ( 13.32568884334423664, 21.58412694597043924, -11.49000000000000199 ) ) ;
#1431 = CARTESIAN_POINT ( 'NONE',  ( -3.265427468865233607, 18.71848576741971826, -11.50000000000000000 ) ) ;
#1432 = ORIENTED_EDGE ( 'NONE', *, *, #73, .F. ) ;
#1433 = ORIENTED_EDGE ( 'NONE', *, *, #3904, .T. ) ;
#1434 = ADVANCED_FACE ( 'NONE', ( #654 ), #4653, .T. ) ;
#1435 = CARTESIAN_POINT ( 'NONE',  ( -6.301845363182843940, 19.62776320681376419, -11.48999999999999844 ) ) ;
#1436 = CARTESIAN_POINT ( 'NONE',  ( -4.422656250000001954, 18.29963715492169740, -11.49000000000000021 ) ) ;
#1437 = CARTESIAN_POINT ( 'NONE',  ( -9.290032555609498033, 18.90767562850403749, -11.49999999999999822 ) ) ;
#1438 = EDGE_CURVE ( 'NONE', #5110, #5034, #3915, .T. ) ;
#1439 = B_SPLINE_SURFACE_WITH_KNOTS ( 'NONE', 3, 1, ( 
 ( #994, #1131 ),
 ( #3029, #533 ),
 ( #3560, #6088 ),
 ( #44, #1587 ),
 ( #2530, #4111 ),
 ( #2052, #4050 ),
 ( #629, #2113 ),
 ( #1064, #3594 ),
 ( #566, #2599 ),
 ( #5786, #263 ),
 ( #3279, #3154 ),
 ( #1283, #4269 ),
 ( #1646, #3751 ),
 ( #5297, #6274 ),
 ( #2784, #2658 ) ),
 .UNSPECIFIED., .F., .F., .F.,
 ( 4, 1, 1, 1, 1, 1, 1, 1, 1, 1, 1, 1, 4 ),
 ( 2, 2 ),
 ( 0.000000000000000000, 0.09638566373024053113, 0.1882217033894330038, 0.2737406784429102791, 0.3552053634372426827, 0.4340946516955836443, 0.5124517115487025043, 0.5901415646379307711, 0.6682917302987345654, 0.7474048720720594119, 0.8293512220137599922, 0.9131401036652555536, 0.9999999999999998890 ),
 ( 0.000000000000000000, 1.000000000000000000 ),
 .UNSPECIFIED. ) ;
#1440 = CARTESIAN_POINT ( 'NONE',  ( -10.25123498506594721, 18.83866667005231577, -11.48999999999999844 ) ) ;
#1441 = DIRECTION ( 'NONE',  ( 1.000000000000000000, 0.000000000000000000, -1.224646799147353207E-16 ) ) ;
#1442 = B_SPLINE_CURVE_WITH_KNOTS ( 'NONE', 3,
 ( #4875, #5996, #2474, #1400, #5472, #409, #2406, #4408, #1008, #6420, #5512 ),
 .UNSPECIFIED., .F., .F.,
 ( 4, 1, 1, 1, 1, 1, 1, 1, 4 ),
 ( 0.000000000000000000, 0.1445011226731097165, 0.2817940905082269021, 0.4136652199223511128, 0.5391365845347640962, 0.6610715303572058943, 0.7776846572542785996, 0.8908332520504091967, 0.9999999999999998890 ),
 .UNSPECIFIED. ) ;
#1443 = CARTESIAN_POINT ( 'NONE',  ( 4.683049775448246521, 16.27649201353254327, -11.48999999999999844 ) ) ;
#1444 = CARTESIAN_POINT ( 'NONE',  ( 15.71672912366161867, 22.16366602970323996, -11.49000000000000199 ) ) ;
#1445 = CARTESIAN_POINT ( 'NONE',  ( 4.503277247671515049, 22.27255154790667291, -11.49000000000000021 ) ) ;
#1446 = EDGE_CURVE ( 'NONE', #3537, #6154, #236, .T. ) ;
#1447 = CARTESIAN_POINT ( 'NONE',  ( -6.151171875000002842, 17.05276215492169811, -11.50000000000000000 ) ) ;
#1448 = CARTESIAN_POINT ( 'NONE',  ( -4.702734375000002132, 22.27463715492169527, -11.49000000000000021 ) ) ;
#1449 = CARTESIAN_POINT ( 'NONE',  ( 13.26796875000000853, 18.76487152992169527, -11.50000000000000000 ) ) ;
#1450 = CARTESIAN_POINT ( 'NONE',  ( -3.795718036443303856, 20.93277426385076723, -11.49000000000000199 ) ) ;
#1451 = CARTESIAN_POINT ( 'NONE',  ( 9.697001082449906662, 21.81459937729084331, -11.50000000000000000 ) ) ;
#1452 = DIRECTION ( 'NONE',  ( 1.000000000000000000, 0.000000000000000000, 0.000000000000000000 ) ) ;
#1453 = CARTESIAN_POINT ( 'NONE',  ( 11.39587142829977218, 17.92614141272353478, -11.50000000000000178 ) ) ;
#1454 = LINE ( 'NONE', #397, #5104 ) ;
#1455 = DIRECTION ( 'NONE',  ( -3.016910393003144338E-16, -0.000000000000000000, 1.000000000000000000 ) ) ;
#1456 = B_SPLINE_CURVE_WITH_KNOTS ( 'NONE', 3,
 ( #6202, #221, #1695, #5710, #4225, #3740, #5745, #1243, #584, #4098, #6109 ),
 .UNSPECIFIED., .F., .F.,
 ( 4, 1, 1, 1, 1, 1, 1, 1, 4 ),
 ( 0.000000000000000000, 0.1595205061521181855, 0.2994015266574611145, 0.4239452041548865679, 0.5371820796466389991, 0.6439591882597508476, 0.7534828433016990124, 0.8704726202576643646, 1.000000000000000000 ),
 .UNSPECIFIED. ) ;
#1457 = ORIENTED_EDGE ( 'NONE', *, *, #1245, .F. ) ;
#1458 = CARTESIAN_POINT ( 'NONE',  ( -11.73306993341244286, 21.13195151185152909, -11.50000000000000000 ) ) ;
#1459 = CARTESIAN_POINT ( 'NONE',  ( 8.281640625000004974, 21.44963715492169243, -11.50000000000000000 ) ) ;
#1460 = LINE ( 'NONE', #3767, #3502 ) ;
#1461 = ORIENTED_EDGE ( 'NONE', *, *, #2905, .F. ) ;
#1462 = CARTESIAN_POINT ( 'NONE',  ( 7.039329877785744038, 21.93007160977902359, -11.48999999999999844 ) ) ;
#1463 = CARTESIAN_POINT ( 'NONE',  ( -8.474636408535333842, 22.18796590187123030, -11.49000000000000554 ) ) ;
#1464 = EDGE_LOOP ( 'NONE', ( #5985, #1389, #5508, #4839 ) ) ;
#1465 = CARTESIAN_POINT ( 'NONE',  ( -8.567756777384131439, 16.44860811010223145, -11.48999999999999844 ) ) ;
#1466 = CARTESIAN_POINT ( 'NONE',  ( -3.880475438579894742, 18.37748784495739329, -11.49000000000000732 ) ) ;
#1467 = EDGE_CURVE ( 'NONE', #538, #4271, #4664, .T. ) ;
#1468 = CARTESIAN_POINT ( 'NONE',  ( -9.687355587429498982, 18.75614753085467612, -11.50000000000000000 ) ) ;
#1469 = CARTESIAN_POINT ( 'NONE',  ( -8.554825918658504946, 22.11797208773593937, -11.48999999999999844 ) ) ;
#1470 = CARTESIAN_POINT ( 'NONE',  ( -6.513721957103495441, 19.15429765030213716, -11.50000000000000355 ) ) ;
#1471 = CARTESIAN_POINT ( 'NONE',  ( 12.40106300108341308, 22.23836528860310935, -11.50000000000000178 ) ) ;
#1472 = CARTESIAN_POINT ( 'NONE',  ( 16.71395079490985580, 17.92924307044615873, -11.48999999999999844 ) ) ;
#1473 = CARTESIAN_POINT ( 'NONE',  ( 1.180092494667325909, 16.28051855963171235, -11.48999999999999844 ) ) ;
#1474 = LINE ( 'NONE', #6005, #2656 ) ;
#1475 = CARTESIAN_POINT ( 'NONE',  ( -2.787192358532365688, 16.97413742900285172, -11.49000000000000377 ) ) ;
#1476 = EDGE_LOOP ( 'NONE', ( #372, #4627, #4144, #2995, #4805, #3974, #4406, #1889, #5835, #3350, #5787 ) ) ;
#1477 = CARTESIAN_POINT ( 'NONE',  ( -6.151171875000002842, 17.05276215492169811, -11.49000000000000021 ) ) ;
#1478 = CARTESIAN_POINT ( 'NONE',  ( -5.343467871011468695, 22.21260215394732640, -11.49000000000000021 ) ) ;
#1479 = CARTESIAN_POINT ( 'NONE',  ( -12.51703134806053974, 17.27004626163477141, -11.49000000000000021 ) ) ;
#1480 = CARTESIAN_POINT ( 'NONE',  ( 7.820776278384351521, 22.23973599461782413, -11.48999999999999844 ) ) ;
#1481 = CARTESIAN_POINT ( 'NONE',  ( -10.80139871359291703, 20.67815149495830696, -11.50000000000000178 ) ) ;
#1482 = CARTESIAN_POINT ( 'NONE',  ( -21.50000000000000000, 1.500000000000000000, -11.50000000000000000 ) ) ;
#1483 = CARTESIAN_POINT ( 'NONE',  ( -8.700000000000001066, 21.66526215492169882, -11.50000000000000000 ) ) ;
#1484 = CARTESIAN_POINT ( 'NONE',  ( 14.70703125000000711, 18.76487152992169527, -11.49000000000000021 ) ) ;
#1485 = VERTEX_POINT ( 'NONE', #603 ) ;
#1486 = CARTESIAN_POINT ( 'NONE',  ( -2.626449696806389955, 20.12181836593276074, -11.50000000000000355 ) ) ;
#1487 = VERTEX_POINT ( 'NONE', #3155 ) ;
#1488 = CARTESIAN_POINT ( 'NONE',  ( 8.518472623091795981, 21.42983988235740966, -11.49999999999999822 ) ) ;
#1489 = CARTESIAN_POINT ( 'NONE',  ( -17.24830029323340241, 16.94944571224085195, -11.50000000000000000 ) ) ;
#1490 = VERTEX_POINT ( 'NONE', #6186 ) ;
#1491 = CARTESIAN_POINT ( 'NONE',  ( 12.63867187500000711, 22.27463715492169172, -11.49000000000000021 ) ) ;
#1492 = CARTESIAN_POINT ( 'NONE',  ( -14.25140895448963718, 21.62322698153153766, -11.49000000000000199 ) ) ;
#1493 = B_SPLINE_SURFACE_WITH_KNOTS ( 'NONE', 3, 1, ( 
 ( #820, #2817 ),
 ( #2354, #2271 ),
 ( #3377, #1746 ),
 ( #1257, #2105 ),
 ( #1578, #5625 ),
 ( #4041, #2009 ),
 ( #5487, #5529 ),
 ( #1022, #5562 ),
 ( #986, #4587 ),
 ( #98, #2077 ),
 ( #1121, #3081 ),
 ( #5098, #2553 ),
 ( #4102, #6114 ),
 ( #34, #490 ),
 ( #3117, #2488 ),
 ( #2521, #2040 ),
 ( #1548, #5061 ),
 ( #2455, #5592 ),
 ( #1607, #555 ),
 ( #590, #3616 ),
 ( #2984, #6050 ),
 ( #4070, #5131 ),
 ( #3019, #3550 ) ),
 .UNSPECIFIED., .F., .F., .F.,
 ( 4, 1, 1, 1, 1, 1, 1, 1, 1, 1, 1, 1, 1, 1, 1, 1, 1, 1, 1, 1, 4 ),
 ( 2, 2 ),
 ( 0.000000000000000000, 0.08555296514202580249, 0.1686555273878581618, 0.2497345523834831604, 0.3304999182622664899, 0.3708183740751191948, 0.4104389214578824108, 0.4498607567959730380, 0.4892778107353520922, 0.5288840841578640317, 0.5688708239712109149, 0.6092142042626437215, 0.6503212202130232988, 0.6918796828475827221, 0.7339191274285105093, 0.7761970110408114021, 0.8189477832778142563, 0.8624719199818281501, 0.9069399687947112820, 0.9528333461798221826, 1.000000000000000000 ),
 ( 0.000000000000000000, 1.000000000000000000 ),
 .UNSPECIFIED. ) ;
#1494 = ADVANCED_FACE ( 'NONE', ( #6156 ), #377, .T. ) ;
#1495 = CARTESIAN_POINT ( 'NONE',  ( -5.857631313367845927, 16.50144725020565417, -11.49000000000000199 ) ) ;
#1496 = VERTEX_POINT ( 'NONE', #3691 ) ;
#1497 = CARTESIAN_POINT ( 'NONE',  ( 0.8622409255989462729, 22.27284244780192424, -11.50000000000000000 ) ) ;
#1498 = CARTESIAN_POINT ( 'NONE',  ( -5.185460651216746264, 18.47872507116456475, -11.49000000000000021 ) ) ;
#1499 = CARTESIAN_POINT ( 'NONE',  ( 13.39024841483031558, 18.37204293820096268, -11.50000000000000178 ) ) ;
#1500 = CARTESIAN_POINT ( 'NONE',  ( -6.533902715808285855, 20.53484313693459384, -11.50000000000000178 ) ) ;
#1501 = CARTESIAN_POINT ( 'NONE',  ( -16.79210983933947787, 17.39571808965235533, -11.48999999999999844 ) ) ;
#1502 = CARTESIAN_POINT ( 'NONE',  ( -3.377343750000002309, 16.42463715492170095, -11.49000000000000021 ) ) ;
#1503 = CARTESIAN_POINT ( 'NONE',  ( 12.16950642446744801, 22.06982010378462888, -11.49999999999999645 ) ) ;
#1504 = VERTEX_POINT ( 'NONE', #2601 ) ;
#1505 = CARTESIAN_POINT ( 'NONE',  ( 17.09405659969967317, 18.28432754084831302, -11.48999999999999844 ) ) ;
#1506 = CARTESIAN_POINT ( 'NONE',  ( -9.022054309678885886, 21.87574760990404954, -11.48999999999999844 ) ) ;
#1507 = CYLINDRICAL_SURFACE ( 'NONE', #4657, 2.299999999999999822 ) ;
#1508 = CARTESIAN_POINT ( 'NONE',  ( 15.34101562500000782, 22.27463715492169172, -11.49000000000000021 ) ) ;
#1509 = CARTESIAN_POINT ( 'NONE',  ( 4.606373059018464389, 16.27645148129916208, -11.49999999999999822 ) ) ;
#1510 = LINE ( 'NONE', #2007, #6043 ) ;
#1511 = VECTOR ( 'NONE', #3519, 1000.000000000000000 ) ;
#1512 = CARTESIAN_POINT ( 'NONE',  ( -12.37261909970936991, 17.01679762718747568, -11.50000000000000000 ) ) ;
#1513 = CARTESIAN_POINT ( 'NONE',  ( -5.455078125000002665, 16.42463715492170095, -11.50000000000000000 ) ) ;
#1514 = ORIENTED_EDGE ( 'NONE', *, *, #2679, .T. ) ;
#1515 = CARTESIAN_POINT ( 'NONE',  ( 9.533414156291421193, 21.93441010817642933, -11.50000000000000355 ) ) ;
#1516 = VECTOR ( 'NONE', #576, 1000.000000000000000 ) ;
#1517 = B_SPLINE_CURVE_WITH_KNOTS ( 'NONE', 3,
 ( #974, #4444, #1472, #4983, #482, #6495, #2000, #3998, #1505, #3508, #5519 ),
 .UNSPECIFIED., .F., .F.,
 ( 4, 1, 1, 1, 1, 1, 1, 1, 4 ),
 ( 0.000000000000000000, 0.1297522872832853336, 0.2555926718694389588, 0.3813396684022236083, 0.5115739345768659518, 0.6409232008919140133, 0.7611838978045116777, 0.8797393030874064435, 1.000000000000000000 ),
 .UNSPECIFIED. ) ;
#1518 = PLANE ( 'NONE',  #6336 ) ;
#1519 = EDGE_CURVE ( 'NONE', #1856, #6319, #109, .T. ) ;
#1520 = CARTESIAN_POINT ( 'NONE',  ( 11.90441820591260580, 18.53815257297222274, -11.50000000000000000 ) ) ;
#1521 = FACE_OUTER_BOUND ( 'NONE', #1464, .T. ) ;
#1522 = VECTOR ( 'NONE', #4690, 1000.000000000000000 ) ;
#1523 = ORIENTED_EDGE ( 'NONE', *, *, #4642, .T. ) ;
#1524 = VERTEX_POINT ( 'NONE', #2147 ) ;
#1525 = CARTESIAN_POINT ( 'NONE',  ( -3.024178551508941215, 18.97141549032662056, -11.50000000000000178 ) ) ;
#1526 = CARTESIAN_POINT ( 'NONE',  ( 16.53207856197129288, 17.92782571650990775, -11.50000000000000355 ) ) ;
#1527 = CARTESIAN_POINT ( 'NONE',  ( 8.731847664092043715, 21.36274876172665671, -11.50000000000000178 ) ) ;
#1528 = CARTESIAN_POINT ( 'NONE',  ( 16.15130166506324016, 18.29123951932173853, -11.49000000000000199 ) ) ;
#1529 = ORIENTED_EDGE ( 'NONE', *, *, #5439, .T. ) ;
#1530 = CARTESIAN_POINT ( 'NONE',  ( 0.6759405771447636324, 16.38548624405836662, -11.50000000000000355 ) ) ;
#1531 = CARTESIAN_POINT ( 'NONE',  ( -3.016580159458559063, 16.48431490229452479, -11.49000000000000199 ) ) ;
#1532 = VECTOR ( 'NONE', #5086, 1000.000000000000000 ) ;
#1533 = CARTESIAN_POINT ( 'NONE',  ( -11.54681301622305156, 18.63268140073694212, -11.49999999999999822 ) ) ;
#1534 = ORIENTED_EDGE ( 'NONE', *, *, #3682, .T. ) ;
#1535 = CARTESIAN_POINT ( 'NONE',  ( -4.638096359612625896, 21.52315844254486166, -11.49000000000000021 ) ) ;
#1536 = CARTESIAN_POINT ( 'NONE',  ( 8.627945980358298073, 21.40140606603167583, -11.49000000000000021 ) ) ;
#1537 = DIRECTION ( 'NONE',  ( -0.8320502943378437211, 0.5547001962252291474, 0.000000000000000000 ) ) ;
#1538 = ADVANCED_FACE ( 'NONE', ( #3724 ), #2115, .T. ) ;
#1539 = DIRECTION ( 'NONE',  ( 0.000000000000000000, 0.000000000000000000, -1.000000000000000000 ) ) ;
#1540 = CARTESIAN_POINT ( 'NONE',  ( -3.016580159458559063, 16.48431490229452479, -11.50000000000000178 ) ) ;
#1541 = LINE ( 'NONE', #3543, #787 ) ;
#1542 = CARTESIAN_POINT ( 'NONE',  ( 5.173238964690442643, 16.89445050024333383, -11.50000000000000000 ) ) ;
#1543 = CARTESIAN_POINT ( 'NONE',  ( 10.87876341573932315, 18.28652104434131687, -11.49000000000000021 ) ) ;
#1544 = CARTESIAN_POINT ( 'NONE',  ( -8.700000000000001066, 16.96369965492169740, -11.49000000000000021 ) ) ;
#1545 = LINE ( 'NONE', #1942, #1841 ) ;
#1546 = ADVANCED_FACE ( 'NONE', ( #5692 ), #656, .T. ) ;
#1547 = CARTESIAN_POINT ( 'NONE',  ( -8.836140597093088189, 19.53839994174161276, -11.49999999999999822 ) ) ;
#1548 = CARTESIAN_POINT ( 'NONE',  ( -3.973776528878409042, 22.16752030710372878, -11.49000000000000021 ) ) ;
#1549 = ORIENTED_EDGE ( 'NONE', *, *, #1557, .F. ) ;
#1550 = CARTESIAN_POINT ( 'NONE',  ( 9.356702726503881351, 22.03852681334775809, -11.50000000000000178 ) ) ;
#1551 = CARTESIAN_POINT ( 'NONE',  ( 13.60735999448576372, 18.03853498385417353, -11.48999999999999844 ) ) ;
#1552 = DIRECTION ( 'NONE',  ( 1.000000000000000000, 0.000000000000000000, -1.224646799147352714E-16 ) ) ;
#1553 = CARTESIAN_POINT ( 'NONE',  ( -9.548370518782553162, 18.78595734989040267, -11.48999999999999844 ) ) ;
#1554 = EDGE_CURVE ( 'NONE', #2831, #3537, #2973, .T. ) ;
#1555 = CARTESIAN_POINT ( 'NONE',  ( 14.66310399458702918, 18.61756553371917278, -11.49999999999999289 ) ) ;
#1556 = VERTEX_POINT ( 'NONE', #1687 ) ;
#1557 = EDGE_CURVE ( 'NONE', #3533, #12, #4704, .T. ) ;
#1558 = CARTESIAN_POINT ( 'NONE',  ( -9.821484375000004263, 21.44963715492169953, -11.50000000000000178 ) ) ;
#1559 = ORIENTED_EDGE ( 'NONE', *, *, #5088, .F. ) ;
#1560 = CARTESIAN_POINT ( 'NONE',  ( 13.19896251363819495, 21.91786500217352796, -11.49000000000000199 ) ) ;
#1561 = ORIENTED_EDGE ( 'NONE', *, *, #5680, .F. ) ;
#1562 = CARTESIAN_POINT ( 'NONE',  ( -6.491194062537248399, 19.41521049992471148, -11.49999999999999822 ) ) ;
#1563 = CARTESIAN_POINT ( 'NONE',  ( -5.755129059589767060, 20.69396377169337242, -11.50000000000000178 ) ) ;
#1564 = CARTESIAN_POINT ( 'NONE',  ( -5.715234375000003197, 20.78284027992169669, -11.49000000000000021 ) ) ;
#1565 = VERTEX_POINT ( 'NONE', #244 ) ;
#1566 = EDGE_CURVE ( 'NONE', #6184, #5503, #5246, .T. ) ;
#1567 = CARTESIAN_POINT ( 'NONE',  ( -4.401788517603418605, 21.48806138883030314, -11.49999999999999645 ) ) ;
#1568 = CARTESIAN_POINT ( 'NONE',  ( 8.731847664092043715, 21.36274876172665671, -11.49000000000000199 ) ) ;
#1569 = CARTESIAN_POINT ( 'NONE',  ( -6.466631145938009695, 20.47505413184716261, -11.49000000000000021 ) ) ;
#1570 = CARTESIAN_POINT ( 'NONE',  ( -8.175000000000004263, 22.27463715492169882, -11.49000000000000199 ) ) ;
#1571 = CARTESIAN_POINT ( 'NONE',  ( 5.169940467096794556, 16.79547338548765012, -11.48999999999999844 ) ) ;
#1572 = B_SPLINE_CURVE_WITH_KNOTS ( 'NONE', 3,
 ( #1037, #606, #3567, #5577, #5007, #3064, #4021, #4972, #1563, #2537, #3036 ),
 .UNSPECIFIED., .F., .F.,
 ( 4, 1, 1, 1, 1, 1, 1, 1, 4 ),
 ( 0.000000000000000000, 0.1198065485952951037, 0.2353094562379281218, 0.3502093513678103953, 0.4657122590104427196, 0.5850928388915568323, 0.7124323396174275791, 0.8498923888465131915, 1.000000000000000000 ),
 .UNSPECIFIED. ) ;
#1573 = DIRECTION ( 'NONE',  ( 1.000000000000000000, 0.000000000000000000, 0.000000000000000000 ) ) ;
#1574 = CARTESIAN_POINT ( 'NONE',  ( 15.22795236910491745, 22.26970169910728004, -11.48999999999999844 ) ) ;
#1575 = CARTESIAN_POINT ( 'NONE',  ( -6.523250798638578374, 19.20766849933373877, -11.49000000000000021 ) ) ;
#1576 = CARTESIAN_POINT ( 'NONE',  ( -14.25000000000000178, 17.39963715492170238, -11.49000000000000021 ) ) ;
#1577 = CARTESIAN_POINT ( 'NONE',  ( -3.877378409351003974, 19.53275925554877190, -11.48999999999999844 ) ) ;
#1578 = CARTESIAN_POINT ( 'NONE',  ( -2.758687360460194693, 20.99902687762945064, -11.48999999999999488 ) ) ;
#1579 = ORIENTED_EDGE ( 'NONE', *, *, #6218, .T. ) ;
#1580 = CARTESIAN_POINT ( 'NONE',  ( 6.150000000000004796, 20.09963715492169456, -11.49000000000000021 ) ) ;
#1581 = DIRECTION ( 'NONE',  ( -0.000000000000000000, -0.000000000000000000, -1.000000000000000000 ) ) ;
#1582 = CARTESIAN_POINT ( 'NONE',  ( 7.200000000000005507, 20.10198090492169953, -11.50000000000000178 ) ) ;
#1583 = DIRECTION ( 'NONE',  ( 0.000000000000000000, 1.000000000000000000, 0.000000000000000000 ) ) ;
#1584 = CARTESIAN_POINT ( 'NONE',  ( 11.25810916044281207, 17.92871372214521131, -11.50000000000000355 ) ) ;
#1585 = ORIENTED_EDGE ( 'NONE', *, *, #2069, .F. ) ;
#1586 = EDGE_LOOP ( 'NONE', ( #6384, #6122, #4897, #5368 ) ) ;
#1587 = CARTESIAN_POINT ( 'NONE',  ( -8.914543514105981004, 21.78100815989244055, -11.49999999999999467 ) ) ;
#1588 = CARTESIAN_POINT ( 'NONE',  ( 8.402046405795490003, 21.44608958020053535, -11.50000000000000178 ) ) ;
#1589 = CARTESIAN_POINT ( 'NONE',  ( -10.84345689390677947, 20.50098030225191081, -11.48999999999999666 ) ) ;
#1590 = ORIENTED_EDGE ( 'NONE', *, *, #140, .F. ) ;
#1591 = CARTESIAN_POINT ( 'NONE',  ( -6.520845768079131410, 19.33020177458302058, -11.50000000000000355 ) ) ;
#1592 = CARTESIAN_POINT ( 'NONE',  ( -3.120681532251910806, 16.44856275220585218, -11.48999999999999666 ) ) ;
#1593 = VERTEX_POINT ( 'NONE', #3232 ) ;
#1594 = CARTESIAN_POINT ( 'NONE',  ( -12.92134550466914611, 16.42586727114634471, -11.50000000000000000 ) ) ;
#1595 = CARTESIAN_POINT ( 'NONE',  ( 8.281640625000004974, 17.92463715492169385, -11.49000000000000021 ) ) ;
#1596 = CARTESIAN_POINT ( 'NONE',  ( -10.50398501798016859, 17.95682100496516753, -11.49000000000000377 ) ) ;
#1597 = DIRECTION ( 'NONE',  ( 1.000000000000000000, 0.000000000000000000, -0.000000000000000000 ) ) ;
#1598 = EDGE_CURVE ( 'NONE', #3909, #1593, #1187, .T. ) ;
#1599 = EDGE_LOOP ( 'NONE', ( #4310, #3003, #4641, #337 ) ) ;
#1600 = VERTEX_POINT ( 'NONE', #2700 ) ;
#1601 = CARTESIAN_POINT ( 'NONE',  ( 5.174999999999998934, 21.51057465492169385, -11.49000000000000021 ) ) ;
#1602 = B_SPLINE_SURFACE_WITH_KNOTS ( 'NONE', 3, 1, ( 
 ( #4575, #6035 ),
 ( #1535, #4060 ),
 ( #6100, #3538 ),
 ( #6069, #1567 ),
 ( #211, #2665 ),
 ( #796, #4797 ),
 ( #2759, #2300 ),
 ( #5826, #5271 ),
 ( #1784, #6255 ),
 ( #1685, #5736 ),
 ( #5306, #4766 ),
 ( #3194, #302 ),
 ( #1199, #3162 ),
 ( #2276, #6280 ),
 ( #5212, #4301 ) ),
 .UNSPECIFIED., .F., .F., .F.,
 ( 4, 1, 1, 1, 1, 1, 1, 1, 1, 1, 1, 1, 4 ),
 ( 2, 2 ),
 ( 0.000000000000000000, 0.08326972925402192915, 0.1629625909004710216, 0.2406207817574240182, 0.3183377653480006231, 0.3957968502873387417, 0.4737150721784918472, 0.5536831087100392290, 0.6371745605583289951, 0.7231684227778992780, 0.8116283351750031017, 0.9035961357217940915, 1.000000000000000000 ),
 ( 0.000000000000000000, 1.000000000000000000 ),
 .UNSPECIFIED. ) ;
#1603 = CARTESIAN_POINT ( 'NONE',  ( -10.73828661113046756, 20.83757042758015388, -11.49000000000000021 ) ) ;
#1604 = DIRECTION ( 'NONE',  ( -1.000000000000000000, 0.000000000000000000, 0.000000000000000000 ) ) ;
#1605 = CARTESIAN_POINT ( 'NONE',  ( -4.671093750000002487, 19.12463715492169669, -11.49000000000000021 ) ) ;
#1606 = CARTESIAN_POINT ( 'NONE',  ( -15.37500000000000355, 21.56682465492170664, -11.49000000000000021 ) ) ;
#1607 = CARTESIAN_POINT ( 'NONE',  ( -4.251148630129781836, 22.23639643536670008, -11.49000000000000021 ) ) ;
#1608 = VERTEX_POINT ( 'NONE', #276 ) ;
#1609 = CARTESIAN_POINT ( 'NONE',  ( 17.49999999999999645, 8.500000000000000000, -11.50000000000000000 ) ) ;
#1610 = CARTESIAN_POINT ( 'NONE',  ( -4.059173272649451825, 19.33015872219062459, -11.49999999999999822 ) ) ;
#1611 = CARTESIAN_POINT ( 'NONE',  ( 1.424999999999998490, 18.22463715492169456, -11.49000000000000021 ) ) ;
#1612 = CARTESIAN_POINT ( 'NONE',  ( -10.13554687500000107, 22.27463715492169527, -11.50000000000000000 ) ) ;
#1613 = DIRECTION ( 'NONE',  ( -0.000000000000000000, -0.000000000000000000, -1.000000000000000000 ) ) ;
#1614 = ORIENTED_EDGE ( 'NONE', *, *, #2471, .F. ) ;
#1615 = VECTOR ( 'NONE', #4598, 1000.000000000000000 ) ;
#1616 = EDGE_LOOP ( 'NONE', ( #1590, #3425, #4873, #3658 ) ) ;
#1617 = CARTESIAN_POINT ( 'NONE',  ( -3.552498897838611391, 18.51833239843699275, -11.50000000000000178 ) ) ;
#1618 = CARTESIAN_POINT ( 'NONE',  ( -8.670922502320562941, 16.66903033635641052, -11.50000000000000533 ) ) ;
#1619 = CARTESIAN_POINT ( 'NONE',  ( -17.17086632422997639, 17.19714476655947166, -11.50000000000000000 ) ) ;
#1620 = ORIENTED_EDGE ( 'NONE', *, *, #3830, .T. ) ;
#1621 = LINE ( 'NONE', #2150, #6238 ) ;
#1622 = VECTOR ( 'NONE', #3289, 1000.000000000000000 ) ;
#1623 = CARTESIAN_POINT ( 'NONE',  ( 1.753854340919939192, 16.83375182170417617, -11.50000000000000178 ) ) ;
#1624 = VERTEX_POINT ( 'NONE', #181 ) ;
#1625 = FACE_OUTER_BOUND ( 'NONE', #3187, .T. ) ;
#1626 = AXIS2_PLACEMENT_3D ( 'NONE', #5614, #1539, #1011 ) ;
#1627 = CARTESIAN_POINT ( 'NONE',  ( 11.57824532409120621, 17.95616616804874255, -11.50000000000000355 ) ) ;
#1628 = CARTESIAN_POINT ( 'NONE',  ( 9.304408789372740074, 20.66416713190449173, -11.49999999999999467 ) ) ;
#1629 = CARTESIAN_POINT ( 'NONE',  ( -6.655804203083348192, 20.75161854880603229, -11.49000000000000021 ) ) ;
#1630 = DIRECTION ( 'NONE',  ( 0.000000000000000000, -1.000000000000000000, -0.000000000000000000 ) ) ;
#1631 = ORIENTED_EDGE ( 'NONE', *, *, #2738, .T. ) ;
#1632 = VECTOR ( 'NONE', #2696, 1000.000000000000000 ) ;
#1633 = CARTESIAN_POINT ( 'NONE',  ( 7.201473119640739107, 20.16807827636460715, -11.49000000000000021 ) ) ;
#1634 = CARTESIAN_POINT ( 'NONE',  ( -10.87139640127087148, 20.30873451133952656, -11.49000000000000021 ) ) ;
#1635 = ADVANCED_FACE ( 'NONE', ( #6194 ), #5425, .T. ) ;
#1636 = CARTESIAN_POINT ( 'NONE',  ( 7.403347453607731055, 19.23344171890393639, -11.49000000000000199 ) ) ;
#1637 = AXIS2_PLACEMENT_3D ( 'NONE', #2734, #3233, #738 ) ;
#1638 = CARTESIAN_POINT ( 'NONE',  ( 10.87710053361533369, 18.39855903018868588, -11.49000000000000021 ) ) ;
#1639 = CARTESIAN_POINT ( 'NONE',  ( 12.04223277453295182, 21.86772478521356078, -11.49999999999999822 ) ) ;
#1640 = CARTESIAN_POINT ( 'NONE',  ( 10.90889070362521274, 18.20581757880656681, -11.49000000000000377 ) ) ;
#1641 = DIRECTION ( 'NONE',  ( -0.000000000000000000, -0.000000000000000000, -1.000000000000000000 ) ) ;
#1642 = CARTESIAN_POINT ( 'NONE',  ( 13.35509179096004040, 18.47828959862163600, -11.48999999999999666 ) ) ;
#1643 = CARTESIAN_POINT ( 'NONE',  ( -9.690544491641832181, 17.96088975538145860, -11.48999999999999844 ) ) ;
#1644 = CARTESIAN_POINT ( 'NONE',  ( -4.848931830824599665, 21.51869010880963273, -11.48999999999999666 ) ) ;
#1645 = ORIENTED_EDGE ( 'NONE', *, *, #4559, .T. ) ;
#1646 = CARTESIAN_POINT ( 'NONE',  ( -9.992980421275921898, 22.27233302081862476, -11.48999999999999488 ) ) ;
#1647 = CARTESIAN_POINT ( 'NONE',  ( -8.700000000000001066, 16.96369965492169740, -11.50000000000000000 ) ) ;
#1648 = VERTEX_POINT ( 'NONE', #671 ) ;
#1649 = CARTESIAN_POINT ( 'NONE',  ( 14.70985875586571368, 21.74938832204977857, -11.49000000000000021 ) ) ;
#1650 = CARTESIAN_POINT ( 'NONE',  ( -14.48606917854440468, 22.17920082762401535, -11.48999999999999844 ) ) ;
#1651 = CARTESIAN_POINT ( 'NONE',  ( -17.00000000000000000, 0.000000000000000000, 0.000000000000000000 ) ) ;
#1652 = B_SPLINE_SURFACE_WITH_KNOTS ( 'NONE', 3, 1, ( 
 ( #1508, #5022 ),
 ( #6428, #3546 ),
 ( #1574, #2517 ),
 ( #4482, #1938 ),
 ( #6498, #5524 ),
 ( #1018, #5056 ),
 ( #4513, #551 ),
 ( #2035, #4950 ),
 ( #2449, #3077 ),
 ( #4036, #2549 ),
 ( #3581, #1083 ),
 ( #4548, #2072 ),
 ( #3934, #5943 ),
 ( #3442, #5451 ),
 ( #944, #4449 ) ),
 .UNSPECIFIED., .F., .F., .F.,
 ( 4, 1, 1, 1, 1, 1, 1, 1, 1, 1, 1, 1, 4 ),
 ( 2, 2 ),
 ( 0.000000000000000000, 0.09144283471754066639, 0.1752920839744965820, 0.2516320278306400926, 0.3257546577084812212, 0.3980744499474747622, 0.4703179028124129246, 0.5426904982166894653, 0.6169732944826005205, 0.6974227314954382084, 0.7877446719431895339, 0.8888809734303246834, 1.000000000000000000 ),
 ( 0.000000000000000000, 1.000000000000000000 ),
 .UNSPECIFIED. ) ;
#1653 = CARTESIAN_POINT ( 'NONE',  ( -12.70672718298742687, 16.45395246027894842, -11.50000000000000178 ) ) ;
#1654 = CARTESIAN_POINT ( 'NONE',  ( -3.715738305671092867, 22.06192297662389379, -11.50000000000000000 ) ) ;
#1655 = CARTESIAN_POINT ( 'NONE',  ( 11.66200619964085128, 18.00530549923518109, -11.48999999999999666 ) ) ;
#1656 = CARTESIAN_POINT ( 'NONE',  ( 8.518472623091795981, 21.42983988235740966, -11.48999999999999844 ) ) ;
#1657 = CARTESIAN_POINT ( 'NONE',  ( 10.87500000000000711, 18.37112152992169456, -11.50000000000000000 ) ) ;
#1658 = CARTESIAN_POINT ( 'NONE',  ( -4.723903038236683116, 19.12508295455236507, -11.49999999999999822 ) ) ;
#1659 = ORIENTED_EDGE ( 'NONE', *, *, #2717, .F. ) ;
#1660 = EDGE_CURVE ( 'NONE', #3672, #3533, #4086, .T. ) ;
#1661 = CARTESIAN_POINT ( 'NONE',  ( 0.4359374999999983680, 16.67776215492169101, -11.49000000000000021 ) ) ;
#1662 = CARTESIAN_POINT ( 'NONE',  ( -10.84592816874557464, 19.72438149625365966, -11.49999999999999645 ) ) ;
#1663 = CARTESIAN_POINT ( 'NONE',  ( -8.700000000000001066, 18.59846527992169740, -11.49000000000000021 ) ) ;
#1664 = CARTESIAN_POINT ( 'NONE',  ( -5.715234375000003197, 20.78284027992169669, -11.49000000000000021 ) ) ;
#1665 = CARTESIAN_POINT ( 'NONE',  ( -10.13554687500000107, 22.27463715492169527, -11.49000000000000021 ) ) ;
#1666 = CARTESIAN_POINT ( 'NONE',  ( -6.370742939318219555, 21.58790833981658608, -11.49000000000000021 ) ) ;
#1667 = DIRECTION ( 'NONE',  ( 0.5518787956724660049, 0.8339243340298378993, 0.000000000000000000 ) ) ;
#1668 = CARTESIAN_POINT ( 'NONE',  ( 6.727410796471612109, 21.67126350660284473, -11.49000000000000377 ) ) ;
#1669 = CARTESIAN_POINT ( 'NONE',  ( 13.39024841483031558, 18.37204293820096268, -11.49000000000000199 ) ) ;
#1670 = DIRECTION ( 'NONE',  ( 0.000000000000000000, 1.000000000000000000, 0.000000000000000000 ) ) ;
#1671 = CARTESIAN_POINT ( 'NONE',  ( 13.45075588696130886, 18.21918040411877726, -11.49000000000000732 ) ) ;
#1672 = ADVANCED_FACE ( 'NONE', ( #2923 ), #5830, .T. ) ;
#1673 = DIRECTION ( 'NONE',  ( 1.000000000000000000, 0.000000000000000000, 0.000000000000000000 ) ) ;
#1674 = CARTESIAN_POINT ( 'NONE',  ( -6.054451246166498102, 20.42085206762271810, -11.49000000000000199 ) ) ;
#1675 = EDGE_LOOP ( 'NONE', ( #6351, #4974, #4209, #815 ) ) ;
#1676 = CARTESIAN_POINT ( 'NONE',  ( -17.24830029323340241, 16.94944571224085195, -11.49999999999999822 ) ) ;
#1677 = B_SPLINE_CURVE_WITH_KNOTS ( 'NONE', 3,
 ( #1981, #2595, #4592, #5598, #1092, #5105, #3523, #5982, #74, #5953, #1483 ),
 .UNSPECIFIED., .F., .F.,
 ( 4, 1, 1, 1, 1, 1, 1, 1, 4 ),
 ( 0.000000000000000000, 0.1207647259581532823, 0.2345280218828251495, 0.3468699610545343814, 0.4633449700776289815, 0.5844418861673634780, 0.7101572165996402619, 0.8469849829579410017, 1.000000000000000000 ),
 .UNSPECIFIED. ) ;
#1678 = CARTESIAN_POINT ( 'NONE',  ( -8.175000000000004263, 22.27463715492169882, -11.50000000000000355 ) ) ;
#1679 = CARTESIAN_POINT ( 'NONE',  ( -10.22927370390237201, 21.36529250791428680, -11.49000000000000021 ) ) ;
#1680 = VERTEX_POINT ( 'NONE', #3789 ) ;
#1681 = DIRECTION ( 'NONE',  ( -1.000000000000000000, 0.000000000000000000, 0.000000000000000000 ) ) ;
#1682 = CARTESIAN_POINT ( 'NONE',  ( 15.34101562500000782, 22.27463715492169172, -11.49000000000000021 ) ) ;
#1683 = ADVANCED_FACE ( 'NONE', ( #5794 ), #5784, .T. ) ;
#1684 = B_SPLINE_CURVE_WITH_KNOTS ( 'NONE', 3,
 ( #1215, #2713, #225, #2620, #3709, #2224, #1577, #5683, #4201, #4615, #3175, #126, #5165, #2135, #4135 ),
 .UNSPECIFIED., .F., .F.,
 ( 4, 1, 1, 1, 1, 1, 1, 1, 1, 1, 1, 1, 4 ),
 ( 0.000000000000000000, 0.1053170067694430417, 0.2028952206295982497, 0.2956484031323112771, 0.3833243530292900769, 0.4667276985721513505, 0.5460500017882785606, 0.6223769304329064278, 0.6974086367486476146, 0.7719080132070598177, 0.8467697858114046072, 0.9222969557096715176, 1.000000000000000000 ),
 .UNSPECIFIED. ) ;
#1685 = CARTESIAN_POINT ( 'NONE',  ( -3.795718036443303856, 20.93277426385076723, -11.49000000000000199 ) ) ;
#1686 = CARTESIAN_POINT ( 'NONE',  ( -3.480393502476141432, 21.92352645991448412, -11.50000000000000178 ) ) ;
#1687 = CARTESIAN_POINT ( 'NONE',  ( -6.526171875000003730, 19.24182465492170024, -11.50000000000000178 ) ) ;
#1688 = CARTESIAN_POINT ( 'NONE',  ( 10.28096605858949175, 19.21880296564263091, -11.49000000000000021 ) ) ;
#1689 = FACE_OUTER_BOUND ( 'NONE', #4823, .T. ) ;
#1690 = FACE_BOUND ( 'NONE', #4495, .T. ) ;
#1691 = ORIENTED_EDGE ( 'NONE', *, *, #291, .T. ) ;
#1692 = B_SPLINE_CURVE_WITH_KNOTS ( 'NONE', 3,
 ( #3129, #4628, #1748, #663, #4668, #2178, #4182 ),
 .UNSPECIFIED., .F., .F.,
 ( 4, 1, 1, 1, 4 ),
 ( 0.000000000000000000, 0.2969832649119010792, 0.5615673812235444373, 0.7950117547950560359, 1.000000000000000000 ),
 .UNSPECIFIED. ) ;
#1693 = FACE_OUTER_BOUND ( 'NONE', #5539, .T. ) ;
#1694 = CARTESIAN_POINT ( 'NONE',  ( -9.879071186629873935, 18.75166455874640192, -11.49999999999999645 ) ) ;
#1695 = CARTESIAN_POINT ( 'NONE',  ( 5.170835270656247040, 21.68289629332614510, -11.50000000000000355 ) ) ;
#1696 = LINE ( 'NONE', #4259, #3179 ) ;
#1697 = CARTESIAN_POINT ( 'NONE',  ( 0.8999999999999984679, 22.27463715492169172, -11.50000000000000000 ) ) ;
#1698 = CARTESIAN_POINT ( 'NONE',  ( 1.424999999999998490, 18.22463715492169456, -11.49000000000000021 ) ) ;
#1699 = CARTESIAN_POINT ( 'NONE',  ( 6.151869573595559082, 20.17822148963345086, -11.49000000000000377 ) ) ;
#1700 = CARTESIAN_POINT ( 'NONE',  ( 8.402049901300204127, 18.75317799646351702, -11.49999999999998757 ) ) ;
#1701 = CARTESIAN_POINT ( 'NONE',  ( -4.671093750000002487, 19.12463715492169669, -11.50000000000000000 ) ) ;
#1702 = DIRECTION ( 'NONE',  ( -0.000000000000000000, -0.000000000000000000, -1.000000000000000000 ) ) ;
#1703 = CARTESIAN_POINT ( 'NONE',  ( -9.499918979281561704, 18.01160706822178170, -11.49999999999999467 ) ) ;
#1704 = CARTESIAN_POINT ( 'NONE',  ( 4.338142347667802490, 16.36528115376999892, -11.49000000000000199 ) ) ;
#1705 = CARTESIAN_POINT ( 'NONE',  ( 9.003503670946527038, 21.17586959175944017, -11.48999999999999666 ) ) ;
#1706 = CARTESIAN_POINT ( 'NONE',  ( -11.92325902972039664, 19.97108364717388085, -11.50000000000000178 ) ) ;
#1707 = ORIENTED_EDGE ( 'NONE', *, *, #5761, .T. ) ;
#1708 = DIRECTION ( 'NONE',  ( -0.000000000000000000, -1.000000000000000000, 0.000000000000000000 ) ) ;
#1709 = CARTESIAN_POINT ( 'NONE',  ( -8.066076314604758934, 22.26995020630461042, -11.49000000000000377 ) ) ;
#1710 = EDGE_CURVE ( 'NONE', #4662, #5371, #4400, .T. ) ;
#1711 = ORIENTED_EDGE ( 'NONE', *, *, #5620, .T. ) ;
#1712 = DIRECTION ( 'NONE',  ( 0.000000000000000000, 0.000000000000000000, 1.000000000000000000 ) ) ;
#1713 = CARTESIAN_POINT ( 'NONE',  ( -6.533902715808285855, 20.53484313693459384, -11.50000000000000533 ) ) ;
#1714 = CARTESIAN_POINT ( 'NONE',  ( 9.261099002415482673, 19.41412685225029122, -11.50000000000000178 ) ) ;
#1715 = VECTOR ( 'NONE', #3347, 1000.000000000000000 ) ;
#1716 = CARTESIAN_POINT ( 'NONE',  ( -5.194860254647943876, 22.24032132766018321, -11.50000000000000178 ) ) ;
#1717 = CARTESIAN_POINT ( 'NONE',  ( -16.70247708824011923, 16.42598660450296322, -11.50000000000000000 ) ) ;
#1718 = DIRECTION ( 'NONE',  ( 0.000000000000000000, -1.000000000000000000, 0.000000000000000000 ) ) ;
#1719 = B_SPLINE_CURVE_WITH_KNOTS ( 'NONE', 3,
 ( #5452, #2910, #4003, #6010, #1941, #3476, #4917, #420, #451, #1509, #6469 ),
 .UNSPECIFIED., .F., .F.,
 ( 4, 1, 1, 1, 1, 1, 1, 1, 4 ),
 ( 0.000000000000000000, 0.1646896275994997050, 0.3087619883682764521, 0.4375205225063653613, 0.5554491469078201016, 0.6657293143991136475, 0.7727167918055647400, 0.8825316542860207614, 0.9999999999999998890 ),
 .UNSPECIFIED. ) ;
#1720 = ADVANCED_FACE ( 'NONE', ( #5400 ), #3120, .T. ) ;
#1721 = VECTOR ( 'NONE', #6107, 1000.000000000000000 ) ;
#1722 = CARTESIAN_POINT ( 'NONE',  ( -4.702734375000002132, 22.27463715492169527, -11.50000000000000000 ) ) ;
#1723 = CARTESIAN_POINT ( 'NONE',  ( -5.067337329267359358, 19.16592405394532861, -11.49999999999999112 ) ) ;
#1724 = ORIENTED_EDGE ( 'NONE', *, *, #2102, .F. ) ;
#1725 = CIRCLE ( 'NONE', #5402, 2.999999999999999112 ) ;
#1726 = CARTESIAN_POINT ( 'NONE',  ( 9.165986369104755838, 18.07785120699706738, -11.50000000000000355 ) ) ;
#1727 = CARTESIAN_POINT ( 'NONE',  ( -12.36796875000000462, 16.91448090492170664, -11.49000000000000199 ) ) ;
#1728 = CARTESIAN_POINT ( 'NONE',  ( 8.229129012375755892, 18.75113387500743301, -11.48999999999999844 ) ) ;
#1729 = B_SPLINE_CURVE_WITH_KNOTS ( 'NONE', 3,
 ( #2900, #4909, #3926, #5936, #1440, #3435, #60, #579, #2030, #3504, #3995, #3642, #5584, #513, #5555 ),
 .UNSPECIFIED., .F., .F.,
 ( 4, 1, 1, 1, 1, 1, 1, 1, 1, 1, 1, 1, 4 ),
 ( 0.000000000000000000, 0.07716152741540437121, 0.1515658628076227699, 0.2256384830828539190, 0.3001230117867475511, 0.3756793511916671213, 0.4530919209662164215, 0.5327188968406317837, 0.6174029985480533611, 0.7062792281873133682, 0.7993191176729341763, 0.8966800654675439741, 1.000000000000000000 ),
 .UNSPECIFIED. ) ;
#1730 = CARTESIAN_POINT ( 'NONE',  ( 0.8999999999999984679, 22.27463715492169172, -11.49000000000000021 ) ) ;
#1731 = CARTESIAN_POINT ( 'NONE',  ( -14.80898437500000320, 22.27463715492170238, -11.50000000000000000 ) ) ;
#1732 = B_SPLINE_CURVE_WITH_KNOTS ( 'NONE', 3,
 ( #5501, #2998, #5004, #501, #2499, #4019, #4052, #6027, #536, #2533, #4531, #48, #3563, #3037, #2574, #3569, #16, #1992, #541 ),
 .UNSPECIFIED., .F., .F.,
 ( 4, 1, 1, 1, 1, 1, 1, 1, 1, 1, 1, 1, 1, 1, 1, 1, 4 ),
 ( 0.000000000000000000, 0.06945078666391373001, 0.1356413501941019506, 0.1994944797129651892, 0.2613337093531583610, 0.3219079846616211271, 0.3815333281089831607, 0.4404012180668454568, 0.4994326619208531159, 0.5585412646284166893, 0.6179142131050436859, 0.6777479330811915226, 0.7387058888884415753, 0.8010898271693356332, 0.8651266308210512346, 0.9312323912455648944, 1.000000000000000000 ),
 .UNSPECIFIED. ) ;
#1733 = CARTESIAN_POINT ( 'NONE',  ( -3.706148528608636195, 19.95659602021138568, -11.49999999999999467 ) ) ;
#1734 = CARTESIAN_POINT ( 'NONE',  ( 6.375880350763342364, 21.17115393012855407, -11.49999999999999645 ) ) ;
#1735 = VECTOR ( 'NONE', #1613, 1000.000000000000000 ) ;
#1736 = CARTESIAN_POINT ( 'NONE',  ( 1.041796874999998401, 16.27463715492169527, -11.49000000000000021 ) ) ;
#1737 = CARTESIAN_POINT ( 'NONE',  ( 9.537003382638534532, 18.26744206656223213, -11.48999999999999844 ) ) ;
#1738 = CARTESIAN_POINT ( 'NONE',  ( -9.162967690936964615, 18.18236935487009021, -11.49999999999999822 ) ) ;
#1739 = EDGE_CURVE ( 'NONE', #6381, #4965, #5544, .T. ) ;
#1740 = FACE_BOUND ( 'NONE', #2301, .T. ) ;
#1741 = CARTESIAN_POINT ( 'NONE',  ( -2.783786530196419751, 16.91234356718146614, -11.49000000000000199 ) ) ;
#1742 = CARTESIAN_POINT ( 'NONE',  ( 1.008832239501081807, 22.26910257989773712, -11.50000000000000000 ) ) ;
#1743 = CARTESIAN_POINT ( 'NONE',  ( -17.17086632422997639, 17.19714476655947166, -11.49000000000000021 ) ) ;
#1744 = CARTESIAN_POINT ( 'NONE',  ( -8.175000000000004263, 22.27463715492169882, -11.49000000000000199 ) ) ;
#1745 = CARTESIAN_POINT ( 'NONE',  ( 0.4359374999999983680, 16.67776215492169101, -11.50000000000000000 ) ) ;
#1746 = CARTESIAN_POINT ( 'NONE',  ( -2.633097718684025423, 20.46786766357231357, -11.49999999999999822 ) ) ;
#1747 = ORIENTED_EDGE ( 'NONE', *, *, #1051, .T. ) ;
#1748 = CARTESIAN_POINT ( 'NONE',  ( 0.3762709893116442661, 16.99542995217675312, -11.49000000000000021 ) ) ;
#1749 = EDGE_CURVE ( 'NONE', #357, #952, #3218, .T. ) ;
#1750 = DIRECTION ( 'NONE',  ( 0.000000000000000000, 0.000000000000000000, -1.000000000000000000 ) ) ;
#1751 = DIRECTION ( 'NONE',  ( -0.000000000000000000, 1.000000000000000000, 0.000000000000000000 ) ) ;
#1752 = EDGE_CURVE ( 'NONE', #2799, #1353, #3032, .T. ) ;
#1753 = FACE_OUTER_BOUND ( 'NONE', #5107, .T. ) ;
#1754 = CARTESIAN_POINT ( 'NONE',  ( 17.00000000000000000, 0.000000000000000000, -0.000000000000000000 ) ) ;
#1755 = CARTESIAN_POINT ( 'NONE',  ( -8.214709183129825121, 16.27635569901207546, -11.49000000000000021 ) ) ;
#1756 = CARTESIAN_POINT ( 'NONE',  ( -6.660937500000002842, 20.82854340492169953, -11.50000000000000000 ) ) ;
#1757 = CARTESIAN_POINT ( 'NONE',  ( 1.844531249999998623, 16.97893402992169598, -11.50000000000000000 ) ) ;
#1758 = ORIENTED_EDGE ( 'NONE', *, *, #267, .T. ) ;
#1759 = ORIENTED_EDGE ( 'NONE', *, *, #2102, .T. ) ;
#1760 = EDGE_CURVE ( 'NONE', #5572, #3951, #1732, .T. ) ;
#1761 = ORIENTED_EDGE ( 'NONE', *, *, #4426, .T. ) ;
#1762 = CARTESIAN_POINT ( 'NONE',  ( -8.899127046654060180, 20.85512294536513522, -11.50000000000000178 ) ) ;
#1763 = CARTESIAN_POINT ( 'NONE',  ( -17.24840310372858099, 16.87833479104686063, -11.49000000000000199 ) ) ;
#1764 = CARTESIAN_POINT ( 'NONE',  ( -4.422656250000001954, 18.29963715492169740, -11.49000000000000021 ) ) ;
#1765 = CARTESIAN_POINT ( 'NONE',  ( 10.95075241784671150, 18.71325681900517424, -11.48999999999999844 ) ) ;
#1766 = CARTESIAN_POINT ( 'NONE',  ( -14.92681667888047237, 22.26943110957635596, -11.49999999999999822 ) ) ;
#1767 = FACE_OUTER_BOUND ( 'NONE', #4827, .T. ) ;
#1768 = CARTESIAN_POINT ( 'NONE',  ( 15.34101562500000782, 22.27463715492169172, -11.49000000000000021 ) ) ;
#1769 = CARTESIAN_POINT ( 'NONE',  ( 0.9457974436420290010, 16.27854184230771040, -11.49000000000000199 ) ) ;
#1770 = CARTESIAN_POINT ( 'NONE',  ( 9.700102789821784199, 18.38957295595699293, -11.49000000000000377 ) ) ;
#1771 = CARTESIAN_POINT ( 'NONE',  ( -7.654799601594815428, 21.79699145337189492, -11.49000000000000199 ) ) ;
#1772 = CARTESIAN_POINT ( 'NONE',  ( -12.96914062500000320, 17.39963715492170238, -11.49000000000000021 ) ) ;
#1773 = CARTESIAN_POINT ( 'NONE',  ( -3.007841027120308208, 17.26018181701145693, -11.49000000000000199 ) ) ;
#1774 = CARTESIAN_POINT ( 'NONE',  ( -12.83332415477597799, 17.39551538233477856, -11.50000000000000178 ) ) ;
#1775 = CARTESIAN_POINT ( 'NONE',  ( -16.70402319970808946, 17.39827376699367889, -11.48999999999999844 ) ) ;
#1776 = CARTESIAN_POINT ( 'NONE',  ( -10.66317891470030332, 20.98113773801523863, -11.50000000000000000 ) ) ;
#1777 = CARTESIAN_POINT ( 'NONE',  ( 17.02972939228912352, 18.72160875816923564, -11.49000000000000554 ) ) ;
#1778 = VERTEX_POINT ( 'NONE', #1564 ) ;
#1779 = CARTESIAN_POINT ( 'NONE',  ( 12.27416268687857048, 22.16914315059938900, -11.48999999999999844 ) ) ;
#1780 = CARTESIAN_POINT ( 'NONE',  ( -14.40103395355532534, 22.10121500380884996, -11.48999999999999844 ) ) ;
#1781 = EDGE_CURVE ( 'NONE', #1348, #5608, #3719, .T. ) ;
#1782 = CARTESIAN_POINT ( 'NONE',  ( 0.7886910710509628109, 22.26934658754292684, -11.48999999999999666 ) ) ;
#1783 = ADVANCED_FACE ( 'NONE', ( #5724 ), #2538, .T. ) ;
#1784 = CARTESIAN_POINT ( 'NONE',  ( -3.864595950864245122, 21.06393371836490047, -11.49000000000000021 ) ) ;
#1785 = PRODUCT_DEFINITION_CONTEXT ( 'detailed design', #1978, 'design' ) ;
#1786 = ORIENTED_EDGE ( 'NONE', *, *, #1598, .F. ) ;
#1787 = CARTESIAN_POINT ( 'NONE',  ( -4.110244569507273127, 22.20595813148883124, -11.50000000000000178 ) ) ;
#1788 = CARTESIAN_POINT ( 'NONE',  ( 6.478384336949902789, 18.83469517903398582, -11.50000000000000000 ) ) ;
#1789 = CARTESIAN_POINT ( 'NONE',  ( 11.95072247961044276, 21.62909749889684718, -11.49000000000000377 ) ) ;
#1790 = CARTESIAN_POINT ( 'NONE',  ( -6.652791355525552675, 20.96537313272962066, -11.50000000000000178 ) ) ;
#1791 = CARTESIAN_POINT ( 'NONE',  ( -5.159502712859716844, 19.20610819149526449, -11.48999999999999844 ) ) ;
#1792 = ORIENTED_EDGE ( 'NONE', *, *, #1186, .F. ) ;
#1793 = ORIENTED_EDGE ( 'NONE', *, *, #6020, .F. ) ;
#1794 = ORIENTED_EDGE ( 'NONE', *, *, #3485, .F. ) ;
#1795 = CARTESIAN_POINT ( 'NONE',  ( -8.978038478356866747, 20.99635906604876467, -11.50000000000000178 ) ) ;
#1796 = FACE_OUTER_BOUND ( 'NONE', #3525, .T. ) ;
#1797 = EDGE_CURVE ( 'NONE', #1068, #1778, #2814, .T. ) ;
#1798 = B_SPLINE_SURFACE_WITH_KNOTS ( 'NONE', 3, 1, ( 
 ( #2008, #3446 ),
 ( #5977, #4487 ),
 ( #6013, #1512 ),
 ( #2552, #950 ),
 ( #3018, #6471 ),
 ( #1479, #5527 ),
 ( #2947, #33 ),
 ( #523, #3049 ),
 ( #2487, #4454 ),
 ( #3516, #4991 ),
 ( #67, #489 ) ),
 .UNSPECIFIED., .F., .F., .F.,
 ( 4, 1, 1, 1, 1, 1, 1, 1, 4 ),
 ( 2, 2 ),
 ( 0.000000000000000000, 0.1197447793484517492, 0.2303856984482507975, 0.3395890249734021538, 0.4505540722587590974, 0.5680202414917119302, 0.6954301908412547917, 0.8389213343369693598, 0.9999999999999998890 ),
 ( 0.000000000000000000, 1.000000000000000000 ),
 .UNSPECIFIED. ) ;
#1799 = CARTESIAN_POINT ( 'NONE',  ( 0.5144794507470904499, 22.10304389066685715, -11.49000000000000021 ) ) ;
#1800 = CARTESIAN_POINT ( 'NONE',  ( 4.694158452704400020, 22.26927404838854940, -11.49000000000000732 ) ) ;
#1801 = CARTESIAN_POINT ( 'NONE',  ( 7.201473119640739107, 20.16807827636460715, -11.49999999999999822 ) ) ;
#1802 = EDGE_CURVE ( 'NONE', #6481, #1029, #3452, .T. ) ;
#1803 = CARTESIAN_POINT ( 'NONE',  ( 10.42008190960479119, 19.86835460706965506, -11.48999999999999844 ) ) ;
#1804 = CARTESIAN_POINT ( 'NONE',  ( 13.54473664887492390, 18.09649581664553963, -11.49000000000000199 ) ) ;
#1805 = CARTESIAN_POINT ( 'NONE',  ( -5.455078125000002665, 16.42463715492170095, -11.50000000000000000 ) ) ;
#1806 = CARTESIAN_POINT ( 'NONE',  ( 17.09405659969967317, 18.28432754084831302, -11.48999999999999844 ) ) ;
#1807 = CARTESIAN_POINT ( 'NONE',  ( -12.37261909970936991, 17.01679762718747568, -11.50000000000000178 ) ) ;
#1808 = CARTESIAN_POINT ( 'NONE',  ( 10.87500000000000711, 18.37112152992169456, -11.49000000000000021 ) ) ;
#1809 = EDGE_CURVE ( 'NONE', #5371, #2535, #4619, .T. ) ;
#1810 = ORIENTED_EDGE ( 'NONE', *, *, #6479, .T. ) ;
#1811 = CARTESIAN_POINT ( 'NONE',  ( 12.10900760619829164, 21.98764271085438082, -11.49000000000000732 ) ) ;
#1812 = CARTESIAN_POINT ( 'NONE',  ( -9.173911628435071464, 18.99819603343708962, -11.48999999999999844 ) ) ;
#1813 = CARTESIAN_POINT ( 'NONE',  ( -8.175000000000002487, 16.27463715492169882, -11.49000000000000021 ) ) ;
#1814 = VECTOR ( 'NONE', #4946, 1000.000000000000000 ) ;
#1815 = CARTESIAN_POINT ( 'NONE',  ( -4.873297550146872048, 22.27345190035839551, -11.48999999999999844 ) ) ;
#1816 = ORIENTED_EDGE ( 'NONE', *, *, #619, .T. ) ;
#1817 = LINE ( 'NONE', #895, #6230 ) ;
#1818 = CARTESIAN_POINT ( 'NONE',  ( 7.036181982906076549, 18.26302225966687942, -11.48999999999999844 ) ) ;
#1819 = CARTESIAN_POINT ( 'NONE',  ( 12.04223277453295182, 21.86772478521356078, -11.48999999999999844 ) ) ;
#1820 = ADVANCED_FACE ( 'NONE', ( #2722 ), #5178, .T. ) ;
#1821 = CARTESIAN_POINT ( 'NONE',  ( 1.089766993834016429, 16.27667721724275296, -11.48999999999999844 ) ) ;
#1822 = CIRCLE ( 'NONE', #6023, 1.250000000000001110 ) ;
#1823 = CARTESIAN_POINT ( 'NONE',  ( -8.175000000000004263, 22.27463715492169882, -11.49000000000000199 ) ) ;
#1824 = EDGE_CURVE ( 'NONE', #5854, #4834, #5495, .T. ) ;
#1825 = VERTEX_POINT ( 'NONE', #3778 ) ;
#1826 = EDGE_LOOP ( 'NONE', ( #3251, #5877, #2472, #3817 ) ) ;
#1827 = EDGE_LOOP ( 'NONE', ( #2992, #633, #4497, #2689 ) ) ;
#1828 = CARTESIAN_POINT ( 'NONE',  ( -9.541920045361832692, 21.41645914881732082, -11.48999999999999844 ) ) ;
#1829 = VECTOR ( 'NONE', #922, 1000.000000000000000 ) ;
#1830 = CARTESIAN_POINT ( 'NONE',  ( -12.70672718298742687, 16.45395246027894842, -11.49000000000000199 ) ) ;
#1831 = CARTESIAN_POINT ( 'NONE',  ( -11.01272675748531960, 18.14093490254761676, -11.48999999999999666 ) ) ;
#1832 = CARTESIAN_POINT ( 'NONE',  ( 0.4506146691972099938, 22.00585104791197111, -11.49000000000000377 ) ) ;
#1833 = VECTOR ( 'NONE', #2189, 1000.000000000000000 ) ;
#1834 = EDGE_CURVE ( 'NONE', #5240, #269, #1336, .T. ) ;
#1835 = CARTESIAN_POINT ( 'NONE',  ( 8.731509191739529996, 18.83678588243721563, -11.49000000000000377 ) ) ;
#1836 = AXIS2_PLACEMENT_3D ( 'NONE', #6103, #1597, #4029 ) ;
#1837 = CARTESIAN_POINT ( 'NONE',  ( 10.09931611764722348, 18.84470270830584582, -11.49000000000000377 ) ) ;
#1838 = CARTESIAN_POINT ( 'NONE',  ( -7.872076678875144395, 22.19062853177088357, -11.49000000000000199 ) ) ;
#1839 = DIRECTION ( 'NONE',  ( -0.000000000000000000, -0.000000000000000000, -1.000000000000000000 ) ) ;
#1840 = DIRECTION ( 'NONE',  ( 0.2845177846736578475, -0.9586707621516336042, 0.000000000000000000 ) ) ;
#1841 = VECTOR ( 'NONE', #4068, 1000.000000000000000 ) ;
#1842 = CARTESIAN_POINT ( 'NONE',  ( 16.88537668153920634, 17.99822999966291803, -11.49999999999999822 ) ) ;
#1843 = DIRECTION ( 'NONE',  ( -0.000000000000000000, -0.000000000000000000, -1.000000000000000000 ) ) ;
#1844 = CARTESIAN_POINT ( 'NONE',  ( -8.398385123807107888, 16.31357058305135155, -11.48999999999999488 ) ) ;
#1845 = ORIENTED_EDGE ( 'NONE', *, *, #4357, .T. ) ;
#1846 = LINE ( 'NONE', #792, #6036 ) ;
#1847 = CARTESIAN_POINT ( 'NONE',  ( 13.04400432084367623, 22.14907053787912972, -11.50000000000000711 ) ) ;
#1848 = CARTESIAN_POINT ( 'NONE',  ( 15.45018772207499680, 22.27110718782330778, -11.49000000000000199 ) ) ;
#1849 = CARTESIAN_POINT ( 'NONE',  ( -9.679697314631923177, 21.44420630292694341, -11.50000000000000178 ) ) ;
#1850 = ORIENTED_EDGE ( 'NONE', *, *, #2697, .T. ) ;
#1851 = CARTESIAN_POINT ( 'NONE',  ( 10.09754831568043976, 21.35948247765526276, -11.48999999999999666 ) ) ;
#1852 = CARTESIAN_POINT ( 'NONE',  ( 7.824412709671287658, 17.95975474206379729, -11.50000000000000355 ) ) ;
#1853 = ORIENTED_EDGE ( 'NONE', *, *, #3675, .T. ) ;
#1854 = CARTESIAN_POINT ( 'NONE',  ( 1.503092071677253116, 16.46430965963239501, -11.50000000000000000 ) ) ;
#1855 = FACE_OUTER_BOUND ( 'NONE', #185, .T. ) ;
#1856 = VERTEX_POINT ( 'NONE', #3841 ) ;
#1857 = ORIENTED_EDGE ( 'NONE', *, *, #1183, .T. ) ;
#1858 = B_SPLINE_SURFACE_WITH_KNOTS ( 'NONE', 3, 1, ( 
 ( #2410, #1404 ),
 ( #1897, #2970 ),
 ( #4911, #447 ),
 ( #6462, #4478 ),
 ( #3962, #1471 ),
 ( #3469, #5476 ),
 ( #973, #4981 ),
 ( #481, #2477 ),
 ( #6494, #1503 ),
 ( #3506, #1999 ),
 ( #1819, #5889 ),
 ( #5311, #3349 ),
 ( #1789, #1326 ),
 ( #6380, #2795 ),
 ( #403, #860 ),
 ( #4305, #2855 ),
 ( #4865, #3258 ) ),
 .UNSPECIFIED., .F., .F., .F.,
 ( 4, 1, 1, 1, 1, 1, 1, 1, 1, 1, 1, 1, 1, 1, 4 ),
 ( 2, 2 ),
 ( 0.000000000000000000, 0.06952526283086382652, 0.1350321394894558047, 0.1964270880322805113, 0.2551415696006418821, 0.3123978050361139180, 0.3704773493750311841, 0.4290144337463325797, 0.4894966988637881600, 0.6185386916283001080, 0.7617700716588313714, 0.8336740435006251282, 0.8962363008806067954, 0.9527852987148628383, 1.000000000000000000 ),
 ( 0.000000000000000000, 1.000000000000000000 ),
 .UNSPECIFIED. ) ;
#1859 = ORIENTED_EDGE ( 'NONE', *, *, #4716, .T. ) ;
#1860 = CARTESIAN_POINT ( 'NONE',  ( 11.77135406268894791, 18.17256919507022772, -11.48999999999999844 ) ) ;
#1861 = CARTESIAN_POINT ( 'NONE',  ( -12.83159102757657877, 16.42817730693538536, -11.49000000000000021 ) ) ;
#1862 = CARTESIAN_POINT ( 'NONE',  ( -4.687500000000002665, 21.52463715492169882, -11.50000000000000000 ) ) ;
#1863 = CARTESIAN_POINT ( 'NONE',  ( 1.041796874999998401, 16.27463715492169527, -11.49000000000000021 ) ) ;
#1864 = CARTESIAN_POINT ( 'NONE',  ( -14.40103395355532534, 22.10121500380884996, -11.49999999999999467 ) ) ;
#1865 = CARTESIAN_POINT ( 'NONE',  ( -12.83332415477597799, 17.39551538233477856, -11.49000000000000199 ) ) ;
#1866 = EDGE_CURVE ( 'NONE', #2281, #2025, #294, .T. ) ;
#1867 = CARTESIAN_POINT ( 'NONE',  ( 7.972830449779078954, 21.41236489300782253, -11.48999999999999844 ) ) ;
#1868 = EDGE_LOOP ( 'NONE', ( #4015, #893, #2727, #1258 ) ) ;
#1869 = ORIENTED_EDGE ( 'NONE', *, *, #550, .T. ) ;
#1870 = CARTESIAN_POINT ( 'NONE',  ( 13.94399507001851468, 17.92569075306036197, -11.50000000000000178 ) ) ;
#1871 = CARTESIAN_POINT ( 'NONE',  ( 0.000000000000000000, 0.000000000000000000, -11.50000000000000000 ) ) ;
#1872 = CARTESIAN_POINT ( 'NONE',  ( -4.042828986604796171, 21.28320720288859746, -11.49000000000000199 ) ) ;
#1873 = VERTEX_POINT ( 'NONE', #2293 ) ;
#1874 = CARTESIAN_POINT ( 'NONE',  ( 10.39054351177346369, 20.55973984468463556, -11.49999999999999112 ) ) ;
#1875 = VERTEX_POINT ( 'NONE', #322 ) ;
#1876 = CARTESIAN_POINT ( 'NONE',  ( -6.442379161465907167, 19.49418629230051536, -11.49000000000000199 ) ) ;
#1877 = EDGE_CURVE ( 'NONE', #3795, #2919, #6304, .T. ) ;
#1878 = CARTESIAN_POINT ( 'NONE',  ( -15.13590226505831993, 22.17888236798963320, -11.49999999999999645 ) ) ;
#1879 = CARTESIAN_POINT ( 'NONE',  ( 15.64082517002227846, 22.21368734087629448, -11.49000000000000199 ) ) ;
#1880 = CARTESIAN_POINT ( 'NONE',  ( 14.09250378377601010, 17.92789537974331182, -11.49000000000000199 ) ) ;
#1881 = ORIENTED_EDGE ( 'NONE', *, *, #1797, .F. ) ;
#1882 = CARTESIAN_POINT ( 'NONE',  ( -11.92500000000000071, 20.05276215492169811, -11.50000000000000000 ) ) ;
#1883 = CARTESIAN_POINT ( 'NONE',  ( 13.32568884334423664, 21.58412694597043924, -11.49000000000000199 ) ) ;
#1884 = CARTESIAN_POINT ( 'NONE',  ( 14.95320852703139280, 22.15403947213438229, -11.49999999999999822 ) ) ;
#1885 = ORIENTED_EDGE ( 'NONE', *, *, #3478, .T. ) ;
#1886 = CARTESIAN_POINT ( 'NONE',  ( 1.041796874999998401, 16.27463715492169527, -11.49000000000000021 ) ) ;
#1887 = DIRECTION ( 'NONE',  ( -0.000000000000000000, 0.000000000000000000, -1.000000000000000000 ) ) ;
#1888 = VERTEX_POINT ( 'NONE', #4043 ) ;
#1889 = ORIENTED_EDGE ( 'NONE', *, *, #3532, .T. ) ;
#1890 = ORIENTED_EDGE ( 'NONE', *, *, #5057, .F. ) ;
#1891 = CARTESIAN_POINT ( 'NONE',  ( -6.063446366943315624, 19.70394592453262206, -11.49000000000000021 ) ) ;
#1892 = CARTESIAN_POINT ( 'NONE',  ( -16.78826502181423308, 16.42853395527304983, -11.48999999999999844 ) ) ;
#1893 = CARTESIAN_POINT ( 'NONE',  ( -4.270947604230456385, 21.43915444373287471, -11.50000000000000000 ) ) ;
#1894 = EDGE_CURVE ( 'NONE', #2657, #3261, #309, .T. ) ;
#1895 = FACE_OUTER_BOUND ( 'NONE', #2861, .T. ) ;
#1896 = DIRECTION ( 'NONE',  ( -1.000000000000000000, 0.000000000000000000, 0.000000000000000000 ) ) ;
#1897 = CARTESIAN_POINT ( 'NONE',  ( 12.61010069110158760, 22.27371317696879771, -11.49000000000000199 ) ) ;
#1898 = CARTESIAN_POINT ( 'NONE',  ( 6.873239806760560455, 18.38189381231955011, -11.50000000000000178 ) ) ;
#1899 = CARTESIAN_POINT ( 'NONE',  ( -9.129076590241638200, 21.95995447311723936, -11.49000000000000021 ) ) ;
#1900 = CARTESIAN_POINT ( 'NONE',  ( -9.162967690936964615, 18.18236935487009021, -11.48999999999999844 ) ) ;
#1901 = CARTESIAN_POINT ( 'NONE',  ( -8.175000000000004263, 22.27463715492169882, -11.49000000000000199 ) ) ;
#1902 = DIRECTION ( 'NONE',  ( -0.000000000000000000, -0.000000000000000000, -1.000000000000000000 ) ) ;
#1903 = DIRECTION ( 'NONE',  ( 0.000000000000000000, -1.000000000000000000, 0.000000000000000000 ) ) ;
#1904 = B_SPLINE_SURFACE_WITH_KNOTS ( 'NONE', 3, 1, ( 
 ( #1419, #5427 ),
 ( #6404, #1910 ),
 ( #2789, #5394 ),
 ( #4793, #6308 ),
 ( #2322, #3281 ),
 ( #852, #2273 ),
 ( #1384, #5850 ),
 ( #2847, #5821 ),
 ( #4762, #822 ),
 ( #3844, #1318 ),
 ( #4361, #923 ) ),
 .UNSPECIFIED., .F., .F., .F.,
 ( 4, 1, 1, 1, 1, 1, 1, 1, 4 ),
 ( 2, 2 ),
 ( 0.000000000000000000, 0.1225096168832608828, 0.2436981574335232159, 0.3685486358588120903, 0.4976223207936145143, 0.6257956481632076517, 0.7515610651654260899, 0.8748715609818468186, 1.000000000000000000 ),
 ( 0.000000000000000000, 1.000000000000000000 ),
 .UNSPECIFIED. ) ;
#1905 = CARTESIAN_POINT ( 'NONE',  ( 0.000000000000000000, 1.500000000000000000, -6.999999999999997335 ) ) ;
#1906 = CARTESIAN_POINT ( 'NONE',  ( -10.09854868386118376, 21.41415197799453196, -11.50000000000000178 ) ) ;
#1907 = CARTESIAN_POINT ( 'NONE',  ( -7.654799601594815428, 21.79699145337189492, -11.50000000000000178 ) ) ;
#1908 = B_SPLINE_CURVE_WITH_KNOTS ( 'NONE', 3,
 ( #670, #4187, #3697, #1200, #3196, #6223, #4703, #212, #4217, #1717, #3732 ),
 .UNSPECIFIED., .F., .F.,
 ( 4, 1, 1, 1, 1, 1, 1, 1, 4 ),
 ( 0.000000000000000000, 0.1242212041897450547, 0.2378608803604690403, 0.3493140463833165343, 0.4616163146441877307, 0.5787683751934440401, 0.7049120183615951163, 0.8436782409666564453, 0.9999999999999998890 ),
 .UNSPECIFIED. ) ;
#1909 = B_SPLINE_CURVE_WITH_KNOTS ( 'NONE', 3,
 ( #6502, #5026, #2520, #3549, #2454, #2076, #5454, #1974, #5486, #4517, #2039, #5561, #3972, #4040, #5059 ),
 .UNSPECIFIED., .F., .F.,
 ( 4, 1, 1, 1, 1, 1, 1, 1, 1, 1, 1, 1, 4 ),
 ( 0.000000000000000000, 0.07716152741540437121, 0.1515658628076227699, 0.2256384830828539190, 0.3001230117867475511, 0.3756793511916671213, 0.4530919209662164215, 0.5327188968406317837, 0.6174029985480533611, 0.7062792281873133682, 0.7993191176729341763, 0.8966800654675439741, 1.000000000000000000 ),
 .UNSPECIFIED. ) ;
#1910 = CARTESIAN_POINT ( 'NONE',  ( 0.4491117807208575563, 16.64914381825650480, -11.50000000000000178 ) ) ;
#1911 = CARTESIAN_POINT ( 'NONE',  ( -15.37500000000000355, 21.56682465492170664, -11.49999999999999645 ) ) ;
#1912 = CARTESIAN_POINT ( 'NONE',  ( 16.09335937500000924, 21.43205902992169243, -11.49000000000000021 ) ) ;
#1913 = B_SPLINE_CURVE_WITH_KNOTS ( 'NONE', 3,
 ( #5355, #776, #1370, #4847, #4782, #810, #2805, #2869, #3363, #2345, #1898, #842, #2287, #2743, #4748, #874, #4879, #5383, #346 ),
 .UNSPECIFIED., .F., .F.,
 ( 4, 1, 1, 1, 1, 1, 1, 1, 1, 1, 1, 1, 1, 1, 1, 1, 4 ),
 ( 0.000000000000000000, 0.06934509125474609681, 0.1360691705493932147, 0.2010092768273394614, 0.2643775462364398310, 0.3258711864582053974, 0.3856138469976116423, 0.4442254057350418783, 0.5025060483271270861, 0.5604830316174098659, 0.6188555617617289561, 0.6783402378718559333, 0.7393029713830031602, 0.8019082134091650715, 0.8655882822637813723, 0.9316781120365649205, 1.000000000000000000 ),
 .UNSPECIFIED. ) ;
#1914 = EDGE_CURVE ( 'NONE', #1600, #5572, #5482, .T. ) ;
#1915 = CARTESIAN_POINT ( 'NONE',  ( -6.478115190613704222, 21.42376273697907507, -11.49999999999999822 ) ) ;
#1916 = VERTEX_POINT ( 'NONE', #4921 ) ;
#1917 = DIRECTION ( 'NONE',  ( 0.000000000000000000, 1.000000000000000000, -0.000000000000000000 ) ) ;
#1918 = CARTESIAN_POINT ( 'NONE',  ( 13.26512525271082232, 21.76506473514104556, -11.49999999999999645 ) ) ;
#1919 = CARTESIAN_POINT ( 'NONE',  ( -8.175000000000002487, 16.27463715492169882, -11.50000000000000000 ) ) ;
#1920 = ORIENTED_EDGE ( 'NONE', *, *, #649, .F. ) ;
#1921 = CARTESIAN_POINT ( 'NONE',  ( -11.73306993341244286, 21.13195151185152909, -11.49000000000000021 ) ) ;
#1922 = CARTESIAN_POINT ( 'NONE',  ( -3.880475438579894742, 18.37748784495739329, -11.50000000000000711 ) ) ;
#1923 = ORIENTED_EDGE ( 'NONE', *, *, #5133, .F. ) ;
#1924 = ORIENTED_EDGE ( 'NONE', *, *, #1265, .F. ) ;
#1925 = EDGE_CURVE ( 'NONE', #3322, #1680, #2986, .T. ) ;
#1926 = CARTESIAN_POINT ( 'NONE',  ( 0.3797581626544093703, 21.75123036543523369, -11.50000000000000178 ) ) ;
#1927 = CARTESIAN_POINT ( 'NONE',  ( -16.50000000000000000, 0.000000000000000000, -6.499999999999997335 ) ) ;
#1928 = VECTOR ( 'NONE', #5776, 1000.000000000000000 ) ;
#1929 = CARTESIAN_POINT ( 'NONE',  ( -3.864595950864245122, 21.06393371836490047, -11.50000000000000000 ) ) ;
#1930 = DIRECTION ( 'NONE',  ( -0.000000000000000000, -0.000000000000000000, -1.000000000000000000 ) ) ;
#1931 = PLANE ( 'NONE',  #3737 ) ;
#1932 = FACE_OUTER_BOUND ( 'NONE', #3882, .T. ) ;
#1933 = CARTESIAN_POINT ( 'NONE',  ( -6.151171875000002842, 17.05276215492169811, -11.49000000000000021 ) ) ;
#1934 = VECTOR ( 'NONE', #2742, 1000.000000000000000 ) ;
#1935 = EDGE_CURVE ( 'NONE', #3810, #1029, #5457, .T. ) ;
#1936 = CARTESIAN_POINT ( 'NONE',  ( -10.13554687500000107, 22.27463715492169527, -11.49000000000000021 ) ) ;
#1937 = CARTESIAN_POINT ( 'NONE',  ( 11.08463625878808934, 17.99977986853214773, -11.49000000000000199 ) ) ;
#1938 = CARTESIAN_POINT ( 'NONE',  ( 15.12269613614999564, 22.24854966569141368, -11.49999999999999467 ) ) ;
#1939 = ORIENTED_EDGE ( 'NONE', *, *, #4364, .T. ) ;
#1940 = VECTOR ( 'NONE', #6075, 1000.000000000000000 ) ;
#1941 = CARTESIAN_POINT ( 'NONE',  ( 4.197558161947356759, 16.53810778296968209, -11.50000000000000000 ) ) ;
#1942 = CARTESIAN_POINT ( 'NONE',  ( 2.549591630525155963E-31, 1.500000000000000000, -2.081899558550499885E-15 ) ) ;
#1943 = LINE ( 'NONE', #6302, #168 ) ;
#1944 = LINE ( 'NONE', #2366, #341 ) ;
#1945 = CARTESIAN_POINT ( 'NONE',  ( 15.34804687500000675, 20.99963715492169669, -11.49000000000000021 ) ) ;
#1946 = VECTOR ( 'NONE', #6180, 1000.000000000000000 ) ;
#1947 = LINE ( 'NONE', #3942, #5520 ) ;
#1948 = VECTOR ( 'NONE', #4266, 1000.000000000000000 ) ;
#1949 = CARTESIAN_POINT ( 'NONE',  ( 12.86940290686878896, 22.24520597326613824, -11.50000000000000000 ) ) ;
#1950 = CARTESIAN_POINT ( 'NONE',  ( 15.77974138275272864, 22.10417859730510060, -11.48999999999999844 ) ) ;
#1951 = CARTESIAN_POINT ( 'NONE',  ( -17.24534533951316817, 16.80912159573162157, -11.48999999999999844 ) ) ;
#1952 = ORIENTED_EDGE ( 'NONE', *, *, #2304, .F. ) ;
#1953 = VECTOR ( 'NONE', #4852, 1000.000000000000000 ) ;
#1954 = CARTESIAN_POINT ( 'NONE',  ( 16.99547017043334307, 18.81739572709903285, -11.50000000000000178 ) ) ;
#1955 = CARTESIAN_POINT ( 'NONE',  ( 12.63867187500000711, 22.27463715492169172, -11.49999999999999645 ) ) ;
#1956 = CARTESIAN_POINT ( 'NONE',  ( 15.34101562500000782, 22.27463715492169172, -11.50000000000000000 ) ) ;
#1957 = ORIENTED_EDGE ( 'NONE', *, *, #5720, .T. ) ;
#1958 = CARTESIAN_POINT ( 'NONE',  ( 12.86940290686878896, 22.24520597326613824, -11.49000000000000021 ) ) ;
#1959 = CARTESIAN_POINT ( 'NONE',  ( -10.18526474376884572, 17.92591752148544870, -11.49000000000000199 ) ) ;
#1960 = VERTEX_POINT ( 'NONE', #3414 ) ;
#1961 = CARTESIAN_POINT ( 'NONE',  ( -8.214709183129825121, 16.27635569901207546, -11.49000000000000021 ) ) ;
#1962 = CARTESIAN_POINT ( 'NONE',  ( -2.549591630525155963E-31, 1.500000000000000000, -2.081899558550499885E-15 ) ) ;
#1963 = CARTESIAN_POINT ( 'NONE',  ( -11.85778711336511115, 19.36432776348755169, -11.48999999999999666 ) ) ;
#1964 = CARTESIAN_POINT ( 'NONE',  ( -8.282642056855713975, 22.27044609263822394, -11.49000000000000199 ) ) ;
#1965 = DIRECTION ( 'NONE',  ( 3.016910393003144338E-16, 0.000000000000000000, -1.000000000000000000 ) ) ;
#1966 = LINE ( 'NONE', #3997, #1294 ) ;
#1967 = CARTESIAN_POINT ( 'NONE',  ( 16.09335937500000924, 21.43205902992169243, -11.50000000000000000 ) ) ;
#1968 = CARTESIAN_POINT ( 'NONE',  ( 4.552734374999999112, 22.27463715492169172, -11.49999999999999467 ) ) ;
#1969 = FACE_OUTER_BOUND ( 'NONE', #1586, .T. ) ;
#1970 = CARTESIAN_POINT ( 'NONE',  ( -4.671093750000002487, 19.12463715492169669, -11.49000000000000021 ) ) ;
#1971 = VERTEX_POINT ( 'NONE', #6505 ) ;
#1972 = CARTESIAN_POINT ( 'NONE',  ( -6.122010092366260814, 16.90434448849215343, -11.50000000000000000 ) ) ;
#1973 = CARTESIAN_POINT ( 'NONE',  ( 7.201507520407191443, 20.03511115417818544, -11.50000000000000178 ) ) ;
#1974 = CARTESIAN_POINT ( 'NONE',  ( -10.58802372573859429, 19.11542728239666644, -11.50000000000000000 ) ) ;
#1975 = FACE_OUTER_BOUND ( 'NONE', #5633, .T. ) ;
#1976 = ORIENTED_EDGE ( 'NONE', *, *, #5775, .F. ) ;
#1977 = CARTESIAN_POINT ( 'NONE',  ( 9.978607185618193043, 21.52507296801877246, -11.50000000000000000 ) ) ;
#1978 = APPLICATION_CONTEXT ( 'automotive_design' ) ;
#1979 = DIRECTION ( 'NONE',  ( -0.000000000000000000, -0.000000000000000000, -1.000000000000000000 ) ) ;
#1980 = EDGE_CURVE ( 'NONE', #3030, #1496, #492, .T. ) ;
#1981 = CARTESIAN_POINT ( 'NONE',  ( -8.175000000000004263, 22.27463715492169882, -11.49999999999999822 ) ) ;
#1982 = CARTESIAN_POINT ( 'NONE',  ( -7.650000000000001243, 16.89221527992170024, -11.49999999999999822 ) ) ;
#1983 = VERTEX_POINT ( 'NONE', #4458 ) ;
#1984 = CARTESIAN_POINT ( 'NONE',  ( -17.21617046574060694, 16.71084741516531835, -11.49000000000000199 ) ) ;
#1985 = ORIENTED_EDGE ( 'NONE', *, *, #2228, .F. ) ;
#1986 = CARTESIAN_POINT ( 'NONE',  ( 8.322314336554322622, 21.44843876535955829, -11.49999999999999822 ) ) ;
#1987 = CARTESIAN_POINT ( 'NONE',  ( 0.4359374999999983680, 16.67776215492169101, -11.50000000000000000 ) ) ;
#1988 = VERTEX_POINT ( 'NONE', #4009 ) ;
#1989 = CARTESIAN_POINT ( 'NONE',  ( 13.08909655217842527, 22.10302106023839031, -11.49000000000000199 ) ) ;
#1990 = DIRECTION ( 'NONE',  ( 1.000000000000000000, 0.000000000000000000, 0.000000000000000000 ) ) ;
#1991 = ADVANCED_FACE ( 'NONE', ( #3021 ), #424, .T. ) ;
#1992 = CARTESIAN_POINT ( 'NONE',  ( 6.151869573595559082, 20.17822148963345086, -11.50000000000000355 ) ) ;
#1993 = VERTEX_POINT ( 'NONE', #1055 ) ;
#1994 = CARTESIAN_POINT ( 'NONE',  ( 0.8999999999999984679, 22.27463715492169172, -11.50000000000000000 ) ) ;
#1995 = CARTESIAN_POINT ( 'NONE',  ( 13.87226145303271352, 17.92769838464855781, -11.50000000000000000 ) ) ;
#1996 = CARTESIAN_POINT ( 'NONE',  ( 1.844531249999998623, 16.97893402992169598, -11.49000000000000021 ) ) ;
#1997 = CARTESIAN_POINT ( 'NONE',  ( -8.554825918658504946, 22.11797208773593937, -11.49999999999999822 ) ) ;
#1998 = CARTESIAN_POINT ( 'NONE',  ( -6.525469500613163554, 19.23361178888550072, -11.49000000000000021 ) ) ;
#1999 = CARTESIAN_POINT ( 'NONE',  ( 12.10900760619829164, 21.98764271085438082, -11.50000000000000711 ) ) ;
#2000 = CARTESIAN_POINT ( 'NONE',  ( 17.02104482637749783, 18.12408831113945240, -11.49000000000000377 ) ) ;
#2001 = CARTESIAN_POINT ( 'NONE',  ( 10.42008190960479119, 19.86835460706965506, -11.48999999999999844 ) ) ;
#2002 = DIRECTION ( 'NONE',  ( -0.000000000000000000, -0.000000000000000000, -1.000000000000000000 ) ) ;
#2003 = EDGE_CURVE ( 'NONE', #474, #5240, #4392, .T. ) ;
#2004 = CARTESIAN_POINT ( 'NONE',  ( 13.98164062500000604, 19.27463715492169527, -11.49000000000000021 ) ) ;
#2005 = ORIENTED_EDGE ( 'NONE', *, *, #2142, .T. ) ;
#2006 = DIRECTION ( 'NONE',  ( -0.000000000000000000, 1.000000000000000000, -0.000000000000000000 ) ) ;
#2007 = CARTESIAN_POINT ( 'NONE',  ( -4.687500000000002665, 21.52463715492169882, -11.49000000000000021 ) ) ;
#2008 = CARTESIAN_POINT ( 'NONE',  ( -12.36796875000000462, 16.91448090492170664, -11.49000000000000199 ) ) ;
#2009 = CARTESIAN_POINT ( 'NONE',  ( -2.850457189520950951, 21.20277397568898436, -11.50000000000000178 ) ) ;
#2010 = ORIENTED_EDGE ( 'NONE', *, *, #5397, .F. ) ;
#2011 = CARTESIAN_POINT ( 'NONE',  ( -10.73828661113046756, 20.83757042758015388, -11.50000000000000000 ) ) ;
#2012 = CARTESIAN_POINT ( 'NONE',  ( 16.50000000000000000, 1.500000000000000000, -6.999999999999997335 ) ) ;
#2013 = CARTESIAN_POINT ( 'NONE',  ( -7.650000000000001243, 21.65705902992169740, -11.49000000000000021 ) ) ;
#2014 = LINE ( 'NONE', #4524, #4767 ) ;
#2015 = LINE ( 'NONE', #5494, #1735 ) ;
#2016 = EDGE_LOOP ( 'NONE', ( #3292, #2723, #437, #497 ) ) ;
#2017 = CARTESIAN_POINT ( 'NONE',  ( -2.626449696806389955, 20.12181836593276074, -11.49000000000000377 ) ) ;
#2018 = ORIENTED_EDGE ( 'NONE', *, *, #3775, .T. ) ;
#2019 = CARTESIAN_POINT ( 'NONE',  ( 9.334363265969326307, 20.53525498882111933, -11.50000000000000355 ) ) ;
#2020 = CARTESIAN_POINT ( 'NONE',  ( 16.53207856197129288, 17.92782571650990775, -11.49000000000000199 ) ) ;
#2021 = EDGE_LOOP ( 'NONE', ( #565, #1952, #499, #3570 ) ) ;
#2022 = CARTESIAN_POINT ( 'NONE',  ( 6.182310319998257420, 20.55848398189078807, -11.48999999999999844 ) ) ;
#2023 = CARTESIAN_POINT ( 'NONE',  ( -2.626449696806389955, 20.12181836593276074, -11.50000000000000355 ) ) ;
#2024 = CARTESIAN_POINT ( 'NONE',  ( -11.92500000000000071, 20.05276215492169811, -11.50000000000000000 ) ) ;
#2025 = VERTEX_POINT ( 'NONE', #6403 ) ;
#2026 = CARTESIAN_POINT ( 'NONE',  ( 15.64082517002227846, 22.21368734087629448, -11.50000000000000178 ) ) ;
#2027 = CARTESIAN_POINT ( 'NONE',  ( -17.01281333951005337, 16.49365857278321457, -11.50000000000000000 ) ) ;
#2028 = CARTESIAN_POINT ( 'NONE',  ( -10.68393367297903040, 17.99918898773029241, -11.48999999999999844 ) ) ;
#2029 = ADVANCED_FACE ( 'NONE', ( #2490 ), #6437, .T. ) ;
#2030 = CARTESIAN_POINT ( 'NONE',  ( -10.67453419621035060, 19.24405870663341744, -11.48999999999999844 ) ) ;
#2031 = CARTESIAN_POINT ( 'NONE',  ( -2.861935988226919303, 16.59979568541641370, -11.49999999999999467 ) ) ;
#2032 = CARTESIAN_POINT ( 'NONE',  ( 16.07557629755823214, 21.48251737050280497, -11.49000000000000199 ) ) ;
#2033 = CARTESIAN_POINT ( 'NONE',  ( 1.753854340919939192, 16.83375182170417617, -11.49000000000000199 ) ) ;
#2034 = CARTESIAN_POINT ( 'NONE',  ( 11.08463625878808934, 17.99977986853214773, -11.50000000000000178 ) ) ;
#2035 = CARTESIAN_POINT ( 'NONE',  ( 14.83134661669098442, 22.01520404768836059, -11.48999999999999666 ) ) ;
#2036 = DIRECTION ( 'NONE',  ( -0.000000000000000000, -0.000000000000000000, -1.000000000000000000 ) ) ;
#2037 = CARTESIAN_POINT ( 'NONE',  ( 7.204436493285377274, 19.90518940627664435, -11.49000000000000021 ) ) ;
#2038 = VECTOR ( 'NONE', #3572, 1000.000000000000227 ) ;
#2039 = CARTESIAN_POINT ( 'NONE',  ( -10.80354622670535214, 19.55059263573445705, -11.50000000000000178 ) ) ;
#2040 = CARTESIAN_POINT ( 'NONE',  ( -3.842157332924589497, 22.11932200421447803, -11.50000000000000178 ) ) ;
#2041 = ORIENTED_EDGE ( 'NONE', *, *, #4426, .F. ) ;
#2042 = CARTESIAN_POINT ( 'NONE',  ( -2.625000000000002220, 20.18752777992169811, -11.49000000000000021 ) ) ;
#2043 = CARTESIAN_POINT ( 'NONE',  ( 1.424999999999998490, 21.60549652992169456, -11.50000000000000000 ) ) ;
#2044 = CARTESIAN_POINT ( 'NONE',  ( -10.11914062500000178, 17.92463715492169740, -11.49000000000000021 ) ) ;
#2045 = CARTESIAN_POINT ( 'NONE',  ( -4.666703040600180152, 18.31856002690911822, -11.50000000000000178 ) ) ;
#2046 = EDGE_CURVE ( 'NONE', #6154, #4494, #3052, .T. ) ;
#2047 = EDGE_CURVE ( 'NONE', #1916, #6287, #5350, .T. ) ;
#2048 = CARTESIAN_POINT ( 'NONE',  ( 14.62076624419650628, 18.48737583305426568, -11.49999999999998224 ) ) ;
#2049 = VECTOR ( 'NONE', #4601, 1000.000000000000000 ) ;
#2050 = ORIENTED_EDGE ( 'NONE', *, *, #5807, .F. ) ;
#2051 = VERTEX_POINT ( 'NONE', #4104 ) ;
#2052 = CARTESIAN_POINT ( 'NONE',  ( -9.129076590241638200, 21.95995447311723936, -11.49000000000000021 ) ) ;
#2053 = ORIENTED_EDGE ( 'NONE', *, *, #3880, .F. ) ;
#2054 = CARTESIAN_POINT ( 'NONE',  ( -5.290674572090559025, 21.33113639242762716, -11.48999999999999844 ) ) ;
#2055 = CARTESIAN_POINT ( 'NONE',  ( 13.04400432084367623, 22.14907053787912972, -11.49000000000000732 ) ) ;
#2056 = CARTESIAN_POINT ( 'NONE',  ( -8.759765625000000000, 20.10549652992169811, -11.50000000000000000 ) ) ;
#2057 =( GEOMETRIC_REPRESENTATION_CONTEXT ( 3 ) GLOBAL_UNCERTAINTY_ASSIGNED_CONTEXT ( ( #5072 ) ) GLOBAL_UNIT_ASSIGNED_CONTEXT ( ( #6190, #4215, #1196 ) ) REPRESENTATION_CONTEXT ( 'NONE', 'WORKASPACE' ) );
#2058 = EDGE_LOOP ( 'NONE', ( #2041, #1792, #1514, #2428 ) ) ;
#2059 = CARTESIAN_POINT ( 'NONE',  ( 0.5980651125045849392, 16.44559613370829254, -11.49999999999999822 ) ) ;
#2060 = CARTESIAN_POINT ( 'NONE',  ( 1.089766993834016429, 16.27667721724275296, -11.49999999999999822 ) ) ;
#2061 = EDGE_CURVE ( 'NONE', #980, #980, #5714, .T. ) ;
#2062 = AXIS2_PLACEMENT_3D ( 'NONE', #6284, #2763, #3137 ) ;
#2063 = CARTESIAN_POINT ( 'NONE',  ( 10.42500000000000426, 20.10198090492169598, -11.49999999999998934 ) ) ;
#2064 = ORIENTED_EDGE ( 'NONE', *, *, #1312, .F. ) ;
#2065 = CARTESIAN_POINT ( 'NONE',  ( -8.700000000000001066, 18.59846527992169740, -11.49000000000000021 ) ) ;
#2066 = LINE ( 'NONE', #5183, #1304 ) ;
#2067 = FACE_OUTER_BOUND ( 'NONE', #898, .T. ) ;
#2068 = CARTESIAN_POINT ( 'NONE',  ( -5.342470074420690551, 19.32579746774075957, -11.49999999999999822 ) ) ;
#2069 = EDGE_CURVE ( 'NONE', #4697, #1524, #5594, .T. ) ;
#2070 = CARTESIAN_POINT ( 'NONE',  ( 5.100789693158688465, 16.53849321032940978, -11.49999999999999822 ) ) ;
#2071 = CARTESIAN_POINT ( 'NONE',  ( -9.976073945950373556, 18.75564692172240910, -11.50000000000000000 ) ) ;
#2072 = CARTESIAN_POINT ( 'NONE',  ( 14.67348885180630269, 21.63995497113232247, -11.49999999999999822 ) ) ;
#2073 = B_SPLINE_CURVE_WITH_KNOTS ( 'NONE', 3,
 ( #3039, #2094, #2154, #1106, #5049, #4504, #5011, #4635, #87, #1139, #2026, #2576, #3637, #3133, #543 ),
 .UNSPECIFIED., .F., .F.,
 ( 4, 1, 1, 1, 1, 1, 1, 1, 1, 1, 1, 1, 4 ),
 ( 0.000000000000000000, 0.1303310970757134701, 0.2420448722122615082, 0.3348272005478172275, 0.4081765283158915181, 0.4724447669966172492, 0.5381690037351964939, 0.6056741181990638045, 0.6757075953646399791, 0.7485551821971687669, 0.8257836155669823208, 0.9084656348364386069, 1.000000000000000000 ),
 .UNSPECIFIED. ) ;
#2074 = CARTESIAN_POINT ( 'NONE',  ( -5.857631313367845927, 16.50144725020565417, -11.50000000000000178 ) ) ;
#2075 = DIRECTION ( 'NONE',  ( -0.000000000000000000, -0.000000000000000000, -1.000000000000000000 ) ) ;
#2076 = CARTESIAN_POINT ( 'NONE',  ( -10.37478201929747534, 18.91248840645119955, -11.49999999999999822 ) ) ;
#2077 = CARTESIAN_POINT ( 'NONE',  ( -3.177157780505493800, 21.66765410768149636, -11.49999999999999645 ) ) ;
#2078 = ORIENTED_EDGE ( 'NONE', *, *, #1566, .T. ) ;
#2079 = CARTESIAN_POINT ( 'NONE',  ( 6.155081164983557507, 19.86447927178693362, -11.49000000000000199 ) ) ;
#2080 = CARTESIAN_POINT ( 'NONE',  ( -16.65703125000000284, 16.42463715492170451, -11.50000000000000000 ) ) ;
#2081 = FACE_OUTER_BOUND ( 'NONE', #5833, .T. ) ;
#2082 = CARTESIAN_POINT ( 'NONE',  ( 11.47274266619591288, 17.92892278137730599, -11.50000000000000178 ) ) ;
#2083 = CARTESIAN_POINT ( 'NONE',  ( 14.19512793096407144, 17.95036907361387790, -11.49999999999998757 ) ) ;
#2084 = ORIENTED_EDGE ( 'NONE', *, *, #196, .T. ) ;
#2085 = ORIENTED_EDGE ( 'NONE', *, *, #2496, .T. ) ;
#2086 = CARTESIAN_POINT ( 'NONE',  ( -4.422656250000001954, 18.29963715492169740, -11.50000000000000000 ) ) ;
#2087 = CARTESIAN_POINT ( 'NONE',  ( 9.211527716056551185, 20.89556552361989361, -11.50000000000000000 ) ) ;
#2088 = CARTESIAN_POINT ( 'NONE',  ( 16.09382447827800178, 18.47990686763179013, -11.49000000000000021 ) ) ;
#2089 = ADVANCED_FACE ( 'NONE', ( #2556 ), #5101, .T. ) ;
#2090 = CARTESIAN_POINT ( 'NONE',  ( 13.04400432084367623, 22.14907053787912972, -11.49000000000000732 ) ) ;
#2091 = CARTESIAN_POINT ( 'NONE',  ( -3.330777363555645465, 16.42582240235132218, -11.49000000000000199 ) ) ;
#2092 = CARTESIAN_POINT ( 'NONE',  ( -6.018958645089335313, 16.66161069363419145, -11.49000000000000021 ) ) ;
#2093 = ORIENTED_EDGE ( 'NONE', *, *, #3968, .F. ) ;
#2094 = CARTESIAN_POINT ( 'NONE',  ( 16.07557629755823214, 21.48251737050280497, -11.50000000000000178 ) ) ;
#2095 = CARTESIAN_POINT ( 'NONE',  ( 9.080626975051966809, 21.09188660995779685, -11.49999999999999822 ) ) ;
#2096 = DIRECTION ( 'NONE',  ( -0.5547001962252291474, -0.8320502943378437211, 0.000000000000000000 ) ) ;
#2097 = LINE ( 'NONE', #5647, #999 ) ;
#2098 = ORIENTED_EDGE ( 'NONE', *, *, #4185, .T. ) ;
#2099 = CARTESIAN_POINT ( 'NONE',  ( 3.649218749999998845, 21.58557465492169669, -11.49000000000000021 ) ) ;
#2100 = CARTESIAN_POINT ( 'NONE',  ( -10.67453419621035060, 19.24405870663341744, -11.49999999999999645 ) ) ;
#2101 = CARTESIAN_POINT ( 'NONE',  ( 7.329112315012817014, 19.37908913106395659, -11.49000000000000021 ) ) ;
#2102 = EDGE_CURVE ( 'NONE', #2464, #3294, #3771, .T. ) ;
#2103 = CARTESIAN_POINT ( 'NONE',  ( -3.842157332924589497, 22.11932200421447803, -11.49000000000000199 ) ) ;
#2104 = CARTESIAN_POINT ( 'NONE',  ( -6.660937500000002842, 20.82854340492169953, -11.49000000000000021 ) ) ;
#2105 = CARTESIAN_POINT ( 'NONE',  ( -2.681671772194853087, 20.73970417360485641, -11.50000000000000355 ) ) ;
#2106 = VERTEX_POINT ( 'NONE', #2012 ) ;
#2107 = CARTESIAN_POINT ( 'NONE',  ( 8.049525161160048015, 17.92948125563997408, -11.49000000000000377 ) ) ;
#2108 = CARTESIAN_POINT ( 'NONE',  ( 13.77105343746183230, 17.95087079556474308, -11.49000000000000377 ) ) ;
#2109 = CARTESIAN_POINT ( 'NONE',  ( -10.04403176780018647, 17.92661615301059541, -11.49000000000000199 ) ) ;
#2110 = CARTESIAN_POINT ( 'NONE',  ( -9.415999122075438876, 18.83732890146366401, -11.49000000000000021 ) ) ;
#2111 = CARTESIAN_POINT ( 'NONE',  ( 11.08463625878808934, 17.99977986853214773, -11.50000000000000178 ) ) ;
#2112 = ORIENTED_EDGE ( 'NONE', *, *, #167, .F. ) ;
#2113 = CARTESIAN_POINT ( 'NONE',  ( -9.239051575198530486, 22.03343905326714136, -11.50000000000000000 ) ) ;
#2114 = FACE_OUTER_BOUND ( 'NONE', #386, .T. ) ;
#2115 = PLANE ( 'NONE',  #4541 ) ;
#2116 = CARTESIAN_POINT ( 'NONE',  ( 16.06171875000000782, 18.59494965492169172, -11.49000000000000021 ) ) ;
#2117 = EDGE_LOOP ( 'NONE', ( #987, #1357, #227, #3921 ) ) ;
#2118 = CARTESIAN_POINT ( 'NONE',  ( 14.83134661669098442, 22.01520404768836059, -11.48999999999999666 ) ) ;
#2119 = EDGE_CURVE ( 'NONE', #3985, #248, #4170, .T. ) ;
#2120 = CARTESIAN_POINT ( 'NONE',  ( 17.00000000000000000, 1.500000000000000000, 0.000000000000000000 ) ) ;
#2121 = ADVANCED_FACE ( 'NONE', ( #2623 ), #607, .T. ) ;
#2122 = ORIENTED_EDGE ( 'NONE', *, *, #3388, .T. ) ;
#2123 = CARTESIAN_POINT ( 'NONE',  ( -12.36957164648891627, 16.87948564495039605, -11.50000000000000178 ) ) ;
#2124 = CARTESIAN_POINT ( 'NONE',  ( 9.334363265969326307, 20.53525498882111933, -11.49999999999999822 ) ) ;
#2125 = CARTESIAN_POINT ( 'NONE',  ( -6.655804203083348192, 20.75161854880603229, -11.49999999999999645 ) ) ;
#2126 = CARTESIAN_POINT ( 'NONE',  ( -6.031640625000002309, 19.70588715492169740, -11.50000000000000000 ) ) ;
#2127 = ORIENTED_EDGE ( 'NONE', *, *, #4512, .F. ) ;
#2128 = VERTEX_POINT ( 'NONE', #2557 ) ;
#2129 = CARTESIAN_POINT ( 'NONE',  ( -9.173911628435071464, 18.99819603343708962, -11.48999999999999844 ) ) ;
#2130 = B_SPLINE_SURFACE_WITH_KNOTS ( 'NONE', 3, 1, ( 
 ( #969, #5509 ),
 ( #1891, #408 ),
 ( #5378, #5932 ),
 ( #4344, #339 ),
 ( #1435, #5994 ),
 ( #1399, #2405 ),
 ( #904, #2897 ),
 ( #5896, #5408 ),
 ( #1006, #5442 ),
 ( #4906, #4407 ),
 ( #3922, #3990 ) ),
 .UNSPECIFIED., .F., .F., .F.,
 ( 4, 1, 1, 1, 1, 1, 1, 1, 4 ),
 ( 2, 2 ),
 ( 0.000000000000000000, 0.1276713205019274211, 0.2517758337628410725, 0.3780909712774903064, 0.5108635854996468328, 0.6430791093729312236, 0.7641327216746153228, 0.8816908386317376944, 1.000000000000000000 ),
 ( 0.000000000000000000, 1.000000000000000000 ),
 .UNSPECIFIED. ) ;
#2131 = LINE ( 'NONE', #1176, #6331 ) ;
#2132 = CARTESIAN_POINT ( 'NONE',  ( 12.62695312500000711, 20.99963715492169669, -11.50000000000000000 ) ) ;
#2133 = CARTESIAN_POINT ( 'NONE',  ( -15.37500000000000355, 17.39963715492170238, -11.49000000000000021 ) ) ;
#2134 = CARTESIAN_POINT ( 'NONE',  ( -4.626067247867202248, 19.12619216221774465, -11.49999999999999822 ) ) ;
#2135 = CARTESIAN_POINT ( 'NONE',  ( -4.626067247867202248, 19.12619216221774465, -11.49000000000000199 ) ) ;
#2136 = CARTESIAN_POINT ( 'NONE',  ( 1.424999999999998490, 18.22463715492169456, -11.50000000000000000 ) ) ;
#2137 = DIRECTION ( 'NONE',  ( -0.000000000000000000, -1.000000000000000000, -0.000000000000000000 ) ) ;
#2138 = DIRECTION ( 'NONE',  ( -0.000000000000000000, -0.000000000000000000, -1.000000000000000000 ) ) ;
#2139 = B_SPLINE_CURVE_WITH_KNOTS ( 'NONE', 3,
 ( #3047, #4987, #485, #2942, #4001, #4066, #3511 ),
 .UNSPECIFIED., .F., .F.,
 ( 4, 1, 1, 1, 4 ),
 ( 0.000000000000000000, 0.2969832649119010792, 0.5615673812235444373, 0.7950117547950560359, 1.000000000000000000 ),
 .UNSPECIFIED. ) ;
#2140 = CARTESIAN_POINT ( 'NONE',  ( -9.899015657994382877, 17.93043709523850993, -11.50000000000000178 ) ) ;
#2141 = CARTESIAN_POINT ( 'NONE',  ( -5.533121868956983214, 21.09582141243338782, -11.49000000000000199 ) ) ;
#2142 = EDGE_CURVE ( 'NONE', #1062, #3794, #5659, .T. ) ;
#2143 = CARTESIAN_POINT ( 'NONE',  ( 17.00000000000000000, 0.000000000000000000, -6.499999999999997335 ) ) ;
#2144 = VECTOR ( 'NONE', #4647, 1000.000000000000000 ) ;
#2145 = ORIENTED_EDGE ( 'NONE', *, *, #4745, .T. ) ;
#2146 = CARTESIAN_POINT ( 'NONE',  ( -4.055989938216007396, 18.33297227497380177, -11.49999999999999467 ) ) ;
#2147 = CARTESIAN_POINT ( 'NONE',  ( 11.35429687500000639, 17.92463715492169385, -11.50000000000000000 ) ) ;
#2148 = CARTESIAN_POINT ( 'NONE',  ( -7.650000000000001243, 16.89221527992170024, -11.50000000000000000 ) ) ;
#2149 = ORIENTED_EDGE ( 'NONE', *, *, #2219, .F. ) ;
#2150 = CARTESIAN_POINT ( 'NONE',  ( -14.80898437500000320, 22.27463715492170238, -11.49000000000000021 ) ) ;
#2151 = VECTOR ( 'NONE', #3510, 1000.000000000000000 ) ;
#2152 = CARTESIAN_POINT ( 'NONE',  ( -15.37500000000000355, 21.56682465492170664, -11.50000000000000000 ) ) ;
#2153 = CARTESIAN_POINT ( 'NONE',  ( 15.88025924523223509, 21.97378603077995152, -11.50000000000000355 ) ) ;
#2154 = CARTESIAN_POINT ( 'NONE',  ( 16.04255039043772157, 21.57622626171932012, -11.50000000000000000 ) ) ;
#2155 = CIRCLE ( 'NONE', #2346, 0.5000000000000004441 ) ;
#2156 = CARTESIAN_POINT ( 'NONE',  ( -4.666703040600180152, 18.31856002690911822, -11.50000000000000178 ) ) ;
#2157 = CARTESIAN_POINT ( 'NONE',  ( 14.70703125000000711, 18.76487152992169527, -11.50000000000000000 ) ) ;
#2158 = CARTESIAN_POINT ( 'NONE',  ( -2.922179910701772965, 19.11638945057062244, -11.48999999999999844 ) ) ;
#2159 = CARTESIAN_POINT ( 'NONE',  ( 10.98656553307646710, 18.81386804161049398, -11.49999999999999822 ) ) ;
#2160 = CARTESIAN_POINT ( 'NONE',  ( -8.761507307021147994, 20.17746457291966067, -11.49000000000000021 ) ) ;
#2161 = VERTEX_POINT ( 'NONE', #3149 ) ;
#2162 = MECHANICAL_DESIGN_GEOMETRIC_PRESENTATION_REPRESENTATION (  '', ( #3297 ), #2057 ) ;
#2163 = CARTESIAN_POINT ( 'NONE',  ( 5.173238964690442643, 16.89445050024333383, -11.49000000000000199 ) ) ;
#2164 = CARTESIAN_POINT ( 'NONE',  ( -10.25123498506594721, 18.83866667005231577, -11.49999999999999645 ) ) ;
#2165 = CARTESIAN_POINT ( 'NONE',  ( -10.13554687500000107, 22.27463715492169527, -11.49000000000000021 ) ) ;
#2166 = AXIS2_PLACEMENT_3D ( 'NONE', #1996, #1537, #2096 ) ;
#2167 = CARTESIAN_POINT ( 'NONE',  ( -5.983615971477499684, 20.45169023723473600, -11.49999999999999822 ) ) ;
#2168 = CARTESIAN_POINT ( 'NONE',  ( -6.500040872281249271, 19.07190413629842851, -11.48999999999999666 ) ) ;
#2169 = CARTESIAN_POINT ( 'NONE',  ( 11.01314943324701545, 18.05986582706652399, -11.49000000000000021 ) ) ;
#2170 = CARTESIAN_POINT ( 'NONE',  ( 13.31268599063310987, 18.61210980728615993, -11.49000000000000199 ) ) ;
#2171 = CARTESIAN_POINT ( 'NONE',  ( 11.88164062500000639, 21.43205902992169243, -11.50000000000000000 ) ) ;
#2172 = CARTESIAN_POINT ( 'NONE',  ( 13.41844816010667074, 18.28796422815718259, -11.48999999999999666 ) ) ;
#2173 = CARTESIAN_POINT ( 'NONE',  ( -2.860835143954505888, 17.13919680494282005, -11.50000000000000000 ) ) ;
#2174 = ORIENTED_EDGE ( 'NONE', *, *, #668, .T. ) ;
#2175 = CARTESIAN_POINT ( 'NONE',  ( -16.79210983933947787, 17.39571808965235533, -11.49999999999999645 ) ) ;
#2176 = CARTESIAN_POINT ( 'NONE',  ( 5.169940467096794556, 16.79547338548765012, -11.49999999999999822 ) ) ;
#2177 = ORIENTED_EDGE ( 'NONE', *, *, #975, .T. ) ;
#2178 = CARTESIAN_POINT ( 'NONE',  ( 0.4261989482513494076, 16.70725855465655130, -11.49000000000000021 ) ) ;
#2179 = CARTESIAN_POINT ( 'NONE',  ( -6.209765625000002842, 20.39963715492169882, -11.49000000000000021 ) ) ;
#2180 = CARTESIAN_POINT ( 'NONE',  ( 8.627992460462129642, 18.79777871199867079, -11.49999999999999822 ) ) ;
#2181 = CARTESIAN_POINT ( 'NONE',  ( -5.737441911199053557, 22.07740806833936631, -11.49999999999999467 ) ) ;
#2182 = CARTESIAN_POINT ( 'NONE',  ( -2.758687360460194693, 20.99902687762945064, -11.49999999999999467 ) ) ;
#2183 = CARTESIAN_POINT ( 'NONE',  ( -8.290955673831540196, 16.27965551395862320, -11.50000000000000000 ) ) ;
#2184 = LINE ( 'NONE', #672, #881 ) ;
#2185 = CARTESIAN_POINT ( 'NONE',  ( 10.87710053361533369, 18.39855903018868588, -11.49000000000000021 ) ) ;
#2186 = CARTESIAN_POINT ( 'NONE',  ( -5.159502712859716844, 19.20610819149526449, -11.49999999999999289 ) ) ;
#2187 = ORIENTED_EDGE ( 'NONE', *, *, #589, .T. ) ;
#2188 = CARTESIAN_POINT ( 'NONE',  ( 7.832518902798166316, 21.36212991629943048, -11.49000000000000554 ) ) ;
#2189 = DIRECTION ( 'NONE',  ( 1.000000000000000000, 0.000000000000000000, 1.224646799147352714E-16 ) ) ;
#2190 = LINE ( 'NONE', #1663, #2144 ) ;
#2191 = CARTESIAN_POINT ( 'NONE',  ( -5.755129059589767060, 20.69396377169337242, -11.49000000000000199 ) ) ;
#2192 = CARTESIAN_POINT ( 'NONE',  ( 11.88781984216070242, 21.45044315390506284, -11.50000000000000178 ) ) ;
#2193 = DIRECTION ( 'NONE',  ( -1.000000000000000000, 0.000000000000000000, 0.000000000000000000 ) ) ;
#2194 = EDGE_CURVE ( 'NONE', #1373, #6300, #6179, .T. ) ;
#2195 = CARTESIAN_POINT ( 'NONE',  ( 8.627992460462129642, 18.79777871199867079, -11.49999999999998757 ) ) ;
#2196 = CARTESIAN_POINT ( 'NONE',  ( 0.8518482242832962070, 16.30090487375405672, -11.49000000000000021 ) ) ;
#2197 = B_SPLINE_CURVE_WITH_KNOTS ( 'NONE', 3,
 ( #982, #3514, #3145, #3115, #2618, #3678, #4713, #2648, #620, #3649, #1119, #4584, #1151, #1213, #652, #2103, #3582, #4067, #3707, #5656, #6175, #6077, #223 ),
 .UNSPECIFIED., .F., .F.,
 ( 4, 1, 1, 1, 1, 1, 1, 1, 1, 1, 1, 1, 1, 1, 1, 1, 1, 1, 1, 1, 4 ),
 ( 0.000000000000000000, 0.08555296514202580249, 0.1686555273878581618, 0.2497345523834831604, 0.3304999182622664899, 0.3708183740751191948, 0.4104389214578824108, 0.4498607567959730380, 0.4892778107353520922, 0.5288840841578640317, 0.5688708239712109149, 0.6092142042626437215, 0.6503212202130232988, 0.6918796828475827221, 0.7339191274285105093, 0.7761970110408114021, 0.8189477832778142563, 0.8624719199818281501, 0.9069399687947112820, 0.9528333461798221826, 1.000000000000000000 ),
 .UNSPECIFIED. ) ;
#2198 = CARTESIAN_POINT ( 'NONE',  ( 10.42333687698099709, 20.02297681134472995, -11.49999999999999822 ) ) ;
#2199 = PLANE ( 'NONE',  #355 ) ;
#2200 = CARTESIAN_POINT ( 'NONE',  ( -9.129076590241638200, 21.95995447311723936, -11.50000000000000000 ) ) ;
#2201 = CARTESIAN_POINT ( 'NONE',  ( 9.372422829845032055, 20.25305048525301999, -11.49000000000000377 ) ) ;
#2202 = CARTESIAN_POINT ( 'NONE',  ( 1.535738867398263929, 16.50656335103904127, -11.49000000000000199 ) ) ;
#2203 = VERTEX_POINT ( 'NONE', #4138 ) ;
#2204 = CARTESIAN_POINT ( 'NONE',  ( -17.01974375802461381, 17.32962027800230587, -11.48999999999999488 ) ) ;
#2205 = CARTESIAN_POINT ( 'NONE',  ( -7.654799601594815428, 21.79699145337189492, -11.49000000000000199 ) ) ;
#2206 = CARTESIAN_POINT ( 'NONE',  ( -4.422656250000001954, 18.29963715492169740, -11.49000000000000021 ) ) ;
#2207 = CARTESIAN_POINT ( 'NONE',  ( -6.588340197333287129, 20.60389825835495614, -11.48999999999999488 ) ) ;
#2208 = SURFACE_SIDE_STYLE ('',( #1261 ) ) ;
#2209 = EDGE_CURVE ( 'NONE', #2025, #2919, #4656, .T. ) ;
#2210 = CARTESIAN_POINT ( 'NONE',  ( -5.886760640257551636, 21.99780184687784867, -11.49000000000000377 ) ) ;
#2211 = CARTESIAN_POINT ( 'NONE',  ( -4.792904287981903266, 18.34292643881025953, -11.48999999999999666 ) ) ;
#2212 = DIRECTION ( 'NONE',  ( 0.2757195846978381382, 0.9612381133798491017, 0.000000000000000000 ) ) ;
#2213 = CARTESIAN_POINT ( 'NONE',  ( 9.850343569107494091, 18.52526486018286889, -11.48999999999999844 ) ) ;
#2214 = FACE_OUTER_BOUND ( 'NONE', #6104, .T. ) ;
#2215 = CARTESIAN_POINT ( 'NONE',  ( -2.814964923802339758, 17.06162384645141472, -11.50000000000000178 ) ) ;
#2216 = VERTEX_POINT ( 'NONE', #4522 ) ;
#2217 = CARTESIAN_POINT ( 'NONE',  ( -8.835392768518167017, 20.69467861808650255, -11.50000000000000000 ) ) ;
#2218 = CARTESIAN_POINT ( 'NONE',  ( -12.70672718298742687, 16.45395246027894842, -11.49000000000000199 ) ) ;
#2219 = EDGE_CURVE ( 'NONE', #598, #4163, #3625, .T. ) ;
#2220 = CARTESIAN_POINT ( 'NONE',  ( 3.649218749999998845, 21.58557465492169669, -11.50000000000000000 ) ) ;
#2221 = LINE ( 'NONE', #4779, #3809 ) ;
#2222 = CARTESIAN_POINT ( 'NONE',  ( 17.10000000000000853, 18.37112152992169456, -11.49000000000000021 ) ) ;
#2223 = CARTESIAN_POINT ( 'NONE',  ( -3.745240722573014214, 19.80002204813031241, -11.49000000000000199 ) ) ;
#2224 = CARTESIAN_POINT ( 'NONE',  ( -3.804723423627094370, 19.65863967383754130, -11.49000000000000199 ) ) ;
#2225 = B_SPLINE_CURVE_WITH_KNOTS ( 'NONE', 3,
 ( #4183, #6160, #6189, #3756, #5697, #1713, #759, #5668, #4273, #2757, #1166 ),
 .UNSPECIFIED., .F., .F.,
 ( 4, 1, 1, 1, 1, 1, 1, 1, 4 ),
 ( 0.000000000000000000, 0.1115212677575326550, 0.2242751388792771639, 0.3442437123851348479, 0.4753168251380393006, 0.6070653201448058534, 0.7346509229510326255, 0.8647099798115309710, 1.000000000000000000 ),
 .UNSPECIFIED. ) ;
#2226 = CARTESIAN_POINT ( 'NONE',  ( -6.482812500000002309, 18.96994965492169527, -11.50000000000000000 ) ) ;
#2227 = EDGE_LOOP ( 'NONE', ( #4679, #4951, #1065, #1393 ) ) ;
#2228 = EDGE_CURVE ( 'NONE', #3384, #6473, #14, .T. ) ;
#2229 = CARTESIAN_POINT ( 'NONE',  ( 0.6759405771447636324, 16.38548624405836662, -11.49000000000000377 ) ) ;
#2230 = CARTESIAN_POINT ( 'NONE',  ( 10.28096605858949175, 19.21880296564263091, -11.50000000000000000 ) ) ;
#2231 = CARTESIAN_POINT ( 'NONE',  ( -9.899015657994382877, 17.93043709523850993, -11.49000000000000199 ) ) ;
#2232 = EDGE_CURVE ( 'NONE', #1396, #2106, #721, .T. ) ;
#2233 = CARTESIAN_POINT ( 'NONE',  ( 4.126055585149694060, 16.89439317547897801, -11.49000000000000199 ) ) ;
#2234 = CARTESIAN_POINT ( 'NONE',  ( -12.96914062500000320, 17.39963715492170238, -11.50000000000000000 ) ) ;
#2235 = CARTESIAN_POINT ( 'NONE',  ( -10.68922144575741129, 22.18665134119668281, -11.49000000000000554 ) ) ;
#2236 = DIRECTION ( 'NONE',  ( -5.615825278454460210E-14, 3.988882736066427264E-13, -1.000000000000000000 ) ) ;
#2237 = CARTESIAN_POINT ( 'NONE',  ( 11.88164062500000639, 21.43205902992169243, -11.49000000000000021 ) ) ;
#2238 = EDGE_LOOP ( 'NONE', ( #3835 ) ) ;
#2239 = EDGE_CURVE ( 'NONE', #867, #3909, #6444, .T. ) ;
#2240 = CARTESIAN_POINT ( 'NONE',  ( 19.00000000000000000, 30.00000000000000355, 0.000000000000000000 ) ) ;
#2241 = EDGE_CURVE ( 'NONE', #5034, #1138, #256, .T. ) ;
#2242 = CARTESIAN_POINT ( 'NONE',  ( 16.09335937500000924, 21.43205902992169243, -11.50000000000000000 ) ) ;
#2243 = CARTESIAN_POINT ( 'NONE',  ( 8.281640625000004974, 18.74963715492169314, -11.49999999999999822 ) ) ;
#2244 = VECTOR ( 'NONE', #2212, 1000.000000000000000 ) ;
#2245 = FACE_OUTER_BOUND ( 'NONE', #525, .T. ) ;
#2246 = LINE ( 'NONE', #1754, #347 ) ;
#2247 = CARTESIAN_POINT ( 'NONE',  ( 11.66200619964085128, 18.00530549923518109, -11.50000000000000000 ) ) ;
#2248 = AXIS2_PLACEMENT_3D ( 'NONE', #5398, #6343, #398 ) ;
#2249 = ADVANCED_FACE ( 'NONE', ( #3302 ), #1322, .T. ) ;
#2250 = CARTESIAN_POINT ( 'NONE',  ( -5.821774319875794745, 19.65338785184603410, -11.49000000000000021 ) ) ;
#2251 = ORIENTED_EDGE ( 'NONE', *, *, #4788, .F. ) ;
#2252 = AXIS2_PLACEMENT_3D ( 'NONE', #5667, #5175, #3726 ) ;
#2253 = VERTEX_POINT ( 'NONE', #2317 ) ;
#2254 = CARTESIAN_POINT ( 'NONE',  ( 7.269930957599855859, 20.65591171887442812, -11.49000000000000021 ) ) ;
#2255 = CARTESIAN_POINT ( 'NONE',  ( -12.51433012773768993, 16.55508464639958532, -11.48999999999999666 ) ) ;
#2256 = CARTESIAN_POINT ( 'NONE',  ( 14.59921875000000746, 21.38518402992169598, -11.50000000000000000 ) ) ;
#2257 = CARTESIAN_POINT ( 'NONE',  ( -6.130753984724869987, 20.40288587690463729, -11.48999999999999666 ) ) ;
#2258 = CIRCLE ( 'NONE', #1313, 2.999999999999999112 ) ;
#2259 = CARTESIAN_POINT ( 'NONE',  ( -12.51703134806053974, 17.27004626163477141, -11.49000000000000021 ) ) ;
#2260 = CARTESIAN_POINT ( 'NONE',  ( -4.401788517603418605, 21.48806138883030314, -11.49000000000000021 ) ) ;
#2261 = VECTOR ( 'NONE', #4593, 1000.000000000000000 ) ;
#2262 = CARTESIAN_POINT ( 'NONE',  ( 4.552734374999999112, 22.27463715492169172, -11.50000000000000000 ) ) ;
#2263 = CARTESIAN_POINT ( 'NONE',  ( 10.42008190960479119, 19.86835460706965506, -11.49999999999999822 ) ) ;
#2264 = EDGE_CURVE ( 'NONE', #2928, #2253, #2746, .T. ) ;
#2265 = ORIENTED_EDGE ( 'NONE', *, *, #3084, .F. ) ;
#2266 = CARTESIAN_POINT ( 'NONE',  ( 13.77105343746183230, 17.95087079556474308, -11.50000000000000533 ) ) ;
#2267 = CARTESIAN_POINT ( 'NONE',  ( 8.731847664092043715, 21.36274876172665671, -11.49000000000000199 ) ) ;
#2268 = CARTESIAN_POINT ( 'NONE',  ( 9.533414156291421193, 21.93441010817642933, -11.49000000000000377 ) ) ;
#2269 = CARTESIAN_POINT ( 'NONE',  ( -16.91525667941128219, 17.37160354218315916, -11.50000000000000533 ) ) ;
#2270 = LINE ( 'NONE', #4270, #4326 ) ;
#2271 = CARTESIAN_POINT ( 'NONE',  ( -2.627725258457772828, 20.28187517191947364, -11.50000000000000000 ) ) ;
#2272 = ORIENTED_EDGE ( 'NONE', *, *, #2867, .T. ) ;
#2273 = CARTESIAN_POINT ( 'NONE',  ( 0.6759405771447636324, 16.38548624405836662, -11.50000000000000178 ) ) ;
#2274 = CARTESIAN_POINT ( 'NONE',  ( -14.80898437500000320, 22.27463715492170238, -11.49000000000000021 ) ) ;
#2275 = EDGE_CURVE ( 'NONE', #2799, #3643, #3465, .T. ) ;
#2276 = CARTESIAN_POINT ( 'NONE',  ( -3.676581631302196840, 20.36183044285652954, -11.49000000000000199 ) ) ;
#2277 = CARTESIAN_POINT ( 'NONE',  ( -3.842157332924589497, 22.11932200421447803, -11.50000000000000178 ) ) ;
#2278 = CARTESIAN_POINT ( 'NONE',  ( 11.47274266619591288, 17.92892278137730599, -11.50000000000000533 ) ) ;
#2279 = DIRECTION ( 'NONE',  ( 0.9597549251784609492, -0.2808388925980284112, 0.000000000000000000 ) ) ;
#2280 = CARTESIAN_POINT ( 'NONE',  ( -2.925625737489226275, 17.20542575748299896, -11.49999999999999822 ) ) ;
#2281 = VERTEX_POINT ( 'NONE', #5750 ) ;
#2282 = ORIENTED_EDGE ( 'NONE', *, *, #4833, .F. ) ;
#2283 = VERTEX_POINT ( 'NONE', #1248 ) ;
#2284 = CARTESIAN_POINT ( 'NONE',  ( -9.286481581196520452, 21.30597294682259957, -11.49000000000000021 ) ) ;
#2285 = CARTESIAN_POINT ( 'NONE',  ( -12.40242980460334365, 16.71580791779988573, -11.49000000000000199 ) ) ;
#2286 = CARTESIAN_POINT ( 'NONE',  ( 14.74540406669248505, 21.84694258477661322, -11.49999999999999645 ) ) ;
#2287 = CARTESIAN_POINT ( 'NONE',  ( 7.214001632655594243, 18.16100044358286425, -11.50000000000000533 ) ) ;
#2288 = CARTESIAN_POINT ( 'NONE',  ( 8.518459504419649164, 18.76945969719075080, -11.49000000000000021 ) ) ;
#2289 = CARTESIAN_POINT ( 'NONE',  ( 16.12405985692646837, 18.37668594314236259, -11.49999999999999822 ) ) ;
#2290 = CARTESIAN_POINT ( 'NONE',  ( 7.399486491256614507, 20.96045347446147034, -11.49999999999999645 ) ) ;
#2291 = CARTESIAN_POINT ( 'NONE',  ( 9.165986369104755838, 18.07785120699706738, -11.50000000000000355 ) ) ;
#2292 = CARTESIAN_POINT ( 'NONE',  ( 13.49333321616065362, 18.15776619327815666, -11.49999999999999645 ) ) ;
#2293 = CARTESIAN_POINT ( 'NONE',  ( 11.92148437500000568, 18.59494965492169172, -11.49000000000000021 ) ) ;
#2294 = CARTESIAN_POINT ( 'NONE',  ( 4.155923524502698641, 16.65715673793820528, -11.49999999999999822 ) ) ;
#2295 = CARTESIAN_POINT ( 'NONE',  ( -10.35363036209202114, 21.29868488873623633, -11.50000000000000355 ) ) ;
#2296 = EDGE_LOOP ( 'NONE', ( #3632, #4862, #2336, #249 ) ) ;
#2297 = PLANE ( 'NONE',  #4037 ) ;
#2298 = CARTESIAN_POINT ( 'NONE',  ( -8.764952704362604763, 19.90542631826507858, -11.48999999999999844 ) ) ;
#2299 = DIRECTION ( 'NONE',  ( 0.000000000000000000, -1.000000000000000000, 0.000000000000000000 ) ) ;
#2300 = CARTESIAN_POINT ( 'NONE',  ( -4.042828986604796171, 21.28320720288859746, -11.49999999999999822 ) ) ;
#2301 = EDGE_LOOP ( 'NONE', ( #1957, #3577, #4328, #121, #1129, #2483, #2826, #4958, #2614, #2310, #154, #6362, #4526, #5046, #2818, #3490, #1859, #1758, #4554, #3058 ) ) ;
#2302 = LINE ( 'NONE', #1426, #1300 ) ;
#2303 = DIRECTION ( 'NONE',  ( -0.2757195846978388043, 0.9612381133798489907, 0.000000000000000000 ) ) ;
#2304 = EDGE_CURVE ( 'NONE', #2564, #5885, #4751, .T. ) ;
#2305 = FACE_OUTER_BOUND ( 'NONE', #3981, .T. ) ;
#2306 = CARTESIAN_POINT ( 'NONE',  ( -8.695600969184141604, 21.79919949933740497, -11.49000000000000021 ) ) ;
#2307 = ADVANCED_FACE ( 'NONE', ( #3965 ), #1507, .F. ) ;
#2308 = ORIENTED_EDGE ( 'NONE', *, *, #1834, .F. ) ;
#2309 = VERTEX_POINT ( 'NONE', #6305 ) ;
#2310 = ORIENTED_EDGE ( 'NONE', *, *, #1598, .T. ) ;
#2311 = CARTESIAN_POINT ( 'NONE',  ( -9.286481581196520452, 21.30597294682259957, -11.50000000000000178 ) ) ;
#2312 = CARTESIAN_POINT ( 'NONE',  ( -12.40242980460334365, 16.71580791779988573, -11.50000000000000000 ) ) ;
#2313 = CARTESIAN_POINT ( 'NONE',  ( -11.65073234797220536, 18.79343818709088154, -11.49000000000000021 ) ) ;
#2314 = B_SPLINE_SURFACE_WITH_KNOTS ( 'NONE', 3, 1, ( 
 ( #2764, #6167 ),
 ( #6285, #1658 ),
 ( #3671, #216 ),
 ( #4220, #802 ),
 ( #1266, #1723 ),
 ( #1791, #2186 ),
 ( #3761, #5248 ),
 ( #3793, #1173 ),
 ( #3167, #740 ),
 ( #2735, #4802 ),
 ( #3260, #247 ),
 ( #2250, #6259 ),
 ( #5796, #5313 ),
 ( #675, #2670 ),
 ( #4678, #6317 ) ),
 .UNSPECIFIED., .F., .F., .F.,
 ( 4, 1, 1, 1, 1, 1, 1, 1, 1, 1, 1, 1, 4 ),
 ( 2, 2 ),
 ( 0.000000000000000000, 0.1044505287143838029, 0.1932768430453082609, 0.2679379246443071572, 0.3285622982869245701, 0.3910330280111284917, 0.4691087535087041238, 0.5600905202646608849, 0.6668181364838309255, 0.7719307987940909888, 0.8619210891673909636, 0.9367821740221169424, 1.000000000000000000 ),
 ( 0.000000000000000000, 1.000000000000000000 ),
 .UNSPECIFIED. ) ;
#2315 = B_SPLINE_CURVE_WITH_KNOTS ( 'NONE', 3,
 ( #2392, #5913, #3905, #6373, #888, #270, #1876, #4272, #6338, #6278, #299 ),
 .UNSPECIFIED., .F., .F.,
 ( 4, 1, 1, 1, 1, 1, 1, 1, 4 ),
 ( 0.000000000000000000, 0.1276713205019274211, 0.2517758337628410725, 0.3780909712774903064, 0.5108635854996468328, 0.6430791093729312236, 0.7641327216746153228, 0.8816908386317376944, 1.000000000000000000 ),
 .UNSPECIFIED. ) ;
#2316 = CARTESIAN_POINT ( 'NONE',  ( 0.5930308893832794137, 22.17986309398338562, -11.49999999999999645 ) ) ;
#2317 = CARTESIAN_POINT ( 'NONE',  ( -6.031640625000002309, 19.70588715492169740, -11.50000000000000000 ) ) ;
#2318 = DIRECTION ( 'NONE',  ( -1.000000000000000000, 0.000000000000000000, 0.000000000000000000 ) ) ;
#2319 = CARTESIAN_POINT ( 'NONE',  ( 5.174999999999998934, 16.94729340492169456, -11.50000000000000000 ) ) ;
#2320 = CARTESIAN_POINT ( 'NONE',  ( -3.679672114487329448, 20.47343259085483425, -11.48999999999999844 ) ) ;
#2321 = VERTEX_POINT ( 'NONE', #4511 ) ;
#2322 = CARTESIAN_POINT ( 'NONE',  ( 0.5980651125045849392, 16.44559613370829254, -11.48999999999999844 ) ) ;
#2323 = CARTESIAN_POINT ( 'NONE',  ( -15.37364064140721709, 21.62245995233733709, -11.49999999999999822 ) ) ;
#2324 = CARTESIAN_POINT ( 'NONE',  ( 16.07557629755823214, 21.48251737050280497, -11.49000000000000199 ) ) ;
#2325 = EDGE_CURVE ( 'NONE', #4398, #4308, #4415, .T. ) ;
#2326 = VECTOR ( 'NONE', #1604, 1000.000000000000000 ) ;
#2327 = CARTESIAN_POINT ( 'NONE',  ( -8.759765625000000000, 20.10549652992169811, -11.50000000000000000 ) ) ;
#2328 = ORIENTED_EDGE ( 'NONE', *, *, #1894, .T. ) ;
#2329 = CARTESIAN_POINT ( 'NONE',  ( 10.39054351177346369, 20.55973984468463556, -11.49000000000000199 ) ) ;
#2330 = CARTESIAN_POINT ( 'NONE',  ( 8.049525161160048015, 17.92948125563997408, -11.49000000000000377 ) ) ;
#2331 = EDGE_LOOP ( 'NONE', ( #3561, #741, #5579, #4755 ) ) ;
#2332 = CARTESIAN_POINT ( 'NONE',  ( 1.409197426367368999, 16.38474350313156336, -11.48999999999999844 ) ) ;
#2333 = VECTOR ( 'NONE', #1007, 1000.000000000000000 ) ;
#2334 = CARTESIAN_POINT ( 'NONE',  ( -11.16285256909608314, 18.23766900667120083, -11.48999999999999666 ) ) ;
#2335 = ORIENTED_EDGE ( 'NONE', *, *, #4521, .F. ) ;
#2336 = ORIENTED_EDGE ( 'NONE', *, *, #153, .T. ) ;
#2337 = EDGE_CURVE ( 'NONE', #1094, #5857, #1474, .T. ) ;
#2338 = ORIENTED_EDGE ( 'NONE', *, *, #3532, .F. ) ;
#2339 = CARTESIAN_POINT ( 'NONE',  ( 11.39587142829977218, 17.92614141272353478, -11.49000000000000199 ) ) ;
#2340 = VECTOR ( 'NONE', #4245, 1000.000000000000000 ) ;
#2341 = CARTESIAN_POINT ( 'NONE',  ( -5.458593750000002132, 18.61838715492169882, -11.49000000000000021 ) ) ;
#2342 = LINE ( 'NONE', #3466, #1010 ) ;
#2343 = CARTESIAN_POINT ( 'NONE',  ( 9.372472973416295261, 19.94895541459782251, -11.48999999999999844 ) ) ;
#2344 = CARTESIAN_POINT ( 'NONE',  ( -6.500040872281249271, 19.07190413629842851, -11.49999999999999822 ) ) ;
#2345 = CARTESIAN_POINT ( 'NONE',  ( 6.726424494576749957, 18.51797648812046049, -11.49999999999999645 ) ) ;
#2346 = AXIS2_PLACEMENT_3D ( 'NONE', #72, #5066, #6083 ) ;
#2347 = ADVANCED_FACE ( 'NONE', ( #5523 ), #2592, .T. ) ;
#2348 = VECTOR ( 'NONE', #5146, 1000.000000000000000 ) ;
#2349 = ORIENTED_EDGE ( 'NONE', *, *, #746, .F. ) ;
#2350 = CARTESIAN_POINT ( 'NONE',  ( 8.281640625000004974, 18.74963715492169314, -11.49000000000000021 ) ) ;
#2351 = CIRCLE ( 'NONE', #1637, 2.299999999999999822 ) ;
#2352 = CARTESIAN_POINT ( 'NONE',  ( -8.750189832162305947, 18.54395769554942675, -11.49999999999999822 ) ) ;
#2353 = CARTESIAN_POINT ( 'NONE',  ( 10.34591587078296726, 20.77666316169456096, -11.49999999999999289 ) ) ;
#2354 = CARTESIAN_POINT ( 'NONE',  ( -2.627725258457772828, 20.28187517191947364, -11.49000000000000021 ) ) ;
#2355 = VERTEX_POINT ( 'NONE', #3545 ) ;
#2356 = PLANE ( 'NONE',  #160 ) ;
#2357 = CARTESIAN_POINT ( 'NONE',  ( -14.80898437500000320, 22.27463715492170238, -11.49000000000000021 ) ) ;
#2358 = CARTESIAN_POINT ( 'NONE',  ( 4.934869554255670643, 22.17201425467807141, -11.49000000000000554 ) ) ;
#2359 = VERTEX_POINT ( 'NONE', #2975 ) ;
#2360 = B_SPLINE_CURVE_WITH_KNOTS ( 'NONE', 3,
 ( #1722, #5153, #5646, #6258, #215, #4771, #3734, #183, #1204, #1143, #3199, #707, #4706, #4677, #4190, #5247, #1790, #4219, #1756 ),
 .UNSPECIFIED., .F., .F.,
 ( 4, 1, 1, 1, 1, 1, 1, 1, 1, 1, 1, 1, 1, 1, 1, 1, 4 ),
 ( 0.000000000000000000, 0.06450583079245077178, 0.1257003490472285434, 0.1845603124204928391, 0.2404533103004709571, 0.2941509815605866107, 0.3456887803325743302, 0.3950683699914054881, 0.4434122827432722680, 0.5342984258742937698, 0.6178213727056318660, 0.6955579538707612475, 0.7681941770278261084, 0.8358171608293685217, 0.8963565394511285866, 0.9510006524474003964, 0.9999999999999998890 ),
 .UNSPECIFIED. ) ;
#2361 = CARTESIAN_POINT ( 'NONE',  ( -8.978038478356866747, 20.99635906604876467, -11.50000000000000000 ) ) ;
#2362 = B_SPLINE_SURFACE_WITH_KNOTS ( 'NONE', 3, 1, ( 
 ( #641, #5553 ),
 ( #4189, #1076 ),
 ( #149, #2609 ),
 ( #1656, #3070 ),
 ( #1536, #5673 ),
 ( #1568, #5083 ),
 ( #4122, #1042 ),
 ( #4638, #4606 ),
 ( #6137, #2577 ),
 ( #3041, #2095 ),
 ( #610, #578 ),
 ( #1170, #5050 ),
 ( #3165, #117 ),
 ( #88, #1628 ),
 ( #545, #2124 ),
 ( #6101, #2542 ),
 ( #4540, #2638 ),
 ( #3105, #58 ),
 ( #3640, #5645 ) ),
 .UNSPECIFIED., .F., .F., .F.,
 ( 4, 1, 1, 1, 1, 1, 1, 1, 1, 1, 1, 1, 1, 1, 1, 1, 4 ),
 ( 2, 2 ),
 ( 0.000000000000000000, 0.06231500613214851353, 0.1221551757590843973, 0.1796384049667974214, 0.2353270640375059175, 0.2915502338259617354, 0.3471584341915622818, 0.4035724071408621771, 0.4620288194082597943, 0.5215207988966392705, 0.5821813866464210507, 0.6445911641402100045, 0.7087638528212126809, 0.7765520950177906556, 0.8470014315164573482, 0.9215610759663600549, 1.000000000000000000 ),
 ( 0.000000000000000000, 1.000000000000000000 ),
 .UNSPECIFIED. ) ;
#2363 = CARTESIAN_POINT ( 'NONE',  ( -11.92022152941314594, 20.28377100838504177, -11.50000000000000355 ) ) ;
#2364 = CARTESIAN_POINT ( 'NONE',  ( 6.377445627470897271, 19.01447753834156273, -11.50000000000000355 ) ) ;
#2365 = B_SPLINE_CURVE_WITH_KNOTS ( 'NONE', 3,
 ( #4397, #3910, #1849, #5883, #3980, #5462, #959, #1321, #2361, #4365, #328, #5339, #826, #2822, #2327 ),
 .UNSPECIFIED., .F., .F.,
 ( 4, 1, 1, 1, 1, 1, 1, 1, 1, 1, 1, 1, 4 ),
 ( 0.000000000000000000, 0.07433125880460952906, 0.1462283265474874916, 0.2177568673662739207, 0.2903599286591333484, 0.3630850718339861949, 0.4378872412596144237, 0.5165596629887888591, 0.6001169684285653227, 0.6890797924103815308, 0.7843348404502343829, 0.8880284049398760038, 1.000000000000000000 ),
 .UNSPECIFIED. ) ;
#2366 = CARTESIAN_POINT ( 'NONE',  ( -9.821484375000004263, 21.44963715492169953, -11.49000000000000199 ) ) ;
#2367 = ORIENTED_EDGE ( 'NONE', *, *, #4249, .T. ) ;
#2368 = CARTESIAN_POINT ( 'NONE',  ( -4.422656250000001954, 18.29963715492169740, -11.50000000000000000 ) ) ;
#2369 = CARTESIAN_POINT ( 'NONE',  ( -8.666702408368202271, 21.92204201697953891, -11.48999999999999844 ) ) ;
#2370 = ORIENTED_EDGE ( 'NONE', *, *, #1198, .F. ) ;
#2371 = ORIENTED_EDGE ( 'NONE', *, *, #1112, .T. ) ;
#2372 = ORIENTED_EDGE ( 'NONE', *, *, #4263, .F. ) ;
#2373 = B_SPLINE_SURFACE_WITH_KNOTS ( 'NONE', 3, 1, ( 
 ( #3912, #3818 ),
 ( #3317, #5341 ),
 ( #961, #4082 ),
 ( #108, #3562 ),
 ( #3031, #2957 ),
 ( #3529, #47 ),
 ( #4018, #6090 ),
 ( #6026, #1098 ),
 ( #3060, #5500 ),
 ( #996, #3628 ),
 ( #5038, #1526 ),
 ( #602, #3982 ),
 ( #9, #4596 ) ),
 .UNSPECIFIED., .F., .F., .F.,
 ( 4, 1, 1, 1, 1, 1, 1, 1, 1, 1, 4 ),
 ( 2, 2 ),
 ( 0.000000000000000000, 0.1299538274699381379, 0.2413941544034929054, 0.3343466416945235498, 0.4088560542118862551, 0.5370903790313471537, 0.6720494957059842678, 0.7437957190666060203, 0.8195711707194278661, 0.9050770133593268874, 0.9999999999999998890 ),
 ( 0.000000000000000000, 1.000000000000000000 ),
 .UNSPECIFIED. ) ;
#2374 = ORIENTED_EDGE ( 'NONE', *, *, #586, .T. ) ;
#2375 = CARTESIAN_POINT ( 'NONE',  ( 11.87277351218987143, 18.43283741680380672, -11.48999999999999666 ) ) ;
#2376 = CARTESIAN_POINT ( 'NONE',  ( -17.21617046574060694, 16.71084741516531835, -11.50000000000000178 ) ) ;
#2377 = CYLINDRICAL_SURFACE ( 'NONE', #4155, 0.5000000000000004441 ) ;
#2378 = CARTESIAN_POINT ( 'NONE',  ( 9.211482446583874051, 19.30137134904422780, -11.49000000000000199 ) ) ;
#2379 = CARTESIAN_POINT ( 'NONE',  ( -6.523250798638578374, 19.20766849933373877, -11.49000000000000021 ) ) ;
#2380 = DIRECTION ( 'NONE',  ( 0.000000000000000000, -0.000000000000000000, 1.000000000000000000 ) ) ;
#2381 = CARTESIAN_POINT ( 'NONE',  ( 0.7886910710509628109, 22.26934658754292684, -11.48999999999999666 ) ) ;
#2382 = CARTESIAN_POINT ( 'NONE',  ( 3.741818177132875345, 21.72194020795464553, -11.49999999999999467 ) ) ;
#2383 = CARTESIAN_POINT ( 'NONE',  ( 7.486728227835919292, 21.08846252999199677, -11.49999999999999467 ) ) ;
#2384 = ORIENTED_EDGE ( 'NONE', *, *, #2228, .T. ) ;
#2385 = CARTESIAN_POINT ( 'NONE',  ( 14.59921875000000746, 21.38518402992169598, -11.49000000000000021 ) ) ;
#2386 = CARTESIAN_POINT ( 'NONE',  ( 13.98164062500000604, 17.92463715492169385, -11.50000000000000178 ) ) ;
#2387 = ADVANCED_FACE ( 'NONE', ( #5419 ), #2886, .T. ) ;
#2388 = CARTESIAN_POINT ( 'NONE',  ( -11.92022152941314594, 20.28377100838504177, -11.49000000000000377 ) ) ;
#2389 = B_SPLINE_CURVE_WITH_KNOTS ( 'NONE', 3,
 ( #1970, #3966, #5191, #5222, #3647, #1177, #2676, #5128, #3207, #190, #2617, #3143, #5654, #4711, #1210 ),
 .UNSPECIFIED., .F., .F.,
 ( 4, 1, 1, 1, 1, 1, 1, 1, 1, 1, 1, 1, 4 ),
 ( 0.000000000000000000, 0.1044505287143838029, 0.1932768430453082609, 0.2679379246443071572, 0.3285622982869245701, 0.3910330280111284917, 0.4691087535087041238, 0.5600905202646608849, 0.6668181364838309255, 0.7719307987940909888, 0.8619210891673909636, 0.9367821740221169424, 1.000000000000000000 ),
 .UNSPECIFIED. ) ;
#2390 = CARTESIAN_POINT ( 'NONE',  ( 18.49999999999999645, 29.50000000000000355, 5.581284227055815570E-15 ) ) ;
#2391 = CARTESIAN_POINT ( 'NONE',  ( -7.963844958759336734, 22.23966824943973108, -11.49999999999999645 ) ) ;
#2392 = CARTESIAN_POINT ( 'NONE',  ( -6.031640625000002309, 19.70588715492169740, -11.49000000000000021 ) ) ;
#2393 = CARTESIAN_POINT ( 'NONE',  ( 10.90951292977458387, 18.57456085419350345, -11.50000000000000178 ) ) ;
#2394 = FACE_OUTER_BOUND ( 'NONE', #964, .T. ) ;
#2395 = CARTESIAN_POINT ( 'NONE',  ( 14.47686656120172799, 18.15954573190018806, -11.49000000000000377 ) ) ;
#2396 = ORIENTED_EDGE ( 'NONE', *, *, #1554, .F. ) ;
#2397 = FACE_OUTER_BOUND ( 'NONE', #6347, .T. ) ;
#2398 = CARTESIAN_POINT ( 'NONE',  ( 13.38281250000000711, 21.38518402992169598, -11.49000000000000021 ) ) ;
#2399 = CARTESIAN_POINT ( 'NONE',  ( 14.67348885180630269, 21.63995497113232247, -11.50000000000000355 ) ) ;
#2400 = ORIENTED_EDGE ( 'NONE', *, *, #2264, .F. ) ;
#2401 = CARTESIAN_POINT ( 'NONE',  ( 13.38281250000000711, 21.38518402992169598, -11.49000000000000021 ) ) ;
#2402 = CARTESIAN_POINT ( 'NONE',  ( -14.25000000000000178, 21.56682465492170664, -11.50000000000000000 ) ) ;
#2403 = ORIENTED_EDGE ( 'NONE', *, *, #5376, .F. ) ;
#2404 = ORIENTED_EDGE ( 'NONE', *, *, #589, .F. ) ;
#2405 = CARTESIAN_POINT ( 'NONE',  ( -6.377872914041828878, 19.56608088518806099, -11.50000000000000000 ) ) ;
#2406 = CARTESIAN_POINT ( 'NONE',  ( -4.792904287981903266, 18.34292643881025953, -11.48999999999999666 ) ) ;
#2407 = CARTESIAN_POINT ( 'NONE',  ( -16.25644042258373290, 30.50000000000000355, 0.000000000000000000 ) ) ;
#2408 = FACE_OUTER_BOUND ( 'NONE', #4871, .T. ) ;
#2409 = LINE ( 'NONE', #345, #64 ) ;
#2410 = CARTESIAN_POINT ( 'NONE',  ( 12.63867187500000711, 22.27463715492169172, -11.49000000000000021 ) ) ;
#2411 = CARTESIAN_POINT ( 'NONE',  ( 15.55186888018276292, 22.25007614673311451, -11.50000000000000000 ) ) ;
#2412 = PRODUCT_RELATED_PRODUCT_CATEGORY ( 'part', '', ( #4887 ) ) ;
#2413 = CARTESIAN_POINT ( 'NONE',  ( 4.683049775448246521, 16.27649201353254327, -11.48999999999999844 ) ) ;
#2414 = CARTESIAN_POINT ( 'NONE',  ( 4.533298619178486533, 16.27996192419572097, -11.49999999999999645 ) ) ;
#2415 = DIRECTION ( 'NONE',  ( 0.2729569223556483903, -0.9620262566781285773, 0.000000000000000000 ) ) ;
#2416 = EDGE_LOOP ( 'NONE', ( #4374, #1005, #6398, #4014 ) ) ;
#2417 = CARTESIAN_POINT ( 'NONE',  ( -5.606816571252361214, 16.42890209704730609, -11.49000000000000021 ) ) ;
#2418 = CARTESIAN_POINT ( 'NONE',  ( 7.204436493285377274, 19.90518940627664435, -11.50000000000000000 ) ) ;
#2419 = B_SPLINE_SURFACE_WITH_KNOTS ( 'NONE', 3, 1, ( 
 ( #2534, #4053 ),
 ( #49, #3096 ),
 ( #1067, #5074 ),
 ( #1589, #5604 ),
 ( #1284, #5298 ),
 ( #790, #2785 ),
 ( #4181, #1776 ),
 ( #3780, #5757 ),
 ( #297, #3250 ),
 ( #5728, #2295 ),
 ( #1679, #4760 ),
 ( #3223, #2692 ),
 ( #6157, #4696 ),
 ( #5239, #4729 ),
 ( #205, #756 ) ),
 .UNSPECIFIED., .F., .F., .F.,
 ( 4, 1, 1, 1, 1, 1, 1, 1, 1, 1, 1, 1, 4 ),
 ( 2, 2 ),
 ( 0.000000000000000000, 0.1083524830110791648, 0.2096501765292340114, 0.3035589200921334219, 0.3928415569206963887, 0.4773977105140373989, 0.5566832169623202597, 0.6336775312702701557, 0.7084255647251348487, 0.7820438145593339163, 0.8538507851686832906, 0.9264351344939084631, 1.000000000000000000 ),
 ( 0.000000000000000000, 1.000000000000000000 ),
 .UNSPECIFIED. ) ;
#2420 = ADVANCED_FACE ( 'NONE', ( #1969 ), #3206, .T. ) ;
#2421 = CARTESIAN_POINT ( 'NONE',  ( 16.71395079490985580, 17.92924307044615873, -11.48999999999999844 ) ) ;
#2422 = ORIENTED_EDGE ( 'NONE', *, *, #4428, .F. ) ;
#2423 = DIRECTION ( 'NONE',  ( 0.000000000000000000, 1.000000000000000000, 0.000000000000000000 ) ) ;
#2424 = EDGE_CURVE ( 'NONE', #1230, #1993, #4316, .T. ) ;
#2425 = DIRECTION ( 'NONE',  ( -0.000000000000000000, -0.000000000000000000, -1.000000000000000000 ) ) ;
#2426 = CARTESIAN_POINT ( 'NONE',  ( -15.37107034416750118, 21.72765607360880580, -11.49000000000000554 ) ) ;
#2427 = CARTESIAN_POINT ( 'NONE',  ( -7.860104242765968863, 16.35919383071468403, -11.49999999999999822 ) ) ;
#2428 = ORIENTED_EDGE ( 'NONE', *, *, #1925, .T. ) ;
#2429 = B_SPLINE_CURVE_WITH_KNOTS ( 'NONE', 3,
 ( #3716, #2654, #5660, #657, #4620, #2720, #132, #4721, #5201, #5629, #1091 ),
 .UNSPECIFIED., .F., .F.,
 ( 4, 1, 1, 1, 1, 1, 1, 1, 4 ),
 ( 0.000000000000000000, 0.1238186686104388451, 0.2381015460255757055, 0.3507223306987723999, 0.4688655951233490771, 0.5942438755259625838, 0.7255259014559289898, 0.8611546743909203050, 1.000000000000000000 ),
 .UNSPECIFIED. ) ;
#2430 = CARTESIAN_POINT ( 'NONE',  ( -11.01987118588602321, 22.02469944381719813, -11.50000000000000000 ) ) ;
#2431 = CARTESIAN_POINT ( 'NONE',  ( 9.304408789372740074, 20.66416713190449173, -11.50000000000000000 ) ) ;
#2432 = EDGE_CURVE ( 'NONE', #1227, #4563, #2131, .T. ) ;
#2433 = CARTESIAN_POINT ( 'NONE',  ( 0.3762709893116442661, 16.99542995217675312, -11.50000000000000000 ) ) ;
#2434 = VERTEX_POINT ( 'NONE', #5159 ) ;
#2435 = CARTESIAN_POINT ( 'NONE',  ( -11.43492901889879043, 21.64743893970574717, -11.50000000000000000 ) ) ;
#2436 = CARTESIAN_POINT ( 'NONE',  ( -11.65073234797220536, 18.79343818709088154, -11.49000000000000021 ) ) ;
#2437 = VERTEX_POINT ( 'NONE', #3170 ) ;
#2438 = CARTESIAN_POINT ( 'NONE',  ( -8.398385123807107888, 16.31357058305135155, -11.48999999999999488 ) ) ;
#2439 = CARTESIAN_POINT ( 'NONE',  ( -17.24534533951316817, 16.80912159573162157, -11.49999999999999822 ) ) ;
#2440 = CIRCLE ( 'NONE', #6132, 1.250000000000001110 ) ;
#2441 = DIRECTION ( 'NONE',  ( 0.000000000000000000, -1.000000000000000000, -0.000000000000000000 ) ) ;
#2442 = CARTESIAN_POINT ( 'NONE',  ( 9.334592541953572464, 19.66435456421250549, -11.49000000000000377 ) ) ;
#2443 = CARTESIAN_POINT ( 'NONE',  ( -14.33171717360125363, 22.00034184864777842, -11.49000000000000554 ) ) ;
#2444 = DIRECTION ( 'NONE',  ( 0.000000000000000000, 0.000000000000000000, 1.000000000000000000 ) ) ;
#2445 = CARTESIAN_POINT ( 'NONE',  ( 15.37861852401159268, 22.27342130398659847, -11.49000000000000199 ) ) ;
#2446 = VECTOR ( 'NONE', #1718, 1000.000000000000000 ) ;
#2447 = CARTESIAN_POINT ( 'NONE',  ( -8.700000000000001066, 21.55862152992169811, -11.49000000000000021 ) ) ;
#2448 = CARTESIAN_POINT ( 'NONE',  ( 11.32168957449737690, 17.92601909702405294, -11.50000000000000355 ) ) ;
#2449 = CARTESIAN_POINT ( 'NONE',  ( 14.78147569263776440, 21.93653176452447084, -11.49000000000000732 ) ) ;
#2450 = ORIENTED_EDGE ( 'NONE', *, *, #1467, .F. ) ;
#2451 = VECTOR ( 'NONE', #5134, 1000.000000000000000 ) ;
#2452 = CARTESIAN_POINT ( 'NONE',  ( -5.152737660890937654, 21.41766468056890105, -11.50000000000000178 ) ) ;
#2453 = CARTESIAN_POINT ( 'NONE',  ( 17.49999999999999645, 8.500000000000000000, 0.000000000000000000 ) ) ;
#2454 = CARTESIAN_POINT ( 'NONE',  ( -10.25123498506594721, 18.83866667005231577, -11.49999999999999822 ) ) ;
#2455 = CARTESIAN_POINT ( 'NONE',  ( -4.110244569507273127, 22.20595813148883124, -11.49000000000000199 ) ) ;
#2456 = ORIENTED_EDGE ( 'NONE', *, *, #6453, .F. ) ;
#2457 = DIRECTION ( 'NONE',  ( -0.000000000000000000, -0.000000000000000000, -1.000000000000000000 ) ) ;
#2458 = PLANE ( 'NONE',  #3090 ) ;
#2459 = VECTOR ( 'NONE', #4011, 1000.000000000000000 ) ;
#2460 = CARTESIAN_POINT ( 'NONE',  ( -5.455078125000002665, 16.42463715492170095, -11.49000000000000021 ) ) ;
#2461 = CARTESIAN_POINT ( 'NONE',  ( 14.69163404697440711, 18.71323843085609084, -11.49000000000000377 ) ) ;
#2462 = B_SPLINE_CURVE_WITH_KNOTS ( 'NONE', 3,
 ( #2479, #3406, #1473, #4480, #877, #6004, #4880, #1407, #2033, #912, #384 ),
 .UNSPECIFIED., .F., .F.,
 ( 4, 1, 1, 1, 1, 1, 1, 1, 4 ),
 ( 0.000000000000000000, 0.1271052120871691837, 0.2393331978188892872, 0.3445037136012251699, 0.4497356368522706371, 0.5646559603716174713, 0.6990609695258557243, 0.8462335713485241717, 1.000000000000000000 ),
 .UNSPECIFIED. ) ;
#2463 = FACE_OUTER_BOUND ( 'NONE', #856, .T. ) ;
#2464 = VERTEX_POINT ( 'NONE', #5190 ) ;
#2465 = VECTOR ( 'NONE', #5599, 1000.000000000000000 ) ;
#2466 = CARTESIAN_POINT ( 'NONE',  ( 12.72025283575570498, 22.27281997554089799, -11.48999999999999844 ) ) ;
#2467 = CARTESIAN_POINT ( 'NONE',  ( 14.78147569263776440, 21.93653176452447084, -11.50000000000000711 ) ) ;
#2468 = ORIENTED_EDGE ( 'NONE', *, *, #5439, .F. ) ;
#2469 = CARTESIAN_POINT ( 'NONE',  ( 6.375880350763342364, 21.17115393012855407, -11.48999999999999666 ) ) ;
#2470 = CARTESIAN_POINT ( 'NONE',  ( -2.783576665202361689, 16.84472063150613863, -11.49000000000000021 ) ) ;
#2471 = EDGE_CURVE ( 'NONE', #1778, #2943, #647, .T. ) ;
#2472 = ORIENTED_EDGE ( 'NONE', *, *, #6032, .T. ) ;
#2473 = CARTESIAN_POINT ( 'NONE',  ( -6.031640625000002309, 19.70588715492169740, -11.49000000000000021 ) ) ;
#2474 = CARTESIAN_POINT ( 'NONE',  ( -5.322249160307739757, 18.54310760582013984, -11.49000000000000021 ) ) ;
#2475 = DIRECTION ( 'NONE',  ( -0.9612381133798491017, 0.2757195846978381382, 0.000000000000000000 ) ) ;
#2476 = FACE_OUTER_BOUND ( 'NONE', #5497, .T. ) ;
#2477 = CARTESIAN_POINT ( 'NONE',  ( 12.21911117555220372, 22.12327179257255594, -11.50000000000000711 ) ) ;
#2478 = CARTESIAN_POINT ( 'NONE',  ( 15.45018772207499680, 22.27110718782330778, -11.49000000000000199 ) ) ;
#2479 = CARTESIAN_POINT ( 'NONE',  ( 1.041796874999998401, 16.27463715492169527, -11.49000000000000021 ) ) ;
#2480 = B_SPLINE_SURFACE_WITH_KNOTS ( 'NONE', 3, 1, ( 
 ( #3790, #266 ),
 ( #1316, #3311 ),
 ( #5299, #6371 ),
 ( #1346, #6306 ),
 ( #1777, #2786 ),
 ( #730, #5333 ),
 ( #4730, #3339 ) ),
 .UNSPECIFIED., .F., .F., .F.,
 ( 4, 1, 1, 1, 4 ),
 ( 2, 2 ),
 ( 0.000000000000000000, 0.1804516161380706751, 0.4075814089719976274, 0.6797988579017806288, 1.000000000000000000 ),
 ( 0.000000000000000000, 1.000000000000000000 ),
 .UNSPECIFIED. ) ;
#2481 = CARTESIAN_POINT ( 'NONE',  ( 4.430245875737025329, 16.31322607072156217, -11.50000000000000178 ) ) ;
#2482 = CARTESIAN_POINT ( 'NONE',  ( -2.814964923802339758, 17.06162384645141472, -11.49000000000000199 ) ) ;
#2483 = ORIENTED_EDGE ( 'NONE', *, *, #1660, .T. ) ;
#2484 =( NAMED_UNIT ( * ) PLANE_ANGLE_UNIT ( ) SI_UNIT ( $, .RADIAN. ) );
#2485 = CARTESIAN_POINT ( 'NONE',  ( -6.141059994618748519, 17.00129816493694790, -11.49999999999999822 ) ) ;
#2486 = CARTESIAN_POINT ( 'NONE',  ( -7.651222901425229317, 16.84441263289347646, -11.49000000000000021 ) ) ;
#2487 = CARTESIAN_POINT ( 'NONE',  ( -12.83332415477597799, 17.39551538233477856, -11.49000000000000199 ) ) ;
#2488 = CARTESIAN_POINT ( 'NONE',  ( -3.715738305671092867, 22.06192297662389379, -11.50000000000000000 ) ) ;
#2489 = ORIENTED_EDGE ( 'NONE', *, *, #1834, .T. ) ;
#2490 = FACE_OUTER_BOUND ( 'NONE', #1285, .T. ) ;
#2491 = DIRECTION ( 'NONE',  ( -0.000000000000000000, -0.000000000000000000, -1.000000000000000000 ) ) ;
#2492 = CARTESIAN_POINT ( 'NONE',  ( -5.458593750000002132, 18.61838715492169882, -11.50000000000000000 ) ) ;
#2493 = DIRECTION ( 'NONE',  ( -0.000000000000000000, -0.000000000000000000, -1.000000000000000000 ) ) ;
#2494 = ORIENTED_EDGE ( 'NONE', *, *, #1385, .T. ) ;
#2495 = VERTEX_POINT ( 'NONE', #2548 ) ;
#2496 = EDGE_CURVE ( 'NONE', #5467, #373, #3704, .T. ) ;
#2497 = CARTESIAN_POINT ( 'NONE',  ( -2.922179910701772965, 19.11638945057062244, -11.48999999999999844 ) ) ;
#2498 = CARTESIAN_POINT ( 'NONE',  ( -5.533121868956983214, 21.09582141243338782, -11.50000000000000178 ) ) ;
#2499 = CARTESIAN_POINT ( 'NONE',  ( 7.606576601614577271, 22.19126925024180252, -11.50000000000000000 ) ) ;
#2500 = CARTESIAN_POINT ( 'NONE',  ( 3.835206915666061978, 21.85397674549829361, -11.48999999999999844 ) ) ;
#2501 = ORIENTED_EDGE ( 'NONE', *, *, #2891, .F. ) ;
#2502 = DIRECTION ( 'NONE',  ( 0.000000000000000000, 0.000000000000000000, -1.000000000000000000 ) ) ;
#2503 = DIRECTION ( 'NONE',  ( 0.000000000000000000, 0.000000000000000000, -1.000000000000000000 ) ) ;
#2504 = CARTESIAN_POINT ( 'NONE',  ( -10.68393367297903040, 17.99918898773029241, -11.49999999999999822 ) ) ;
#2505 = ORIENTED_EDGE ( 'NONE', *, *, #3682, .F. ) ;
#2506 = ADVANCED_FACE ( 'NONE', ( #3674 ), #62, .F. ) ;
#2507 = FACE_OUTER_BOUND ( 'NONE', #2884, .T. ) ;
#2508 = CARTESIAN_POINT ( 'NONE',  ( -17.24840310372858099, 16.87833479104686063, -11.50000000000000178 ) ) ;
#2509 = CARTESIAN_POINT ( 'NONE',  ( -6.209765625000002842, 20.39963715492169882, -11.49000000000000021 ) ) ;
#2510 = ADVANCED_FACE ( 'NONE', ( #4196 ), #5320, .T. ) ;
#2511 = CARTESIAN_POINT ( 'NONE',  ( 1.424999999999998490, 18.22463715492169456, -11.49000000000000021 ) ) ;
#2512 = CARTESIAN_POINT ( 'NONE',  ( -2.929839090097710930, 16.53418707422623513, -11.49000000000000199 ) ) ;
#2513 = CARTESIAN_POINT ( 'NONE',  ( 8.281640625000004974, 21.44963715492169243, -11.50000000000000000 ) ) ;
#2514 = DIRECTION ( 'NONE',  ( -1.000000000000000000, 0.000000000000000000, 0.000000000000000000 ) ) ;
#2515 = CARTESIAN_POINT ( 'NONE',  ( -8.735950081241741216, 21.59804332957818929, -11.49000000000000199 ) ) ;
#2516 = CARTESIAN_POINT ( 'NONE',  ( 11.35429687500000639, 17.92463715492169385, -11.49000000000000021 ) ) ;
#2517 = CARTESIAN_POINT ( 'NONE',  ( 15.22795236910491745, 22.26970169910728004, -11.49999999999999289 ) ) ;
#2518 = CARTESIAN_POINT ( 'NONE',  ( -5.507972974186617243, 16.42612388077197494, -11.49999999999999822 ) ) ;
#2519 = CARTESIAN_POINT ( 'NONE',  ( -7.860104242765968863, 16.35919383071468403, -11.49000000000000021 ) ) ;
#2520 = CARTESIAN_POINT ( 'NONE',  ( -9.976073945950373556, 18.75564692172240910, -11.50000000000000178 ) ) ;
#2521 = CARTESIAN_POINT ( 'NONE',  ( -3.842157332924589497, 22.11932200421447803, -11.49000000000000199 ) ) ;
#2522 = ORIENTED_EDGE ( 'NONE', *, *, #1781, .T. ) ;
#2523 = CARTESIAN_POINT ( 'NONE',  ( 10.41996619819722447, 20.33403721320907920, -11.50000000000000178 ) ) ;
#2524 = CARTESIAN_POINT ( 'NONE',  ( 1.202988555676120841, 22.18102602668184176, -11.50000000000000178 ) ) ;
#2525 = DIRECTION ( 'NONE',  ( -1.000000000000000000, 0.000000000000000000, 0.000000000000000000 ) ) ;
#2526 = CARTESIAN_POINT ( 'NONE',  ( -9.829687500000002132, 18.74963715492169669, -11.49000000000000021 ) ) ;
#2527 = CARTESIAN_POINT ( 'NONE',  ( 14.01965568693688802, 17.92575440270504927, -11.49999999999999289 ) ) ;
#2528 = ORIENTED_EDGE ( 'NONE', *, *, #3945, .F. ) ;
#2529 = ORIENTED_EDGE ( 'NONE', *, *, #4745, .F. ) ;
#2530 = CARTESIAN_POINT ( 'NONE',  ( -9.022054309678885886, 21.87574760990404954, -11.48999999999999844 ) ) ;
#2531 = CARTESIAN_POINT ( 'NONE',  ( -5.419131372244820888, 21.22450872302250602, -11.49999999999999645 ) ) ;
#2532 = B_SPLINE_CURVE_WITH_KNOTS ( 'NONE', 3,
 ( #3486, #4999, #3557, #3777, #1159, #2267, #1225, #692, #1705, #3718, #1252, #2627, #260, #5783, #4622, #4142, #2201, #6212, #725 ),
 .UNSPECIFIED., .F., .F.,
 ( 4, 1, 1, 1, 1, 1, 1, 1, 1, 1, 1, 1, 1, 1, 1, 1, 4 ),
 ( 0.000000000000000000, 0.06231500613214851353, 0.1221551757590843973, 0.1796384049667974214, 0.2353270640375059175, 0.2915502338259617354, 0.3471584341915622818, 0.4035724071408621771, 0.4620288194082597943, 0.5215207988966392705, 0.5821813866464210507, 0.6445911641402100045, 0.7087638528212126809, 0.7765520950177906556, 0.8470014315164573482, 0.9215610759663600549, 1.000000000000000000 ),
 .UNSPECIFIED. ) ;
#2533 = CARTESIAN_POINT ( 'NONE',  ( 6.727410796471612109, 21.67126350660284473, -11.50000000000000355 ) ) ;
#2534 = CARTESIAN_POINT ( 'NONE',  ( -10.87500000000000178, 20.10549652992169811, -11.49000000000000021 ) ) ;
#2535 = VERTEX_POINT ( 'NONE', #5221 ) ;
#2536 = CARTESIAN_POINT ( 'NONE',  ( 6.229664960310409505, 20.77362333626506441, -11.49000000000000021 ) ) ;
#2537 = CARTESIAN_POINT ( 'NONE',  ( -5.728916883907746893, 20.75235868499174785, -11.50000000000000000 ) ) ;
#2538 = PLANE ( 'NONE',  #5290 ) ;
#2539 = ORIENTED_EDGE ( 'NONE', *, *, #3762, .T. ) ;
#2540 = CARTESIAN_POINT ( 'NONE',  ( 9.375000000000005329, 20.10198090492169598, -11.49000000000000021 ) ) ;
#2541 = CARTESIAN_POINT ( 'NONE',  ( -15.34066629910576118, 21.87383924916064259, -11.48999999999999488 ) ) ;
#2542 = CARTESIAN_POINT ( 'NONE',  ( 9.358448632136816769, 20.39842630130153722, -11.49999999999999289 ) ) ;
#2543 = EDGE_CURVE ( 'NONE', #3795, #5797, #178, .T. ) ;
#2544 = CARTESIAN_POINT ( 'NONE',  ( -10.85298606657232234, 18.06203926173310492, -11.50000000000000000 ) ) ;
#2545 = B_SPLINE_CURVE_WITH_KNOTS ( 'NONE', 3,
 ( #3033, #3596, #110, #6028, #3564, #6092, #1619, #1034, #4147, #1489, #5112 ),
 .UNSPECIFIED., .F., .F.,
 ( 4, 1, 1, 1, 1, 1, 1, 1, 4 ),
 ( 0.000000000000000000, 0.1621978022794896834, 0.3040405739100145444, 0.4310878738889246664, 0.5482643788869046020, 0.6590923131089556630, 0.7683983586834585156, 0.8794232621383156756, 0.9999999999999998890 ),
 .UNSPECIFIED. ) ;
#2546 = CARTESIAN_POINT ( 'NONE',  ( -5.702700750568034493, 19.58689347224009936, -11.50000000000000000 ) ) ;
#2547 = LINE ( 'NONE', #61, #1721 ) ;
#2548 = CARTESIAN_POINT ( 'NONE',  ( -11.92500000000000071, 20.05276215492169811, -11.49000000000000021 ) ) ;
#2549 = CARTESIAN_POINT ( 'NONE',  ( 14.74540406669248505, 21.84694258477661322, -11.49999999999999112 ) ) ;
#2550 = CARTESIAN_POINT ( 'NONE',  ( -5.857631313367845927, 16.50144725020565417, -11.49000000000000199 ) ) ;
#2551 = CARTESIAN_POINT ( 'NONE',  ( -7.721083528553084996, 16.51902549088399752, -11.49000000000000021 ) ) ;
#2552 = CARTESIAN_POINT ( 'NONE',  ( -12.40224866912883783, 17.11232241979436353, -11.49000000000000377 ) ) ;
#2553 = CARTESIAN_POINT ( 'NONE',  ( -3.371874930950579774, 21.84501905551244150, -11.49999999999999822 ) ) ;
#2554 = EDGE_CURVE ( 'NONE', #2800, #5648, #4013, .T. ) ;
#2555 = ORIENTED_EDGE ( 'NONE', *, *, #3968, .T. ) ;
#2556 = FACE_OUTER_BOUND ( 'NONE', #5139, .T. ) ;
#2557 = CARTESIAN_POINT ( 'NONE',  ( 21.50000000000000000, 29.50000000000000355, -11.50000000000000000 ) ) ;
#2558 = VECTOR ( 'NONE', #5582, 1000.000000000000000 ) ;
#2559 = FACE_OUTER_BOUND ( 'NONE', #1397, .T. ) ;
#2560 = DIRECTION ( 'NONE',  ( -0.000000000000000000, -0.000000000000000000, -1.000000000000000000 ) ) ;
#2561 = CARTESIAN_POINT ( 'NONE',  ( 14.09250378377601010, 17.92789537974331182, -11.49000000000000199 ) ) ;
#2562 = VECTOR ( 'NONE', #1681, 1000.000000000000000 ) ;
#2563 = ORIENTED_EDGE ( 'NONE', *, *, #5293, .F. ) ;
#2564 = VERTEX_POINT ( 'NONE', #2341 ) ;
#2565 = CARTESIAN_POINT ( 'NONE',  ( 14.70703125000000711, 18.76487152992169527, -11.49000000000000021 ) ) ;
#2566 = CARTESIAN_POINT ( 'NONE',  ( 12.79796584546752491, 22.26200302222999383, -11.49999999999999822 ) ) ;
#2567 = CARTESIAN_POINT ( 'NONE',  ( -5.455078125000002665, 16.42463715492170095, -11.50000000000000000 ) ) ;
#2568 = VECTOR ( 'NONE', #3900, 1000.000000000000000 ) ;
#2569 = EDGE_LOOP ( 'NONE', ( #4726, #370, #4708, #2084, #3346, #42, #1240, #6128, #404, #2085, #3877, #135, #1691, #769, #3354, #440, #2282, #5960 ) ) ;
#2570 = CARTESIAN_POINT ( 'NONE',  ( 6.150000000000004796, 20.09963715492169456, -11.49000000000000021 ) ) ;
#2571 = CARTESIAN_POINT ( 'NONE',  ( 1.670283239466187730, 16.69270847560313697, -11.50000000000000000 ) ) ;
#2572 = EDGE_CURVE ( 'NONE', #5113, #388, #5319, .T. ) ;
#2573 = VECTOR ( 'NONE', #1278, 1000.000000000000000 ) ;
#2574 = CARTESIAN_POINT ( 'NONE',  ( 6.229664960310409505, 20.77362333626506441, -11.50000000000000000 ) ) ;
#2575 = ORIENTED_EDGE ( 'NONE', *, *, #889, .T. ) ;
#2576 = CARTESIAN_POINT ( 'NONE',  ( 15.55186888018276292, 22.25007614673311451, -11.50000000000000000 ) ) ;
#2577 = CARTESIAN_POINT ( 'NONE',  ( 9.003503670946527038, 21.17586959175944017, -11.49999999999999112 ) ) ;
#2578 = CARTESIAN_POINT ( 'NONE',  ( -10.11914062500000178, 17.92463715492169740, -11.49000000000000021 ) ) ;
#2579 = CARTESIAN_POINT ( 'NONE',  ( -5.999701318474866873, 19.70297419620044010, -11.50000000000000000 ) ) ;
#2580 = ORIENTED_EDGE ( 'NONE', *, *, #3513, .T. ) ;
#2581 = ADVANCED_FACE ( 'NONE', ( #1796 ), #6172, .T. ) ;
#2582 = CARTESIAN_POINT ( 'NONE',  ( -8.978135172654242879, 19.23404641708368956, -11.49999999999999822 ) ) ;
#2583 = CARTESIAN_POINT ( 'NONE',  ( -10.58802372573859429, 19.11542728239666644, -11.49999999999999822 ) ) ;
#2584 = CARTESIAN_POINT ( 'NONE',  ( 4.124999999999998224, 20.39963715492169527, -11.49000000000000021 ) ) ;
#2585 = DIRECTION ( 'NONE',  ( 1.000000000000000000, 0.000000000000000000, -1.224646799147349509E-16 ) ) ;
#2586 = CARTESIAN_POINT ( 'NONE',  ( -3.676259713990201572, 20.24365570182749252, -11.50000000000000000 ) ) ;
#2587 = CARTESIAN_POINT ( 'NONE',  ( 8.281640625000004974, 22.27463715492169172, -11.50000000000000000 ) ) ;
#2588 = VERTEX_POINT ( 'NONE', #5837 ) ;
#2589 = DIRECTION ( 'NONE',  ( 1.000000000000000000, 0.000000000000000000, -0.000000000000000000 ) ) ;
#2590 = ADVANCED_FACE ( 'NONE', ( #3739 ), #5744, .T. ) ;
#2591 = CARTESIAN_POINT ( 'NONE',  ( -3.804723423627094370, 19.65863967383754130, -11.50000000000000178 ) ) ;
#2592 = B_SPLINE_SURFACE_WITH_KNOTS ( 'NONE', 3, 1, ( 
 ( #1808, #1017 ),
 ( #5479, #1047 ),
 ( #1543, #3014 ),
 ( #5021, #5972 ),
 ( #6427, #978 ),
 ( #3808, #4000 ),
 ( #1937, #2034 ),
 ( #3046, #2941 ),
 ( #3933, #6497 ),
 ( #418, #2448 ),
 ( #2516, #3440 ) ),
 .UNSPECIFIED., .F., .F., .F.,
 ( 4, 1, 1, 1, 1, 1, 1, 1, 4 ),
 ( 2, 2 ),
 ( 0.000000000000000000, 0.1169864028617005614, 0.2315443832155505699, 0.3524986661098159502, 0.4808995821846775431, 0.6107285130799822159, 0.7373449993414444847, 0.8652970311322093488, 1.000000000000000000 ),
 ( 0.000000000000000000, 1.000000000000000000 ),
 .UNSPECIFIED. ) ;
#2593 = CARTESIAN_POINT ( 'NONE',  ( 16.06171875000000782, 18.59494965492169172, -11.49000000000000021 ) ) ;
#2594 = ADVANCED_FACE ( 'NONE', ( #743 ), #3653, .T. ) ;
#2595 = CARTESIAN_POINT ( 'NONE',  ( -8.211587753554631774, 22.27321260434695915, -11.50000000000000178 ) ) ;
#2596 = CARTESIAN_POINT ( 'NONE',  ( -9.829687500000002132, 18.74963715492169669, -11.49000000000000021 ) ) ;
#2597 = ORIENTED_EDGE ( 'NONE', *, *, #5928, .F. ) ;
#2598 = ORIENTED_EDGE ( 'NONE', *, *, #2209, .F. ) ;
#2599 = CARTESIAN_POINT ( 'NONE',  ( -9.470641552191562340, 22.15100751239874555, -11.49999999999999822 ) ) ;
#2600 = EDGE_LOOP ( 'NONE', ( #3551, #5069, #2078, #3073, #5993, #3429, #2187, #2765, #1857, #3431, #4149 ) ) ;
#2601 = CARTESIAN_POINT ( 'NONE',  ( -3.353906250000002753, 17.32463715492169598, -11.50000000000000000 ) ) ;
#2602 = ORIENTED_EDGE ( 'NONE', *, *, #2069, .T. ) ;
#2603 = LINE ( 'NONE', #5576, #2049 ) ;
#2604 = EDGE_CURVE ( 'NONE', #5857, #3672, #2914, .T. ) ;
#2605 = CARTESIAN_POINT ( 'NONE',  ( -15.37500000000000355, 21.56682465492170664, -11.49000000000000021 ) ) ;
#2606 = EDGE_LOOP ( 'NONE', ( #3382, #3607, #2018, #2122 ) ) ;
#2607 = PLANE ( 'NONE',  #673 ) ;
#2608 = CARTESIAN_POINT ( 'NONE',  ( 8.281640625000004974, 18.74963715492169314, -11.49000000000000021 ) ) ;
#2609 = CARTESIAN_POINT ( 'NONE',  ( 8.402046405795490003, 21.44608958020053535, -11.49999999999999645 ) ) ;
#2610 = CARTESIAN_POINT ( 'NONE',  ( 0.000000000000000000, 30.50000000000000355, 0.000000000000000000 ) ) ;
#2611 = EDGE_CURVE ( 'NONE', #5062, #373, #6389, .T. ) ;
#2612 = CARTESIAN_POINT ( 'NONE',  ( -9.821484375000004263, 21.44963715492169953, -11.49000000000000199 ) ) ;
#2613 = ORIENTED_EDGE ( 'NONE', *, *, #5825, .T. ) ;
#2614 = ORIENTED_EDGE ( 'NONE', *, *, #2239, .T. ) ;
#2615 = DIRECTION ( 'NONE',  ( -0.000000000000000000, -0.000000000000000000, -1.000000000000000000 ) ) ;
#2616 = CARTESIAN_POINT ( 'NONE',  ( -10.66317891470030332, 20.98113773801523863, -11.49000000000000021 ) ) ;
#2617 = CARTESIAN_POINT ( 'NONE',  ( -5.702700750568034493, 19.58689347224009936, -11.49000000000000021 ) ) ;
#2618 = CARTESIAN_POINT ( 'NONE',  ( -2.758687360460194693, 20.99902687762945064, -11.48999999999999488 ) ) ;
#2619 = DIRECTION ( 'NONE',  ( 0.000000000000000000, 0.000000000000000000, 1.000000000000000000 ) ) ;
#2620 = CARTESIAN_POINT ( 'NONE',  ( -3.706148528608636195, 19.95659602021138568, -11.48999999999999844 ) ) ;
#2621 = CARTESIAN_POINT ( 'NONE',  ( 6.229664960310409505, 20.77362333626506441, -11.50000000000000000 ) ) ;
#2622 = CARTESIAN_POINT ( 'NONE',  ( 6.726424494576749957, 18.51797648812046049, -11.48999999999999666 ) ) ;
#2623 = FACE_OUTER_BOUND ( 'NONE', #5, .T. ) ;
#2624 = EDGE_CURVE ( 'NONE', #2564, #3518, #1442, .T. ) ;
#2625 = CARTESIAN_POINT ( 'NONE',  ( 12.62695312500000711, 20.99963715492169669, -11.49000000000000021 ) ) ;
#2626 = CARTESIAN_POINT ( 'NONE',  ( 13.31268599063310987, 18.61210980728615993, -11.50000000000000355 ) ) ;
#2627 = CARTESIAN_POINT ( 'NONE',  ( 9.211527716056551185, 20.89556552361989361, -11.49000000000000021 ) ) ;
#2628 = ORIENTED_EDGE ( 'NONE', *, *, #5323, .F. ) ;
#2629 = CARTESIAN_POINT ( 'NONE',  ( -2.699502542370364910, 19.61758039561967948, -11.50000000000000178 ) ) ;
#2630 = CARTESIAN_POINT ( 'NONE',  ( -7.792796390701621334, 22.12147944308383529, -11.50000000000000355 ) ) ;
#2631 = ORIENTED_EDGE ( 'NONE', *, *, #4642, .F. ) ;
#2632 = CARTESIAN_POINT ( 'NONE',  ( 14.61194338230581558, 21.43054484736052245, -11.48999999999999666 ) ) ;
#2633 = LINE ( 'NONE', #5211, #3195 ) ;
#2634 = CARTESIAN_POINT ( 'NONE',  ( 15.83377010459917322, 22.04048003581086945, -11.49000000000000199 ) ) ;
#2635 = ORIENTED_EDGE ( 'NONE', *, *, #3976, .T. ) ;
#2636 = CARTESIAN_POINT ( 'NONE',  ( -14.80898437500000320, 22.27463715492170238, -11.50000000000000000 ) ) ;
#2637 = CARTESIAN_POINT ( 'NONE',  ( 16.71395079490985580, 17.92924307044615873, -11.49999999999999822 ) ) ;
#2638 = CARTESIAN_POINT ( 'NONE',  ( 9.372422829845032055, 20.25305048525301999, -11.49999999999999822 ) ) ;
#2639 = CARTESIAN_POINT ( 'NONE',  ( -6.151171875000002842, 17.05276215492169811, -11.50000000000000000 ) ) ;
#2640 = CARTESIAN_POINT ( 'NONE',  ( -17.24503552687892594, 17.01660548872045453, -11.48999999999999666 ) ) ;
#2641 = EDGE_LOOP ( 'NONE', ( #5974 ) ) ;
#2642 = ORIENTED_EDGE ( 'NONE', *, *, #4357, .F. ) ;
#2643 = CARTESIAN_POINT ( 'NONE',  ( -9.069979096322967393, 19.10763857231545515, -11.49000000000000021 ) ) ;
#2644 = B_SPLINE_SURFACE_WITH_KNOTS ( 'NONE', 3, 1, ( 
 ( #4848, #1372 ),
 ( #3864, #1801 ),
 ( #878, #3773 ),
 ( #4262, #3802 ),
 ( #5809, #915 ),
 ( #3366, #1307 ),
 ( #2872, #2290 ),
 ( #6361, #2383 ),
 ( #1277, #5420 ),
 ( #3274, #5288 ),
 ( #3897, #4882 ),
 ( #1867, #4386 ),
 ( #5905, #6397 ),
 ( #781, #5870 ),
 ( #3332, #316 ) ),
 .UNSPECIFIED., .F., .F., .F.,
 ( 4, 1, 1, 1, 1, 1, 1, 1, 1, 1, 1, 1, 4 ),
 ( 2, 2 ),
 ( 0.000000000000000000, 0.1017968855444627563, 0.1977226263417040941, 0.2886650576079810571, 0.3756647132275162670, 0.4585626201989979056, 0.5373544109252841317, 0.6135878343033421833, 0.6885950825949366250, 0.7637687432108938301, 0.8393532378666632709, 0.9173712392353267076, 0.9999999999999998890 ),
 ( 0.000000000000000000, 1.000000000000000000 ),
 .UNSPECIFIED. ) ;
#2645 = CARTESIAN_POINT ( 'NONE',  ( -17.00000000000000000, 1.500000000000000000, 0.000000000000000000 ) ) ;
#2646 = LINE ( 'NONE', #4612, #4027 ) ;
#2647 = DIRECTION ( 'NONE',  ( -0.000000000000000000, -0.000000000000000000, -1.000000000000000000 ) ) ;
#2648 = CARTESIAN_POINT ( 'NONE',  ( -3.010395215092144028, 21.46673264986169016, -11.49000000000000377 ) ) ;
#2649 = CARTESIAN_POINT ( 'NONE',  ( 16.97695312500000497, 18.86916840492169456, -11.49000000000000021 ) ) ;
#2650 = VECTOR ( 'NONE', #5748, 1000.000000000000000 ) ;
#2651 = EDGE_CURVE ( 'NONE', #2873, #4494, #3957, .T. ) ;
#2652 = CARTESIAN_POINT ( 'NONE',  ( 4.552734374999999112, 22.27463715492169172, -11.49000000000000021 ) ) ;
#2653 = B_SPLINE_CURVE_WITH_KNOTS ( 'NONE', 3,
 ( #369, #406, #4404, #3884, #1922, #5892, #3918, #933, #1431, #4935, #439, #506, #4602, #15, #3634, #5548, #4087, #2023, #573 ),
 .UNSPECIFIED., .F., .F.,
 ( 4, 1, 1, 1, 1, 1, 1, 1, 1, 1, 1, 1, 1, 1, 1, 1, 4 ),
 ( 0.000000000000000000, 0.06416375008924010692, 0.1269196678298463998, 0.1888941989930075505, 0.2507375392148806226, 0.3118410051105598990, 0.3721214685993888271, 0.4318605608761109660, 0.4917327418408968809, 0.5517539565477405095, 0.6128042311681409782, 0.6743434511083384875, 0.7374864361561789261, 0.8017222967161407032, 0.8663401305134581509, 0.9322312402758758942, 1.000000000000000000 ),
 .UNSPECIFIED. ) ;
#2654 = CARTESIAN_POINT ( 'NONE',  ( 4.503277247671515049, 22.27255154790667291, -11.50000000000000000 ) ) ;
#2655 = CARTESIAN_POINT ( 'NONE',  ( 13.39024841483031558, 18.37204293820096268, -11.49000000000000199 ) ) ;
#2656 = VECTOR ( 'NONE', #6045, 999.9999999999998863 ) ;
#2657 = VERTEX_POINT ( 'NONE', #970 ) ;
#2658 = CARTESIAN_POINT ( 'NONE',  ( -10.13554687500000107, 22.27463715492169527, -11.50000000000000178 ) ) ;
#2659 = DIRECTION ( 'NONE',  ( 0.000000000000000000, 0.000000000000000000, 1.000000000000000000 ) ) ;
#2660 = ORIENTED_EDGE ( 'NONE', *, *, #4327, .T. ) ;
#2661 = CARTESIAN_POINT ( 'NONE',  ( 17.49999999999999645, 8.500000000000000000, -9.500000000000000000 ) ) ;
#2662 = VECTOR ( 'NONE', #4535, 1000.000000000000000 ) ;
#2663 = DIRECTION ( 'NONE',  ( 0.000000000000000000, -0.000000000000000000, 1.000000000000000000 ) ) ;
#2664 = DIRECTION ( 'NONE',  ( -0.000000000000000000, -0.000000000000000000, -1.000000000000000000 ) ) ;
#2665 = CARTESIAN_POINT ( 'NONE',  ( -4.270947604230456385, 21.43915444373287471, -11.49999999999999645 ) ) ;
#2666 = DIRECTION ( 'NONE',  ( 0.000000000000000000, 0.000000000000000000, 1.000000000000000000 ) ) ;
#2667 = CARTESIAN_POINT ( 'NONE',  ( 16.96027952303399644, 18.05450154737683022, -11.49999999999999645 ) ) ;
#2668 = CARTESIAN_POINT ( 'NONE',  ( -3.265427468865233607, 18.71848576741971826, -11.49000000000000021 ) ) ;
#2669 = CARTESIAN_POINT ( 'NONE',  ( 10.95075241784671150, 18.71325681900517424, -11.49999999999999822 ) ) ;
#2670 = CARTESIAN_POINT ( 'NONE',  ( -5.999701318474866873, 19.70297419620044010, -11.49999999999999467 ) ) ;
#2671 = EDGE_CURVE ( 'NONE', #1040, #4402, #5818, .T. ) ;
#2672 = EDGE_LOOP ( 'NONE', ( #575, #3591, #2748, #4804 ) ) ;
#2673 = AXIS2_PLACEMENT_3D ( 'NONE', #3181, #691, #5752 ) ;
#2674 = CARTESIAN_POINT ( 'NONE',  ( 4.958220513396885742, 16.36567967246961075, -11.49999999999999289 ) ) ;
#2675 = CARTESIAN_POINT ( 'NONE',  ( -9.829687500000002132, 18.74963715492169669, -11.49999999999999822 ) ) ;
#2676 = CARTESIAN_POINT ( 'NONE',  ( -5.245037279278144560, 19.26118431703111256, -11.49000000000000199 ) ) ;
#2677 = VECTOR ( 'NONE', #1009, 1000.000000000000000 ) ;
#2678 = CARTESIAN_POINT ( 'NONE',  ( -4.687500000000002665, 21.52463715492169882, -11.49000000000000021 ) ) ;
#2679 = EDGE_CURVE ( 'NONE', #3518, #3322, #1127, .T. ) ;
#2680 = CARTESIAN_POINT ( 'NONE',  ( 11.92481178049725443, 21.55503392263432261, -11.49999999999999822 ) ) ;
#2681 = CARTESIAN_POINT ( 'NONE',  ( -4.166268401887866624, 19.25410625409588405, -11.49999999999999645 ) ) ;
#2682 = FACE_OUTER_BOUND ( 'NONE', #1868, .T. ) ;
#2683 = CARTESIAN_POINT ( 'NONE',  ( 9.261099002415482673, 19.41412685225029122, -11.49999999999999112 ) ) ;
#2684 = CARTESIAN_POINT ( 'NONE',  ( 0.7612157550165771225, 16.33583372566101843, -11.48999999999999666 ) ) ;
#2685 = CARTESIAN_POINT ( 'NONE',  ( 9.850343569107494091, 18.52526486018286889, -11.49999999999999822 ) ) ;
#2686 = EDGE_CURVE ( 'NONE', #2355, #4002, #2184, .T. ) ;
#2687 = CARTESIAN_POINT ( 'NONE',  ( 4.606373059018464389, 16.27645148129916208, -11.48999999999999844 ) ) ;
#2688 = CARTESIAN_POINT ( 'NONE',  ( -5.948997874438055611, 16.57053386110310456, -11.49000000000000021 ) ) ;
#2689 = ORIENTED_EDGE ( 'NONE', *, *, #5133, .T. ) ;
#2690 = CARTESIAN_POINT ( 'NONE',  ( -10.32570411504692665, 22.26843204853954816, -11.49000000000000199 ) ) ;
#2691 = CARTESIAN_POINT ( 'NONE',  ( -7.792796390701621334, 22.12147944308383529, -11.49000000000000199 ) ) ;
#2692 = CARTESIAN_POINT ( 'NONE',  ( -10.09854868386118376, 21.41415197799453196, -11.50000000000000178 ) ) ;
#2693 = EDGE_LOOP ( 'NONE', ( #3507, #4939, #307, #4054 ) ) ;
#2694 = DIRECTION ( 'NONE',  ( 1.000000000000000000, 0.000000000000000000, 0.000000000000000000 ) ) ;
#2695 = CARTESIAN_POINT ( 'NONE',  ( -8.759765625000000000, 20.10549652992169811, -11.49000000000000021 ) ) ;
#2696 = DIRECTION ( 'NONE',  ( -1.000000000000000000, 0.000000000000000000, 0.000000000000000000 ) ) ;
#2697 = EDGE_CURVE ( 'NONE', #2128, #5393, #3136, .T. ) ;
#2698 = CARTESIAN_POINT ( 'NONE',  ( -5.343467871011468695, 22.21260215394732640, -11.49999999999999822 ) ) ;
#2699 = CARTESIAN_POINT ( 'NONE',  ( -2.850457189520950951, 21.20277397568898436, -11.50000000000000178 ) ) ;
#2700 = CARTESIAN_POINT ( 'NONE',  ( 10.42500000000000426, 20.10198090492169598, -11.50000000000000000 ) ) ;
#2701 = CARTESIAN_POINT ( 'NONE',  ( 9.700102789821784199, 18.38957295595699293, -11.49000000000000377 ) ) ;
#2702 = FACE_OUTER_BOUND ( 'NONE', #1000, .T. ) ;
#2703 = CARTESIAN_POINT ( 'NONE',  ( -5.233593750000003375, 17.32463715492169598, -11.50000000000000000 ) ) ;
#2704 = VERTEX_POINT ( 'NONE', #4576 ) ;
#2705 = ADVANCED_FACE ( 'NONE', ( #6165 ), #2362, .T. ) ;
#2706 = LINE ( 'NONE', #2832, #2980 ) ;
#2707 = CARTESIAN_POINT ( 'NONE',  ( -12.92134550466914611, 16.42586727114634471, -11.49000000000000021 ) ) ;
#2708 = EDGE_CURVE ( 'NONE', #4574, #5648, #2066, .T. ) ;
#2709 = CARTESIAN_POINT ( 'NONE',  ( 7.229014335523339163, 19.71658038475549191, -11.48999999999999844 ) ) ;
#2710 = LINE ( 'NONE', #680, #564 ) ;
#2711 = CARTESIAN_POINT ( 'NONE',  ( 12.21911117555220372, 22.12327179257255594, -11.50000000000000711 ) ) ;
#2712 = CARTESIAN_POINT ( 'NONE',  ( -4.671093750000002487, 19.12463715492169669, -11.49999999999999645 ) ) ;
#2713 = CARTESIAN_POINT ( 'NONE',  ( -3.676259713990201572, 20.24365570182749252, -11.49000000000000377 ) ) ;
#2714 = CARTESIAN_POINT ( 'NONE',  ( 11.92148437500000568, 18.59494965492169172, -11.49000000000000021 ) ) ;
#2715 = ORIENTED_EDGE ( 'NONE', *, *, #1935, .T. ) ;
#2716 = EDGE_CURVE ( 'NONE', #6287, #5385, #429, .T. ) ;
#2717 = EDGE_CURVE ( 'NONE', #1648, #1147, #2775, .T. ) ;
#2718 = CARTESIAN_POINT ( 'NONE',  ( 4.934869554255670643, 22.17201425467807141, -11.49000000000000554 ) ) ;
#2719 = CARTESIAN_POINT ( 'NONE',  ( 10.19944725417219011, 19.02486686079673461, -11.50000000000000000 ) ) ;
#2720 = CARTESIAN_POINT ( 'NONE',  ( 4.034213794921617691, 22.08602481236270165, -11.50000000000000355 ) ) ;
#2721 = CARTESIAN_POINT ( 'NONE',  ( -5.419131372244820888, 21.22450872302250602, -11.48999999999999666 ) ) ;
#2722 = FACE_OUTER_BOUND ( 'NONE', #4594, .T. ) ;
#2723 = ORIENTED_EDGE ( 'NONE', *, *, #5154, .F. ) ;
#2724 = ADVANCED_FACE ( 'NONE', ( #4985 ), #4174, .T. ) ;
#2725 = DIRECTION ( 'NONE',  ( 0.000000000000000000, 1.000000000000000000, -0.000000000000000000 ) ) ;
#2726 = CARTESIAN_POINT ( 'NONE',  ( -7.650000000000001243, 21.65705902992169740, -11.49000000000000021 ) ) ;
#2727 = ORIENTED_EDGE ( 'NONE', *, *, #3955, .T. ) ;
#2728 = DIRECTION ( 'NONE',  ( -0.000000000000000000, -0.000000000000000000, -1.000000000000000000 ) ) ;
#2729 = CARTESIAN_POINT ( 'NONE',  ( -14.33171717360125363, 22.00034184864777842, -11.49000000000000554 ) ) ;
#2730 = CARTESIAN_POINT ( 'NONE',  ( 8.919915873432403330, 18.94838793353771678, -11.50000000000000000 ) ) ;
#2731 = CARTESIAN_POINT ( 'NONE',  ( -5.038268136323370783, 22.25942409961326263, -11.49999999999999645 ) ) ;
#2732 = CARTESIAN_POINT ( 'NONE',  ( -4.462549902814062719, 18.30047247493244100, -11.48999999999999844 ) ) ;
#2733 = CARTESIAN_POINT ( 'NONE',  ( 17.02104482637749783, 18.12408831113945240, -11.50000000000000355 ) ) ;
#2734 = CARTESIAN_POINT ( 'NONE',  ( 17.49999999999999645, 8.500000000000000000, 0.000000000000000000 ) ) ;
#2735 = CARTESIAN_POINT ( 'NONE',  ( -5.578123772527476376, 19.49859874929644477, -11.49000000000000199 ) ) ;
#2736 = ORIENTED_EDGE ( 'NONE', *, *, #3846, .F. ) ;
#2737 = ORIENTED_EDGE ( 'NONE', *, *, #1302, .F. ) ;
#2738 = EDGE_CURVE ( 'NONE', #3643, #2464, #2462, .T. ) ;
#2739 = CARTESIAN_POINT ( 'NONE',  ( 10.34602149384098979, 19.42465981080476922, -11.50000000000000355 ) ) ;
#2740 = CARTESIAN_POINT ( 'NONE',  ( -17.25000000000000711, 16.91448090492170664, -11.49000000000000199 ) ) ;
#2741 = CARTESIAN_POINT ( 'NONE',  ( 0.4053699551450306027, 16.77034599543786797, -11.50000000000000000 ) ) ;
#2742 = DIRECTION ( 'NONE',  ( -0.000000000000000000, -0.000000000000000000, -1.000000000000000000 ) ) ;
#2743 = CARTESIAN_POINT ( 'NONE',  ( 7.405567960814273043, 18.07543028887143421, -11.49999999999999822 ) ) ;
#2744 = CARTESIAN_POINT ( 'NONE',  ( 18.50000000000000000, 32.50000000000000000, -11.50000000000000000 ) ) ;
#2745 = CARTESIAN_POINT ( 'NONE',  ( 8.919915873432403330, 18.94838793353771678, -11.49999999999998934 ) ) ;
#2746 = LINE ( 'NONE', #3683, #5505 ) ;
#2747 = CARTESIAN_POINT ( 'NONE',  ( 10.34602149384098979, 19.42465981080476922, -11.49000000000000377 ) ) ;
#2748 = ORIENTED_EDGE ( 'NONE', *, *, #3328, .F. ) ;
#2749 = CARTESIAN_POINT ( 'NONE',  ( -9.470641552191562340, 22.15100751239874555, -11.49999999999999645 ) ) ;
#2750 = ADVANCED_FACE ( 'NONE', ( #4385 ), #5904, .T. ) ;
#2751 = CARTESIAN_POINT ( 'NONE',  ( -2.783786530196419751, 16.91234356718146614, -11.50000000000000000 ) ) ;
#2752 = CARTESIAN_POINT ( 'NONE',  ( 9.356702726503881351, 22.03852681334775809, -11.49000000000000199 ) ) ;
#2753 = CARTESIAN_POINT ( 'NONE',  ( -10.68922144575741129, 22.18665134119668281, -11.50000000000000178 ) ) ;
#2754 = DIRECTION ( 'NONE',  ( -0.9453913553725170615, -0.3259373945820195906, 0.000000000000000000 ) ) ;
#2755 = ORIENTED_EDGE ( 'NONE', *, *, #5088, .T. ) ;
#2756 = CARTESIAN_POINT ( 'NONE',  ( -8.700000000000001066, 21.66526215492169882, -11.49000000000000021 ) ) ;
#2757 = CARTESIAN_POINT ( 'NONE',  ( -6.240804485100220234, 20.40106512649411741, -11.50000000000000000 ) ) ;
#2758 = AXIS2_PLACEMENT_3D ( 'NONE', #1945, #3941, #5950 ) ;
#2759 = CARTESIAN_POINT ( 'NONE',  ( -4.042828986604796171, 21.28320720288859746, -11.49000000000000199 ) ) ;
#2760 = CARTESIAN_POINT ( 'NONE',  ( -2.633097718684025423, 20.46786766357231357, -11.49999999999999822 ) ) ;
#2761 = CARTESIAN_POINT ( 'NONE',  ( 11.35429687500000639, 17.92463715492169385, -11.50000000000000355 ) ) ;
#2762 = CIRCLE ( 'NONE', #6443, 0.5000000000000004441 ) ;
#2763 = DIRECTION ( 'NONE',  ( 0.000000000000000000, 0.000000000000000000, -1.000000000000000000 ) ) ;
#2764 = CARTESIAN_POINT ( 'NONE',  ( -4.671093750000002487, 19.12463715492169669, -11.49000000000000021 ) ) ;
#2765 = ORIENTED_EDGE ( 'NONE', *, *, #5585, .T. ) ;
#2766 = ORIENTED_EDGE ( 'NONE', *, *, #5127, .F. ) ;
#2767 = AXIS2_PLACEMENT_3D ( 'NONE', #5606, #4085, #4470 ) ;
#2768 = ORIENTED_EDGE ( 'NONE', *, *, #957, .T. ) ;
#2769 = CARTESIAN_POINT ( 'NONE',  ( -9.171009717964762942, 21.22330683897286718, -11.49000000000000021 ) ) ;
#2770 = CARTESIAN_POINT ( 'NONE',  ( -3.377343750000002309, 16.42463715492170095, -11.50000000000000000 ) ) ;
#2771 = CARTESIAN_POINT ( 'NONE',  ( 15.22795236910491745, 22.26970169910728004, -11.49999999999999822 ) ) ;
#2772 = CARTESIAN_POINT ( 'NONE',  ( -5.918250822968984082, 20.49451488222358009, -11.49000000000000021 ) ) ;
#2773 = CARTESIAN_POINT ( 'NONE',  ( -15.34066629910576118, 21.87383924916064259, -11.49999999999999467 ) ) ;
#2774 = CARTESIAN_POINT ( 'NONE',  ( 11.25810916044281207, 17.92871372214521131, -11.49000000000000377 ) ) ;
#2775 = B_SPLINE_CURVE_WITH_KNOTS ( 'NONE', 3,
 ( #2447, #2515, #6396, #1015, #1506, #1899, #4447, #2974, #6496, #1371, #5522, #4510, #5869, #2871, #1936 ),
 .UNSPECIFIED., .F., .F.,
 ( 4, 1, 1, 1, 1, 1, 1, 1, 1, 1, 1, 1, 4 ),
 ( 0.000000000000000000, 0.09638566373024053113, 0.1882217033894330038, 0.2737406784429102791, 0.3552053634372426827, 0.4340946516955836443, 0.5124517115487025043, 0.5901415646379307711, 0.6682917302987345654, 0.7474048720720594119, 0.8293512220137599922, 0.9131401036652555536, 0.9999999999999998890 ),
 .UNSPECIFIED. ) ;
#2776 = ADVANCED_FACE ( 'NONE', ( #3471 ), #1184, .T. ) ;
#2777 = CARTESIAN_POINT ( 'NONE',  ( 8.919915873432403330, 18.94838793353771678, -11.49000000000000021 ) ) ;
#2778 = CARTESIAN_POINT ( 'NONE',  ( 5.170835270656247040, 21.68289629332614510, -11.50000000000000355 ) ) ;
#2779 = CARTESIAN_POINT ( 'NONE',  ( -10.11914062500000178, 17.92463715492169740, -11.49000000000000021 ) ) ;
#2780 = CARTESIAN_POINT ( 'NONE',  ( 10.28096605858949175, 19.21880296564263091, -11.49000000000000021 ) ) ;
#2781 = CARTESIAN_POINT ( 'NONE',  ( 7.489410526928364398, 19.10354926661644015, -11.48999999999999844 ) ) ;
#2782 = B_SPLINE_SURFACE_WITH_KNOTS ( 'NONE', 3, 1, ( 
 ( #3151, #5630 ),
 ( #4756, #626 ),
 ( #724, #2626 ),
 ( #133, #5170 ),
 ( #2655, #4659 ),
 ( #2172, #6181 ),
 ( #1671, #1185 ),
 ( #6271, #2292 ),
 ( #1804, #4787 ),
 ( #3867, #882 ),
 ( #3836, #3276 ),
 ( #4321, #2266 ),
 ( #4818, #1341 ),
 ( #816, #1870 ),
 ( #2811, #2386 ) ),
 .UNSPECIFIED., .F., .F., .F.,
 ( 4, 1, 1, 1, 1, 1, 1, 1, 1, 1, 1, 1, 4 ),
 ( 2, 2 ),
 ( 0.000000000000000000, 0.1390212211626235539, 0.2544676048036471072, 0.3469968081720416486, 0.4157232016543250253, 0.4735996661427446797, 0.5341302473295572728, 0.5999100883763215375, 0.6709779351420201987, 0.7446360649546689414, 0.8230051348739713113, 0.9071137047520906327, 0.9999999999999998890 ),
 ( 0.000000000000000000, 1.000000000000000000 ),
 .UNSPECIFIED. ) ;
#2783 = CARTESIAN_POINT ( 'NONE',  ( 1.419980295792911518, 21.75506003651286591, -11.50000000000000000 ) ) ;
#2784 = CARTESIAN_POINT ( 'NONE',  ( -10.13554687500000107, 22.27463715492169527, -11.49000000000000021 ) ) ;
#2785 = CARTESIAN_POINT ( 'NONE',  ( -10.73828661113046756, 20.83757042758015388, -11.50000000000000000 ) ) ;
#2786 = CARTESIAN_POINT ( 'NONE',  ( 17.02972939228912352, 18.72160875816923564, -11.50000000000000533 ) ) ;
#2787 = EDGE_CURVE ( 'NONE', #5307, #1080, #4164, .T. ) ;
#2788 = ORIENTED_EDGE ( 'NONE', *, *, #4633, .T. ) ;
#2789 = CARTESIAN_POINT ( 'NONE',  ( 0.4753182779646180078, 16.59221574932976040, -11.49000000000000199 ) ) ;
#2790 = CARTESIAN_POINT ( 'NONE',  ( 10.95075241784671150, 18.71325681900517424, -11.49999999999999822 ) ) ;
#2791 = LINE ( 'NONE', #4795, #3522 ) ;
#2792 = ORIENTED_EDGE ( 'NONE', *, *, #5008, .F. ) ;
#2793 = PLANE ( 'NONE',  #4971 ) ;
#2794 = CARTESIAN_POINT ( 'NONE',  ( 6.230353741950482416, 19.41723129868203301, -11.50000000000000711 ) ) ;
#2795 = CARTESIAN_POINT ( 'NONE',  ( 11.92481178049725443, 21.55503392263432261, -11.49999999999999822 ) ) ;
#2796 = CARTESIAN_POINT ( 'NONE',  ( -11.64858845515074215, 21.31744465673153499, -11.49999999999999822 ) ) ;
#2797 = CARTESIAN_POINT ( 'NONE',  ( -3.108556802761149651, 17.29865425804394263, -11.49999999999999822 ) ) ;
#2798 = EDGE_LOOP ( 'NONE', ( #491 ) ) ;
#2799 = VERTEX_POINT ( 'NONE', #1661 ) ;
#2800 = VERTEX_POINT ( 'NONE', #4610 ) ;
#2801 = CARTESIAN_POINT ( 'NONE',  ( -9.679697314631923177, 21.44420630292694341, -11.50000000000000355 ) ) ;
#2802 = CARTESIAN_POINT ( 'NONE',  ( -12.37267274801646977, 16.81178080255729412, -11.48999999999999666 ) ) ;
#2803 = CARTESIAN_POINT ( 'NONE',  ( -11.92325902972039664, 19.97108364717388085, -11.49999999999999822 ) ) ;
#2804 = CARTESIAN_POINT ( 'NONE',  ( 0.000000000000000000, 32.50000000000000000, 0.000000000000000000 ) ) ;
#2805 = CARTESIAN_POINT ( 'NONE',  ( 6.377445627470897271, 19.01447753834156273, -11.50000000000000178 ) ) ;
#2806 = CARTESIAN_POINT ( 'NONE',  ( 9.149390475328367245, 19.19939589459425022, -11.49999999999999289 ) ) ;
#2807 = CARTESIAN_POINT ( 'NONE',  ( 4.694158452704400020, 22.26927404838854940, -11.50000000000000711 ) ) ;
#2808 = CARTESIAN_POINT ( 'NONE',  ( -9.690544491641832181, 17.96088975538145860, -11.48999999999999844 ) ) ;
#2809 = CARTESIAN_POINT ( 'NONE',  ( 10.09931611764722348, 18.84470270830584582, -11.50000000000000355 ) ) ;
#2810 = ORIENTED_EDGE ( 'NONE', *, *, #4916, .F. ) ;
#2811 = CARTESIAN_POINT ( 'NONE',  ( 13.98164062500000604, 17.92463715492169385, -11.49000000000000021 ) ) ;
#2812 = CARTESIAN_POINT ( 'NONE',  ( -3.226064472545547179, 17.31994336180761707, -11.49000000000000199 ) ) ;
#2813 = CARTESIAN_POINT ( 'NONE',  ( 17.06793357018974788, 18.20042368537402666, -11.49000000000000199 ) ) ;
#2814 = B_SPLINE_CURVE_WITH_KNOTS ( 'NONE', 3,
 ( #5578, #3002, #4208, #1674, #4692, #3219, #4536, #507, #1071, #3066, #5045 ),
 .UNSPECIFIED., .F., .F.,
 ( 4, 1, 1, 1, 1, 1, 1, 1, 4 ),
 ( 0.000000000000000000, 0.1198065485952951037, 0.2353094562379281218, 0.3502093513678103953, 0.4657122590104427196, 0.5850928388915568323, 0.7124323396174275791, 0.8498923888465131915, 1.000000000000000000 ),
 .UNSPECIFIED. ) ;
#2815 = CARTESIAN_POINT ( 'NONE',  ( 1.283178581092863313, 22.10565127842870936, -11.49999999999999645 ) ) ;
#2816 = ADVANCED_FACE ( 'NONE', ( #1081 ), #3360, .T. ) ;
#2817 = CARTESIAN_POINT ( 'NONE',  ( -2.625000000000002220, 20.18752777992169811, -11.50000000000000000 ) ) ;
#2818 = ORIENTED_EDGE ( 'NONE', *, *, #1367, .T. ) ;
#2819 = CARTESIAN_POINT ( 'NONE',  ( 0.000000000000000000, 32.50000000000000000, 0.000000000000000000 ) ) ;
#2820 = CARTESIAN_POINT ( 'NONE',  ( -15.22156349264506048, 22.10002253582336706, -11.49000000000000021 ) ) ;
#2821 = CARTESIAN_POINT ( 'NONE',  ( 5.093070169176685980, 21.97389646169609279, -11.49000000000000021 ) ) ;
#2822 = CARTESIAN_POINT ( 'NONE',  ( -8.761507307021147994, 20.17746457291966067, -11.50000000000000000 ) ) ;
#2823 = ORIENTED_EDGE ( 'NONE', *, *, #3993, .F. ) ;
#2824 = CARTESIAN_POINT ( 'NONE',  ( -11.80292114192588571, 20.93425989543029075, -11.50000000000000000 ) ) ;
#2825 = CARTESIAN_POINT ( 'NONE',  ( 14.66310399458702918, 18.61756553371917278, -11.50000000000000355 ) ) ;
#2826 = ORIENTED_EDGE ( 'NONE', *, *, #1557, .T. ) ;
#2827 = CARTESIAN_POINT ( 'NONE',  ( -11.16922237094038550, 21.91558770993632521, -11.49000000000000554 ) ) ;
#2828 = FACE_OUTER_BOUND ( 'NONE', #3872, .T. ) ;
#2829 = VERTEX_POINT ( 'NONE', #4096 ) ;
#2830 = VERTEX_POINT ( 'NONE', #4033 ) ;
#2831 = VERTEX_POINT ( 'NONE', #548 ) ;
#2832 = CARTESIAN_POINT ( 'NONE',  ( 0.000000000000000000, 1.500000000000000000, -6.999999999999997335 ) ) ;
#2833 = CARTESIAN_POINT ( 'NONE',  ( -12.92134550466914611, 16.42586727114634471, -11.49999999999999822 ) ) ;
#2834 = CARTESIAN_POINT ( 'NONE',  ( -9.548370518782553162, 18.78595734989040267, -11.49999999999999822 ) ) ;
#2835 = B_SPLINE_SURFACE_WITH_KNOTS ( 'NONE', 3, 1, ( 
 ( #972, #379 ),
 ( #1998, #4442 ),
 ( #2379, #3892 ),
 ( #1403, #1470 ),
 ( #5937, #2344 ),
 ( #3401, #841 ),
 ( #3436, #1369 ) ),
 .UNSPECIFIED., .F., .F., .F.,
 ( 4, 1, 1, 1, 4 ),
 ( 2, 2 ),
 ( 0.000000000000000000, 0.08977327424523021127, 0.2835811563816847403, 0.5900183244040019259, 1.000000000000000000 ),
 ( 0.000000000000000000, 1.000000000000000000 ),
 .UNSPECIFIED. ) ;
#2836 = CARTESIAN_POINT ( 'NONE',  ( -8.211587753554631774, 22.27321260434695915, -11.50000000000000178 ) ) ;
#2837 = CARTESIAN_POINT ( 'NONE',  ( -14.25140895448963718, 21.62322698153153766, -11.49999999999999822 ) ) ;
#2838 = CARTESIAN_POINT ( 'NONE',  ( 0.5144794507470904499, 22.10304389066685715, -11.49999999999999822 ) ) ;
#2839 = EDGE_CURVE ( 'NONE', #45, #5034, #2547, .T. ) ;
#2840 = VERTEX_POINT ( 'NONE', #3409 ) ;
#2841 = CARTESIAN_POINT ( 'NONE',  ( -3.353906250000002753, 17.32463715492169598, -11.49000000000000021 ) ) ;
#2842 = CARTESIAN_POINT ( 'NONE',  ( -11.43492901889879043, 21.64743893970574717, -11.49000000000000377 ) ) ;
#2843 = CARTESIAN_POINT ( 'NONE',  ( -15.37500000000000355, 21.56682465492170664, -11.49000000000000021 ) ) ;
#2844 = CARTESIAN_POINT ( 'NONE',  ( 8.745849262248480471, 22.23941612238746757, -11.49000000000000021 ) ) ;
#2845 = FACE_OUTER_BOUND ( 'NONE', #2296, .T. ) ;
#2846 = ORIENTED_EDGE ( 'NONE', *, *, #1, .F. ) ;
#2847 = CARTESIAN_POINT ( 'NONE',  ( 0.8518482242832962070, 16.30090487375405672, -11.49000000000000021 ) ) ;
#2848 = CARTESIAN_POINT ( 'NONE',  ( 12.93406848486647220, 22.21965552688389423, -11.50000000000000178 ) ) ;
#2849 = CARTESIAN_POINT ( 'NONE',  ( 0.3749999999999983902, 21.60198090492169243, -11.49000000000000021 ) ) ;
#2850 = VECTOR ( 'NONE', #2006, 1000.000000000000000 ) ;
#2851 = PLANE ( 'NONE',  #1203 ) ;
#2852 = EDGE_LOOP ( 'NONE', ( #3393, #1559, #4103, #310 ) ) ;
#2853 = CARTESIAN_POINT ( 'NONE',  ( -11.89620805941402359, 20.50897159075244858, -11.49999999999999645 ) ) ;
#2854 = DIRECTION ( 'NONE',  ( 0.1704514661610548321, -0.9853660729310436128, 0.000000000000000000 ) ) ;
#2855 = CARTESIAN_POINT ( 'NONE',  ( 11.88781984216070242, 21.45044315390506284, -11.50000000000000178 ) ) ;
#2856 = ORIENTED_EDGE ( 'NONE', *, *, #2624, .F. ) ;
#2857 = CARTESIAN_POINT ( 'NONE',  ( -11.92500000000000071, 20.05276215492169811, -11.49999999999999645 ) ) ;
#2858 = VECTOR ( 'NONE', #1229, 1000.000000000000000 ) ;
#2859 = CARTESIAN_POINT ( 'NONE',  ( -11.80522867098453510, 19.16015149425048492, -11.48999999999999666 ) ) ;
#2860 = VERTEX_POINT ( 'NONE', #1601 ) ;
#2861 = EDGE_LOOP ( 'NONE', ( #2628, #3559, #2892, #281, #5171, #86, #5463, #4240, #4366, #3843, #5834 ) ) ;
#2862 = VERTEX_POINT ( 'NONE', #1116 ) ;
#2863 = CARTESIAN_POINT ( 'NONE',  ( 11.72477191656355444, 18.07731762046731916, -11.49000000000000021 ) ) ;
#2864 = VECTOR ( 'NONE', #5281, 1000.000000000000000 ) ;
#2865 = CARTESIAN_POINT ( 'NONE',  ( 13.41844816010667074, 18.28796422815718259, -11.49999999999999645 ) ) ;
#2866 = FACE_OUTER_BOUND ( 'NONE', #3487, .T. ) ;
#2867 = EDGE_CURVE ( 'NONE', #5113, #2216, #3320, .T. ) ;
#2868 = CARTESIAN_POINT ( 'NONE',  ( -14.25404410730376092, 21.72871566181355618, -11.50000000000000178 ) ) ;
#2869 = CARTESIAN_POINT ( 'NONE',  ( 6.478384336949902789, 18.83469517903398582, -11.49999999999999822 ) ) ;
#2870 = VECTOR ( 'NONE', #1670, 1000.000000000000000 ) ;
#2871 = CARTESIAN_POINT ( 'NONE',  ( -10.08745798081444356, 22.27385995062028812, -11.49000000000000199 ) ) ;
#2872 = CARTESIAN_POINT ( 'NONE',  ( 7.399486491256614507, 20.96045347446147034, -11.48999999999999844 ) ) ;
#2873 = VERTEX_POINT ( 'NONE', #4195 ) ;
#2874 = EDGE_CURVE ( 'NONE', #2106, #3898, #2706, .T. ) ;
#2875 = CARTESIAN_POINT ( 'NONE',  ( -7.681228422348604923, 21.92462979147017421, -11.48999999999999666 ) ) ;
#2876 = CARTESIAN_POINT ( 'NONE',  ( 7.229014335523339163, 19.71658038475549191, -11.49999999999999822 ) ) ;
#2877 = CARTESIAN_POINT ( 'NONE',  ( -11.64858845515074215, 21.31744465673153499, -11.49000000000000199 ) ) ;
#2878 = AXIS2_PLACEMENT_3D ( 'NONE', #6423, #6392, #5900 ) ;
#2879 = CARTESIAN_POINT ( 'NONE',  ( 16.88537668153920634, 17.99822999966291803, -11.48999999999999844 ) ) ;
#2880 = CARTESIAN_POINT ( 'NONE',  ( -12.92215854091367078, 17.39821133767034667, -11.50000000000000000 ) ) ;
#2881 = CARTESIAN_POINT ( 'NONE',  ( 11.90139990118476199, 21.49084592375556468, -11.49000000000000199 ) ) ;
#2882 = DIRECTION ( 'NONE',  ( -1.000000000000000000, 0.000000000000000000, 0.000000000000000000 ) ) ;
#2883 = DIRECTION ( 'NONE',  ( 0.000000000000000000, -1.000000000000000000, 0.000000000000000000 ) ) ;
#2884 = EDGE_LOOP ( 'NONE', ( #3781, #3109, #5470, #2005 ) ) ;
#2885 = CARTESIAN_POINT ( 'NONE',  ( 14.36101119564740358, 18.03798145675266440, -11.49000000000000021 ) ) ;
#2886 = B_SPLINE_SURFACE_WITH_KNOTS ( 'NONE', 3, 1, ( 
 ( #5450, #4914 ),
 ( #519, #28 ),
 ( #3472, #3407 ),
 ( #5055, #2294 ),
 ( #4949, #913 ),
 ( #4986, #943 ),
 ( #4295, #450 ),
 ( #484, #2481 ),
 ( #5819, #2414 ),
 ( #1408, #6466 ),
 ( #2907, #4448 ) ),
 .UNSPECIFIED., .F., .F., .F.,
 ( 4, 1, 1, 1, 1, 1, 1, 1, 4 ),
 ( 2, 2 ),
 ( 0.000000000000000000, 0.1646896275994997050, 0.3087619883682764521, 0.4375205225063653613, 0.5554491469078201016, 0.6657293143991136475, 0.7727167918055647400, 0.8825316542860207614, 0.9999999999999998890 ),
 ( 0.000000000000000000, 1.000000000000000000 ),
 .UNSPECIFIED. ) ;
#2887 = EDGE_LOOP ( 'NONE', ( #3459, #3421, #36, #5861 ) ) ;
#2888 = CARTESIAN_POINT ( 'NONE',  ( -10.68922144575741129, 22.18665134119668281, -11.50000000000000533 ) ) ;
#2889 = CARTESIAN_POINT ( 'NONE',  ( 6.184107084450109149, 19.63588733241189743, -11.49999999999999822 ) ) ;
#2890 = CARTESIAN_POINT ( 'NONE',  ( 0.3749999999999983902, 17.12541840492169243, -11.50000000000000000 ) ) ;
#2891 = EDGE_CURVE ( 'NONE', #4308, #5563, #3325, .T. ) ;
#2892 = ORIENTED_EDGE ( 'NONE', *, *, #5761, .F. ) ;
#2893 = CARTESIAN_POINT ( 'NONE',  ( 1.844531249999998623, 16.97893402992169598, -11.49999999999999822 ) ) ;
#2894 = CARTESIAN_POINT ( 'NONE',  ( -8.554825918658504946, 22.11797208773593937, -11.48999999999999844 ) ) ;
#2895 = ORIENTED_EDGE ( 'NONE', *, *, #6491, .T. ) ;
#2896 = ORIENTED_EDGE ( 'NONE', *, *, #3388, .F. ) ;
#2897 = CARTESIAN_POINT ( 'NONE',  ( -6.442379161465907167, 19.49418629230051536, -11.50000000000000178 ) ) ;
#2898 = CARTESIAN_POINT ( 'NONE',  ( 13.54473664887492390, 18.09649581664553963, -11.50000000000000178 ) ) ;
#2899 = CARTESIAN_POINT ( 'NONE',  ( -11.89849169857928857, 19.58105683815086095, -11.50000000000000000 ) ) ;
#2900 = CARTESIAN_POINT ( 'NONE',  ( -9.829687500000002132, 18.74963715492169669, -11.49000000000000021 ) ) ;
#2901 = CARTESIAN_POINT ( 'NONE',  ( -14.69261124398759755, 22.26964420624811325, -11.49000000000000021 ) ) ;
#2902 = ADVANCED_FACE ( 'NONE', ( #1693 ), #4118, .T. ) ;
#2903 = CARTESIAN_POINT ( 'NONE',  ( 5.144895762723087351, 16.65668133566483888, -11.49000000000000021 ) ) ;
#2904 = CARTESIAN_POINT ( 'NONE',  ( 15.55186888018276292, 22.25007614673311451, -11.49000000000000021 ) ) ;
#2905 = EDGE_CURVE ( 'NONE', #1988, #1600, #1222, .T. ) ;
#2906 = DIRECTION ( 'NONE',  ( 1.000000000000000000, 0.000000000000000000, -0.000000000000000000 ) ) ;
#2907 = CARTESIAN_POINT ( 'NONE',  ( 4.644140624999998579, 16.27463715492169527, -11.49000000000000021 ) ) ;
#2908 = ORIENTED_EDGE ( 'NONE', *, *, #5207, .T. ) ;
#2909 = CARTESIAN_POINT ( 'NONE',  ( 0.000000000000000000, 0.000000000000000000, 0.000000000000000000 ) ) ;
#2910 = CARTESIAN_POINT ( 'NONE',  ( 4.126055585149694060, 16.89439317547897801, -11.50000000000000178 ) ) ;
#2911 = CARTESIAN_POINT ( 'NONE',  ( 7.977668230894879642, 18.78597620387087019, -11.49999999999999822 ) ) ;
#2912 = CARTESIAN_POINT ( 'NONE',  ( -11.92500000000000071, 20.05276215492169811, -11.49000000000000021 ) ) ;
#2913 = ADVANCED_FACE ( 'NONE', ( #4975 ), #2130, .T. ) ;
#2914 = B_SPLINE_CURVE_WITH_KNOTS ( 'NONE', 3,
 ( #3501, #5409, #375, #5379, #1499, #2865, #3398, #905, #2898, #5897, #4474, #4977, #1995, #3888, #4941 ),
 .UNSPECIFIED., .F., .F.,
 ( 4, 1, 1, 1, 1, 1, 1, 1, 1, 1, 1, 1, 4 ),
 ( 0.000000000000000000, 0.1390212211626235539, 0.2544676048036471072, 0.3469968081720416486, 0.4157232016543250253, 0.4735996661427446797, 0.5341302473295572728, 0.5999100883763215375, 0.6709779351420201987, 0.7446360649546689414, 0.8230051348739713113, 0.9071137047520906327, 0.9999999999999998890 ),
 .UNSPECIFIED. ) ;
#2915 = CARTESIAN_POINT ( 'NONE',  ( 8.361430355434400497, 22.27304296483828239, -11.50000000000000178 ) ) ;
#2916 = LINE ( 'NONE', #5566, #3190 ) ;
#2917 = CARTESIAN_POINT ( 'NONE',  ( -8.761530310604369376, 20.03743105459493989, -11.49000000000000021 ) ) ;
#2918 = CARTESIAN_POINT ( 'NONE',  ( 4.823734287597014614, 22.23188231104004586, -11.48999999999999666 ) ) ;
#2919 = VERTEX_POINT ( 'NONE', #476 ) ;
#2920 = CARTESIAN_POINT ( 'NONE',  ( -17.24840310372858099, 16.87833479104686063, -11.49000000000000199 ) ) ;
#2921 = ORIENTED_EDGE ( 'NONE', *, *, #2241, .T. ) ;
#2922 = CARTESIAN_POINT ( 'NONE',  ( 10.19679172776003639, 21.17755433662111031, -11.49000000000000377 ) ) ;
#2923 = FACE_OUTER_BOUND ( 'NONE', #1826, .T. ) ;
#2924 = CARTESIAN_POINT ( 'NONE',  ( -8.670922502320562941, 16.66903033635641052, -11.50000000000000533 ) ) ;
#2925 = ORIENTED_EDGE ( 'NONE', *, *, #1519, .F. ) ;
#2926 = CARTESIAN_POINT ( 'NONE',  ( -11.16922237094038550, 21.91558770993632521, -11.50000000000000178 ) ) ;
#2927 = CARTESIAN_POINT ( 'NONE',  ( -10.68393367297903040, 17.99918898773029241, -11.48999999999999844 ) ) ;
#2928 = VERTEX_POINT ( 'NONE', #2473 ) ;
#2929 = EDGE_CURVE ( 'NONE', #269, #2829, #1281, .T. ) ;
#2930 = ORIENTED_EDGE ( 'NONE', *, *, #6032, .F. ) ;
#2931 = CARTESIAN_POINT ( 'NONE',  ( 11.57824532409120621, 17.95616616804874255, -11.49000000000000021 ) ) ;
#2932 = CARTESIAN_POINT ( 'NONE',  ( -4.055989938216007396, 18.33297227497380177, -11.48999999999999488 ) ) ;
#2933 = CARTESIAN_POINT ( 'NONE',  ( -11.30204918220549004, 18.35325170355640978, -11.49000000000000021 ) ) ;
#2934 = B_SPLINE_CURVE_WITH_KNOTS ( 'NONE', 3,
 ( #5545, #631, #537, #3492, #569, #4569, #3127, #2500, #5502, #998, #5143 ),
 .UNSPECIFIED., .F., .F.,
 ( 4, 1, 1, 1, 1, 1, 1, 1, 4 ),
 ( 0.000000000000000000, 0.1238186686104388451, 0.2381015460255757055, 0.3507223306987723999, 0.4688655951233490771, 0.5942438755259625838, 0.7255259014559289898, 0.8611546743909203050, 1.000000000000000000 ),
 .UNSPECIFIED. ) ;
#2935 = CARTESIAN_POINT ( 'NONE',  ( -8.666702408368202271, 21.92204201697953891, -11.48999999999999844 ) ) ;
#2936 = DIRECTION ( 'NONE',  ( 1.000000000000000000, -0.000000000000000000, 3.016910393003144338E-16 ) ) ;
#2937 = DIRECTION ( 'NONE',  ( -0.000000000000000000, -0.000000000000000000, -1.000000000000000000 ) ) ;
#2938 = CARTESIAN_POINT ( 'NONE',  ( 15.71672912366161867, 22.16366602970323996, -11.50000000000000178 ) ) ;
#2939 = EDGE_CURVE ( 'NONE', #4697, #1873, #3395, .T. ) ;
#2940 = CARTESIAN_POINT ( 'NONE',  ( 4.758361942802976863, 16.28008225954177846, -11.48999999999999844 ) ) ;
#2941 = CARTESIAN_POINT ( 'NONE',  ( 11.16701347192316085, 17.95556968100999384, -11.49999999999999645 ) ) ;
#2942 = CARTESIAN_POINT ( 'NONE',  ( 0.3885671984234903009, 16.87571053512525410, -11.50000000000000178 ) ) ;
#2943 = VERTEX_POINT ( 'NONE', #4940 ) ;
#2944 = CARTESIAN_POINT ( 'NONE',  ( -18.00000000000000000, 29.00000000000000000, 0.000000000000000000 ) ) ;
#2945 = CARTESIAN_POINT ( 'NONE',  ( -4.848931830824599665, 21.51869010880963273, -11.49999999999999645 ) ) ;
#2946 = CARTESIAN_POINT ( 'NONE',  ( 7.200000000000005507, 20.10198090492169953, -11.49000000000000199 ) ) ;
#2947 = CARTESIAN_POINT ( 'NONE',  ( -12.60297925935347862, 17.32961663131738916, -11.48999999999999666 ) ) ;
#2948 = CARTESIAN_POINT ( 'NONE',  ( -3.742116957818668155, 20.78931219368587691, -11.48999999999999844 ) ) ;
#2949 = ORIENTED_EDGE ( 'NONE', *, *, #4076, .F. ) ;
#2950 = CARTESIAN_POINT ( 'NONE',  ( 10.19679172776003639, 21.17755433662111031, -11.50000000000000355 ) ) ;
#2951 = CARTESIAN_POINT ( 'NONE',  ( 11.88164062500000639, 21.43205902992169243, -11.50000000000000000 ) ) ;
#2952 = EDGE_CURVE ( 'NONE', #1062, #1971, #5441, .T. ) ;
#2953 = FACE_OUTER_BOUND ( 'NONE', #105, .T. ) ;
#2954 = DIRECTION ( 'NONE',  ( 0.000000000000000000, 1.000000000000000000, -5.269717584638511960E-13 ) ) ;
#2955 = CARTESIAN_POINT ( 'NONE',  ( -6.660937500000002842, 20.82854340492169953, -11.49000000000000021 ) ) ;
#2956 = ORIENTED_EDGE ( 'NONE', *, *, #3685, .F. ) ;
#2957 = CARTESIAN_POINT ( 'NONE',  ( 16.15130166506324016, 18.29123951932173853, -11.50000000000000355 ) ) ;
#2958 = CARTESIAN_POINT ( 'NONE',  ( 0.4359374999999983680, 16.67776215492169101, -11.49000000000000021 ) ) ;
#2959 = CARTESIAN_POINT ( 'NONE',  ( -8.700000000000001066, 16.96369965492169740, -11.50000000000000000 ) ) ;
#2960 = ORIENTED_EDGE ( 'NONE', *, *, #5569, .F. ) ;
#2961 = CARTESIAN_POINT ( 'NONE',  ( -6.377872914041828878, 19.56608088518806099, -11.50000000000000000 ) ) ;
#2962 = LINE ( 'NONE', #4837, #886 ) ;
#2963 = ORIENTED_EDGE ( 'NONE', *, *, #3227, .F. ) ;
#2964 = CARTESIAN_POINT ( 'NONE',  ( 10.42008190960479119, 19.86835460706965506, -11.49999999999999822 ) ) ;
#2965 = CARTESIAN_POINT ( 'NONE',  ( -3.552498897838611391, 18.51833239843699275, -11.49000000000000199 ) ) ;
#2966 = AXIS2_PLACEMENT_3D ( 'NONE', #194, #5227, #3148 ) ;
#2967 = LINE ( 'NONE', #2610, #3202 ) ;
#2968 = CARTESIAN_POINT ( 'NONE',  ( -8.282642056855713975, 22.27044609263822394, -11.50000000000000178 ) ) ;
#2969 = CARTESIAN_POINT ( 'NONE',  ( -14.25000000000000178, 21.56682465492170664, -11.49999999999999645 ) ) ;
#2970 = CARTESIAN_POINT ( 'NONE',  ( 12.61010069110158760, 22.27371317696879771, -11.50000000000000178 ) ) ;
#2971 = VERTEX_POINT ( 'NONE', #3956 ) ;
#2972 = CARTESIAN_POINT ( 'NONE',  ( -12.96914062500000320, 17.39963715492170238, -11.49000000000000021 ) ) ;
#2973 = CIRCLE ( 'NONE', #5085, 2.299999999999999822 ) ;
#2974 = CARTESIAN_POINT ( 'NONE',  ( -9.352853084971570752, 22.09659720433811714, -11.49000000000000199 ) ) ;
#2975 = CARTESIAN_POINT ( 'NONE',  ( 9.375000000000005329, 20.10198090492169598, -11.49000000000000021 ) ) ;
#2976 = CARTESIAN_POINT ( 'NONE',  ( -3.007841027120308208, 17.26018181701145693, -11.49000000000000199 ) ) ;
#2977 = EDGE_LOOP ( 'NONE', ( #5690, #419, #1267, #3312 ) ) ;
#2978 = CARTESIAN_POINT ( 'NONE',  ( -5.004703315335359726, 21.47923311584665385, -11.49000000000000021 ) ) ;
#2979 = CARTESIAN_POINT ( 'NONE',  ( 16.09335937500000924, 21.43205902992169243, -11.49000000000000021 ) ) ;
#2980 = VECTOR ( 'NONE', #4311, 1000.000000000000000 ) ;
#2981 = CARTESIAN_POINT ( 'NONE',  ( -4.687500000000002665, 21.52463715492169882, -11.50000000000000000 ) ) ;
#2982 = CARTESIAN_POINT ( 'NONE',  ( -7.650000000000001243, 16.89221527992170024, -11.49000000000000021 ) ) ;
#2983 = CARTESIAN_POINT ( 'NONE',  ( -8.761530310604369376, 20.03743105459493989, -11.50000000000000000 ) ) ;
#2984 = CARTESIAN_POINT ( 'NONE',  ( -4.548209807301872409, 22.27168417191423799, -11.48999999999999844 ) ) ;
#2985 = ORIENTED_EDGE ( 'NONE', *, *, #4352, .F. ) ;
#2986 = LINE ( 'NONE', #2042, #4645 ) ;
#2987 = CARTESIAN_POINT ( 'NONE',  ( 7.486728227835919292, 21.08846252999199677, -11.49999999999999645 ) ) ;
#2988 = VECTOR ( 'NONE', #3079, 1000.000000000000000 ) ;
#2989 = CARTESIAN_POINT ( 'NONE',  ( 11.66200619964085128, 18.00530549923518109, -11.49999999999999645 ) ) ;
#2990 = EDGE_CURVE ( 'NONE', #2919, #5854, #5533, .T. ) ;
#2991 = CARTESIAN_POINT ( 'NONE',  ( 14.70703125000000711, 18.76487152992169527, -11.49999999999998934 ) ) ;
#2992 = ORIENTED_EDGE ( 'NONE', *, *, #6286, .F. ) ;
#2993 = EDGE_CURVE ( 'NONE', #4563, #6060, #2073, .T. ) ;
#2994 = CARTESIAN_POINT ( 'NONE',  ( -3.265427468865233607, 18.71848576741971826, -11.49000000000000021 ) ) ;
#2995 = ORIENTED_EDGE ( 'NONE', *, *, #5540, .T. ) ;
#2996 = AXIS2_PLACEMENT_3D ( 'NONE', #4846, #3927, #1441 ) ;
#2997 = CARTESIAN_POINT ( 'NONE',  ( -5.688224534225756024, 20.83915864232504589, -11.49000000000000021 ) ) ;
#2998 = CARTESIAN_POINT ( 'NONE',  ( 8.202245536801335390, 22.27302936224992536, -11.50000000000000000 ) ) ;
#2999 = ORIENTED_EDGE ( 'NONE', *, *, #2572, .T. ) ;
#3000 = CARTESIAN_POINT ( 'NONE',  ( 0.4359374999999983680, 16.67776215492169101, -11.50000000000000000 ) ) ;
#3001 = CARTESIAN_POINT ( 'NONE',  ( -6.526171875000003730, 19.24182465492170024, -11.50000000000000178 ) ) ;
#3002 = CARTESIAN_POINT ( 'NONE',  ( -6.183109231620428581, 20.40073318597302432, -11.48999999999999666 ) ) ;
#3003 = ORIENTED_EDGE ( 'NONE', *, *, #5329, .F. ) ;
#3004 = CARTESIAN_POINT ( 'NONE',  ( 0.5144794507470904499, 22.10304389066685715, -11.50000000000000000 ) ) ;
#3005 = CARTESIAN_POINT ( 'NONE',  ( -5.052346283893371925, 18.42323720534990628, -11.49000000000000199 ) ) ;
#3006 = CARTESIAN_POINT ( 'NONE',  ( -17.16747954130760334, 16.62483156619427049, -11.49999999999999645 ) ) ;
#3007 = CARTESIAN_POINT ( 'NONE',  ( -6.301682093579922928, 20.40386585738517766, -11.49999999999999645 ) ) ;
#3008 = LINE ( 'NONE', #1570, #1417 ) ;
#3009 = CARTESIAN_POINT ( 'NONE',  ( -3.330777363555645465, 16.42582240235132218, -11.49000000000000199 ) ) ;
#3010 = FACE_BOUND ( 'NONE', #6312, .T. ) ;
#3011 = ORIENTED_EDGE ( 'NONE', *, *, #5207, .F. ) ;
#3012 = CARTESIAN_POINT ( 'NONE',  ( -3.353906250000002753, 17.32463715492169598, -11.50000000000000000 ) ) ;
#3013 = CARTESIAN_POINT ( 'NONE',  ( 3.928406928215279592, 21.98000699469809049, -11.48999999999999844 ) ) ;
#3014 = CARTESIAN_POINT ( 'NONE',  ( 10.87876341573932315, 18.28652104434131687, -11.50000000000000000 ) ) ;
#3015 = CARTESIAN_POINT ( 'NONE',  ( -2.783786530196419751, 16.91234356718146614, -11.49000000000000199 ) ) ;
#3016 = CARTESIAN_POINT ( 'NONE',  ( 0.8999999999999984679, 22.27463715492169172, -11.49000000000000021 ) ) ;
#3017 = CARTESIAN_POINT ( 'NONE',  ( 7.229014335523339163, 19.71658038475549191, -11.48999999999999844 ) ) ;
#3018 = CARTESIAN_POINT ( 'NONE',  ( -12.44949757828969261, 17.19723294916174083, -11.49000000000000199 ) ) ;
#3019 = CARTESIAN_POINT ( 'NONE',  ( -4.702734375000002132, 22.27463715492169527, -11.49000000000000021 ) ) ;
#3020 = ORIENTED_EDGE ( 'NONE', *, *, #2787, .T. ) ;
#3021 = FACE_OUTER_BOUND ( 'NONE', #6467, .T. ) ;
#3022 = CARTESIAN_POINT ( 'NONE',  ( 1.111708840677439580, 22.23604127147856957, -11.50000000000000000 ) ) ;
#3023 = CARTESIAN_POINT ( 'NONE',  ( 8.281640625000004974, 21.44963715492169243, -11.49000000000000021 ) ) ;
#3024 = CARTESIAN_POINT ( 'NONE',  ( -5.412377077441317574, 18.59286967543061664, -11.49999999999999822 ) ) ;
#3025 = CARTESIAN_POINT ( 'NONE',  ( 11.01314943324701545, 18.05986582706652399, -11.50000000000000000 ) ) ;
#3026 = EDGE_CURVE ( 'NONE', #2359, #952, #3666, .T. ) ;
#3027 = ORIENTED_EDGE ( 'NONE', *, *, #2194, .T. ) ;
#3028 = EDGE_LOOP ( 'NONE', ( #2053, #3324, #567, #5871 ) ) ;
#3029 = CARTESIAN_POINT ( 'NONE',  ( -8.735950081241741216, 21.59804332957818929, -11.49000000000000199 ) ) ;
#3030 = VERTEX_POINT ( 'NONE', #1074 ) ;
#3031 = CARTESIAN_POINT ( 'NONE',  ( 16.15130166506324016, 18.29123951932173853, -11.49000000000000199 ) ) ;
#3032 = LINE ( 'NONE', #2958, #3080 ) ;
#3033 = CARTESIAN_POINT ( 'NONE',  ( -16.65703125000000284, 17.39963715492170238, -11.50000000000000000 ) ) ;
#3034 = ORIENTED_EDGE ( 'NONE', *, *, #4125, .T. ) ;
#3035 = CARTESIAN_POINT ( 'NONE',  ( 13.14212261506954071, 22.02920297055969456, -11.49000000000000199 ) ) ;
#3036 = CARTESIAN_POINT ( 'NONE',  ( -5.715234375000003197, 20.78284027992169669, -11.50000000000000000 ) ) ;
#3037 = CARTESIAN_POINT ( 'NONE',  ( 6.293843824198493309, 20.97819722926810471, -11.50000000000000355 ) ) ;
#3038 = VERTEX_POINT ( 'NONE', #3571 ) ;
#3039 = CARTESIAN_POINT ( 'NONE',  ( 16.09335937500000924, 21.43205902992169243, -11.50000000000000000 ) ) ;
#3040 = CARTESIAN_POINT ( 'NONE',  ( -14.80898437500000320, 22.27463715492170238, -11.49000000000000021 ) ) ;
#3041 = CARTESIAN_POINT ( 'NONE',  ( 9.080626975051966809, 21.09188660995779685, -11.49000000000000377 ) ) ;
#3042 = LINE ( 'NONE', #546, #1532 ) ;
#3043 = CARTESIAN_POINT ( 'NONE',  ( -5.578123772527476376, 19.49859874929644477, -11.50000000000000178 ) ) ;
#3044 = EDGE_CURVE ( 'NONE', #4372, #4178, #332, .T. ) ;
#3045 = CARTESIAN_POINT ( 'NONE',  ( -9.687355587429498982, 18.75614753085467612, -11.49999999999999822 ) ) ;
#3046 = CARTESIAN_POINT ( 'NONE',  ( 11.16701347192316085, 17.95556968100999384, -11.48999999999999666 ) ) ;
#3047 = CARTESIAN_POINT ( 'NONE',  ( 0.3749999999999983902, 17.12541840492169243, -11.50000000000000000 ) ) ;
#3048 = LINE ( 'NONE', #5058, #5407 ) ;
#3049 = CARTESIAN_POINT ( 'NONE',  ( -12.70895689280949448, 17.37178543514795948, -11.50000000000000000 ) ) ;
#3050 = CARTESIAN_POINT ( 'NONE',  ( -5.507972974186617243, 16.42612388077197494, -11.49999999999999822 ) ) ;
#3051 = EDGE_LOOP ( 'NONE', ( #4084 ) ) ;
#3052 = LINE ( 'NONE', #4617, #6439 ) ;
#3053 = CARTESIAN_POINT ( 'NONE',  ( 1.202988555676120841, 22.18102602668184176, -11.49000000000000199 ) ) ;
#3054 = CARTESIAN_POINT ( 'NONE',  ( 7.704285760216722956, 21.28986466351141971, -11.49999999999999645 ) ) ;
#3055 = CARTESIAN_POINT ( 'NONE',  ( 12.63867187500000711, 22.27463715492169172, -11.50000000000000000 ) ) ;
#3056 = CARTESIAN_POINT ( 'NONE',  ( 14.19512793096407144, 17.95036907361387790, -11.48999999999999844 ) ) ;
#3057 = VERTEX_POINT ( 'NONE', #5117 ) ;
#3058 = ORIENTED_EDGE ( 'NONE', *, *, #4754, .T. ) ;
#3059 = FACE_OUTER_BOUND ( 'NONE', #3725, .T. ) ;
#3060 = CARTESIAN_POINT ( 'NONE',  ( 16.38026925728906491, 17.97069641648073102, -11.49000000000000021 ) ) ;
#3061 = CARTESIAN_POINT ( 'NONE',  ( 16.59015127196695971, 17.92573635881845462, -11.49000000000000021 ) ) ;
#3062 = ORIENTED_EDGE ( 'NONE', *, *, #5973, .F. ) ;
#3063 = CARTESIAN_POINT ( 'NONE',  ( 6.876579746415940164, 21.80840284030967879, -11.48999999999999844 ) ) ;
#3064 = CARTESIAN_POINT ( 'NONE',  ( -5.918250822968984082, 20.49451488222358009, -11.50000000000000000 ) ) ;
#3065 = EDGE_CURVE ( 'NONE', #731, #3909, #5670, .T. ) ;
#3066 = CARTESIAN_POINT ( 'NONE',  ( -5.728916883907746893, 20.75235868499174785, -11.49000000000000021 ) ) ;
#3067 = ORIENTED_EDGE ( 'NONE', *, *, #233, .T. ) ;
#3068 = CARTESIAN_POINT ( 'NONE',  ( -14.58342433311496222, 22.23476350499957377, -11.50000000000000178 ) ) ;
#3069 = CARTESIAN_POINT ( 'NONE',  ( 8.322315517354361702, 18.75083326998012723, -11.49999999999998934 ) ) ;
#3070 = CARTESIAN_POINT ( 'NONE',  ( 8.518472623091795981, 21.42983988235740966, -11.49999999999999289 ) ) ;
#3071 = CARTESIAN_POINT ( 'NONE',  ( -6.660937500000002842, 20.82854340492169953, -11.49000000000000021 ) ) ;
#3072 = CARTESIAN_POINT ( 'NONE',  ( -5.456078660943576075, 19.40649610166772021, -11.50000000000000178 ) ) ;
#3073 = ORIENTED_EDGE ( 'NONE', *, *, #4953, .T. ) ;
#3074 = CARTESIAN_POINT ( 'NONE',  ( -8.764952704362604763, 19.90542631826507858, -11.49999999999999645 ) ) ;
#3075 = CARTESIAN_POINT ( 'NONE',  ( -10.48832562776877175, 19.00424143510464958, -11.50000000000000178 ) ) ;
#3076 = ADVANCED_FACE ( 'NONE', ( #2507 ), #2607, .T. ) ;
#3077 = CARTESIAN_POINT ( 'NONE',  ( 14.78147569263776440, 21.93653176452447084, -11.50000000000000178 ) ) ;
#3078 = LINE ( 'NONE', #1665, #5806 ) ;
#3079 = DIRECTION ( 'NONE',  ( -0.000000000000000000, -0.000000000000000000, -1.000000000000000000 ) ) ;
#3080 = VECTOR ( 'NONE', #4967, 1000.000000000000000 ) ;
#3081 = CARTESIAN_POINT ( 'NONE',  ( -3.271209016718405138, 21.75918664626182775, -11.50000000000000000 ) ) ;
#3082 = VERTEX_POINT ( 'NONE', #4604 ) ;
#3083 = CARTESIAN_POINT ( 'NONE',  ( 7.405567960814273043, 18.07543028887143421, -11.48999999999999844 ) ) ;
#3084 = EDGE_CURVE ( 'NONE', #1485, #433, #4091, .T. ) ;
#3085 = CARTESIAN_POINT ( 'NONE',  ( -3.745240722573014214, 19.80002204813031241, -11.50000000000000178 ) ) ;
#3086 = CIRCLE ( 'NONE', #5617, 0.5000000000000004441 ) ;
#3087 = DIRECTION ( 'NONE',  ( -0.000000000000000000, -0.000000000000000000, -1.000000000000000000 ) ) ;
#3088 = CARTESIAN_POINT ( 'NONE',  ( -5.052346283893371925, 18.42323720534990628, -11.50000000000000178 ) ) ;
#3089 = CARTESIAN_POINT ( 'NONE',  ( -7.651222901425229317, 16.84441263289347646, -11.49999999999999822 ) ) ;
#3090 = AXIS2_PLACEMENT_3D ( 'NONE', #5459, #4523, #1552 ) ;
#3091 = ORIENTED_EDGE ( 'NONE', *, *, #1781, .F. ) ;
#3092 = ORIENTED_EDGE ( 'NONE', *, *, #1446, .F. ) ;
#3093 = CARTESIAN_POINT ( 'NONE',  ( -4.237395522356191435, 18.30511939330993343, -11.49000000000000377 ) ) ;
#3094 = ORIENTED_EDGE ( 'NONE', *, *, #3084, .T. ) ;
#3095 = CARTESIAN_POINT ( 'NONE',  ( 9.149436068719250414, 20.99758485995781143, -11.49999999999999822 ) ) ;
#3096 = CARTESIAN_POINT ( 'NONE',  ( -10.87377215218690196, 20.17474544740123932, -11.50000000000000355 ) ) ;
#3097 = AXIS2_PLACEMENT_3D ( 'NONE', #2453, #2075, #3971 ) ;
#3098 = ORIENTED_EDGE ( 'NONE', *, *, #4056, .T. ) ;
#3099 = CARTESIAN_POINT ( 'NONE',  ( -6.524392741289948283, 19.27134616380669740, -11.50000000000000178 ) ) ;
#3100 = CARTESIAN_POINT ( 'NONE',  ( -2.782031250000002398, 16.88049652992170024, -11.49000000000000021 ) ) ;
#3101 = AXIS2_PLACEMENT_3D ( 'NONE', #3315, #958, #2954 ) ;
#3102 = ORIENTED_EDGE ( 'NONE', *, *, #6254, .T. ) ;
#3103 = CARTESIAN_POINT ( 'NONE',  ( -14.25140895448963718, 21.62322698153153766, -11.50000000000000178 ) ) ;
#3104 = CARTESIAN_POINT ( 'NONE',  ( -19.50000000000000000, 1.500000000000000000, -9.500000000000000000 ) ) ;
#3105 = CARTESIAN_POINT ( 'NONE',  ( 9.374126544053826393, 20.15318149133715053, -11.49000000000000021 ) ) ;
#3106 = CARTESIAN_POINT ( 'NONE',  ( -10.31496787918401381, 17.92842897359839682, -11.49999999999999645 ) ) ;
#3107 = CARTESIAN_POINT ( 'NONE',  ( -17.10454055895327485, 17.27000616987065840, -11.49000000000000199 ) ) ;
#3108 = EDGE_LOOP ( 'NONE', ( #791, #2896, #430, #798 ) ) ;
#3109 = ORIENTED_EDGE ( 'NONE', *, *, #1109, .F. ) ;
#3110 = ADVANCED_FACE ( 'NONE', ( #1625 ), #1602, .T. ) ;
#3111 = CARTESIAN_POINT ( 'NONE',  ( 7.200000000000005507, 20.10198090492169953, -11.49000000000000199 ) ) ;
#3112 = CARTESIAN_POINT ( 'NONE',  ( -10.35363036209202114, 21.29868488873623633, -11.49000000000000377 ) ) ;
#3113 = CARTESIAN_POINT ( 'NONE',  ( 7.977668230894879642, 18.78597620387087019, -11.48999999999999844 ) ) ;
#3114 = ADVANCED_FACE ( 'NONE', ( #2245 ), #6311, .T. ) ;
#3115 = CARTESIAN_POINT ( 'NONE',  ( -2.681671772194853087, 20.73970417360485641, -11.49000000000000377 ) ) ;
#3116 = FACE_OUTER_BOUND ( 'NONE', #2416, .T. ) ;
#3117 = CARTESIAN_POINT ( 'NONE',  ( -3.715738305671092867, 22.06192297662389379, -11.49000000000000021 ) ) ;
#3118 = CARTESIAN_POINT ( 'NONE',  ( 6.296429384009474717, 19.21001160254373019, -11.49000000000000021 ) ) ;
#3119 = CARTESIAN_POINT ( 'NONE',  ( -4.406919823344578546, 19.15430414204464071, -11.49999999999999822 ) ) ;
#3120 = B_SPLINE_SURFACE_WITH_KNOTS ( 'NONE', 3, 1, ( 
 ( #2398, #858 ),
 ( #366, #4368 ),
 ( #1883, #5887 ),
 ( #1391, #1918 ),
 ( #1560, #5573 ),
 ( #4466, #80 ),
 ( #997, #5958 ),
 ( #2055, #568 ),
 ( #6061, #6448 ),
 ( #5603, #6482 ),
 ( #1066, #3530 ),
 ( #466, #2566 ),
 ( #2466, #3983 ),
 ( #10, #962 ),
 ( #5039, #1955 ) ),
 .UNSPECIFIED., .F., .F., .F.,
 ( 4, 1, 1, 1, 1, 1, 1, 1, 1, 1, 1, 1, 4 ),
 ( 2, 2 ),
 ( 0.000000000000000000, 0.1684673813659651742, 0.3179729882275093011, 0.4479107242068904315, 0.5596359639632410010, 0.6108618038833495412, 0.6608470842886752239, 0.7106042552350877450, 0.7627674048676978957, 0.8159543999416577487, 0.8736188725451894399, 0.9347657801476173534, 1.000000000000000000 ),
 ( 0.000000000000000000, 1.000000000000000000 ),
 .UNSPECIFIED. ) ;
#3121 = CARTESIAN_POINT ( 'NONE',  ( 4.197558161947356759, 16.53810778296968209, -11.49000000000000021 ) ) ;
#3122 = CARTESIAN_POINT ( 'NONE',  ( 14.58598173495601458, 18.38111828290586658, -11.49000000000000377 ) ) ;
#3123 = ORIENTED_EDGE ( 'NONE', *, *, #3863, .F. ) ;
#3124 = EDGE_LOOP ( 'NONE', ( #5421, #6289, #3034, #2788 ) ) ;
#3125 = CARTESIAN_POINT ( 'NONE',  ( -3.552498897838611391, 18.51833239843699275, -11.49000000000000199 ) ) ;
#3126 = CARTESIAN_POINT ( 'NONE',  ( 4.958220513396885742, 16.36567967246961075, -11.49999999999999467 ) ) ;
#3127 = CARTESIAN_POINT ( 'NONE',  ( 3.928406928215279592, 21.98000699469809049, -11.48999999999999844 ) ) ;
#3128 = ORIENTED_EDGE ( 'NONE', *, *, #1109, .T. ) ;
#3129 = CARTESIAN_POINT ( 'NONE',  ( 0.3749999999999983902, 17.12541840492169243, -11.49000000000000021 ) ) ;
#3130 = CARTESIAN_POINT ( 'NONE',  ( 8.281640625000004974, 18.74963715492169314, -11.49000000000000021 ) ) ;
#3131 = CARTESIAN_POINT ( 'NONE',  ( 15.91774760726179849, 21.89899350930524236, -11.50000000000000000 ) ) ;
#3132 = EDGE_LOOP ( 'NONE', ( #1461, #4564, #54, #676 ) ) ;
#3133 = CARTESIAN_POINT ( 'NONE',  ( 15.37861852401159268, 22.27342130398659847, -11.50000000000000178 ) ) ;
#3134 = CARTESIAN_POINT ( 'NONE',  ( -5.412377077441317574, 18.59286967543061664, -11.49999999999999822 ) ) ;
#3135 = CARTESIAN_POINT ( 'NONE',  ( 11.92148437500000746, 18.59494965492169527, -11.49000000000000199 ) ) ;
#3136 = LINE ( 'NONE', #4092, #2558 ) ;
#3137 = DIRECTION ( 'NONE',  ( -1.000000000000000000, 0.000000000000000000, -0.000000000000000000 ) ) ;
#3138 = CARTESIAN_POINT ( 'NONE',  ( -4.723903038236683116, 19.12508295455236507, -11.50000000000000355 ) ) ;
#3139 = VERTEX_POINT ( 'NONE', #5180 ) ;
#3140 = ORIENTED_EDGE ( 'NONE', *, *, #2839, .F. ) ;
#3141 = CARTESIAN_POINT ( 'NONE',  ( -8.761530310604369376, 20.03743105459493989, -11.49999999999999822 ) ) ;
#3142 = CARTESIAN_POINT ( 'NONE',  ( -10.80139871359291703, 20.67815149495830696, -11.49000000000000199 ) ) ;
#3143 = CARTESIAN_POINT ( 'NONE',  ( -5.821774319875794745, 19.65338785184603410, -11.49000000000000021 ) ) ;
#3144 = CARTESIAN_POINT ( 'NONE',  ( -10.11914062500000178, 17.92463715492169740, -11.50000000000000000 ) ) ;
#3145 = CARTESIAN_POINT ( 'NONE',  ( -2.633097718684025423, 20.46786766357231357, -11.48999999999999844 ) ) ;
#3146 = CARTESIAN_POINT ( 'NONE',  ( -4.406919823344578546, 19.15430414204464071, -11.48999999999999844 ) ) ;
#3147 = EDGE_CURVE ( 'NONE', #202, #6372, #669, .T. ) ;
#3148 = DIRECTION ( 'NONE',  ( 0.000000000000000000, 0.000000000000000000, 1.000000000000000000 ) ) ;
#3149 = CARTESIAN_POINT ( 'NONE',  ( 1.424999999999998490, 21.60549652992169456, -11.49000000000000021 ) ) ;
#3150 = CARTESIAN_POINT ( 'NONE',  ( -8.847656270353066787, 18.43810637319459289, -11.49000000000000021 ) ) ;
#3151 = CARTESIAN_POINT ( 'NONE',  ( 13.26796875000000853, 18.76487152992169527, -11.49000000000000021 ) ) ;
#3152 = CARTESIAN_POINT ( 'NONE',  ( -2.782031250000002842, 16.88049652992170380, -11.50000000000000000 ) ) ;
#3153 = EDGE_LOOP ( 'NONE', ( #508, #2660, #3374, #851, #336, #1761, #456, #532, #995, #5278, #17, #6363, #2384, #1317, #3498, #4051, #5403, #4290, #5174 ) ) ;
#3154 = CARTESIAN_POINT ( 'NONE',  ( -9.720644700415551398, 22.23106922483202297, -11.50000000000000355 ) ) ;
#3155 = CARTESIAN_POINT ( 'NONE',  ( 8.281640625000004974, 18.74963715492169314, -11.48999999999999844 ) ) ;
#3156 = EDGE_CURVE ( 'NONE', #1490, #2051, #5791, .T. ) ;
#3157 = VERTEX_POINT ( 'NONE', #703 ) ;
#3158 = CARTESIAN_POINT ( 'NONE',  ( 1.041796874999998401, 16.27463715492169527, -11.49000000000000021 ) ) ;
#3159 = FACE_OUTER_BOUND ( 'NONE', #5315, .T. ) ;
#3160 = FILL_AREA_STYLE ('',( #5669 ) ) ;
#3161 = B_SPLINE_CURVE_WITH_KNOTS ( 'NONE', 3,
 ( #3254, #4274, #1782, #5366, #6375, #4299, #4859, #361, #3381, #3343, #2849 ),
 .UNSPECIFIED., .F., .F.,
 ( 4, 1, 1, 1, 1, 1, 1, 1, 4 ),
 ( 0.000000000000000000, 0.1173861104294437185, 0.2286531511958491969, 0.3368062171337758981, 0.4487306857831358520, 0.5682625833702993345, 0.6962263838169623353, 0.8390038949308474825, 1.000000000000000000 ),
 .UNSPECIFIED. ) ;
#3162 = CARTESIAN_POINT ( 'NONE',  ( -3.679672114487329448, 20.47343259085483425, -11.49999999999999467 ) ) ;
#3163 = CARTESIAN_POINT ( 'NONE',  ( -4.792904287981903266, 18.34292643881025953, -11.49999999999999645 ) ) ;
#3164 = CARTESIAN_POINT ( 'NONE',  ( 11.77135406268894791, 18.17256919507022772, -11.50000000000000178 ) ) ;
#3165 = CARTESIAN_POINT ( 'NONE',  ( 9.260563115154543112, 20.78339848601834561, -11.49000000000000199 ) ) ;
#3166 = LINE ( 'NONE', #3670, #268 ) ;
#3167 = CARTESIAN_POINT ( 'NONE',  ( -5.456078660943576075, 19.40649610166772021, -11.49000000000000199 ) ) ;
#3168 = EDGE_LOOP ( 'NONE', ( #3947, #6450, #4988, #5827 ) ) ;
#3169 = CARTESIAN_POINT ( 'NONE',  ( -9.687355587429498982, 18.75614753085467612, -11.49000000000000021 ) ) ;
#3170 = CARTESIAN_POINT ( 'NONE',  ( -4.671093750000002487, 19.12463715492169669, -11.49000000000000021 ) ) ;
#3171 = CARTESIAN_POINT ( 'NONE',  ( 10.87500000000000711, 18.37112152992169456, -11.49000000000000021 ) ) ;
#3172 = CARTESIAN_POINT ( 'NONE',  ( 10.90951292977458387, 18.57456085419350345, -11.49000000000000199 ) ) ;
#3173 = CARTESIAN_POINT ( 'NONE',  ( 12.47480317757794310, 22.25879699077334095, -11.49999999999999822 ) ) ;
#3174 = CARTESIAN_POINT ( 'NONE',  ( -3.804723423627094370, 19.65863967383754130, -11.49000000000000199 ) ) ;
#3175 = CARTESIAN_POINT ( 'NONE',  ( -4.283626720598410209, 19.19721421368677028, -11.49000000000000021 ) ) ;
#3176 = AXIS2_PLACEMENT_3D ( 'NONE', #1905, #4422, #3902 ) ;
#3177 = CARTESIAN_POINT ( 'NONE',  ( 7.039329877785744038, 21.93007160977902359, -11.48999999999999844 ) ) ;
#3178 = CARTESIAN_POINT ( 'NONE',  ( 16.50000000000000000, 1.500000000000000000, -6.999999999999997335 ) ) ;
#3179 = VECTOR ( 'NONE', #4747, 1000.000000000000000 ) ;
#3180 = ADVANCED_FACE ( 'NONE', ( #1753 ), #274, .T. ) ;
#3181 = CARTESIAN_POINT ( 'NONE',  ( 0.000000000000000000, 1.500000000000000000, -11.50000000000000000 ) ) ;
#3182 = CARTESIAN_POINT ( 'NONE',  ( -11.16285256909608314, 18.23766900667120083, -11.49999999999999645 ) ) ;
#3183 = AXIS2_PLACEMENT_3D ( 'NONE', #2645, #1573, #5678 ) ;
#3184 = ORIENTED_EDGE ( 'NONE', *, *, #5051, .T. ) ;
#3185 = CARTESIAN_POINT ( 'NONE',  ( -10.13554687500000107, 22.27463715492169527, -11.49999999999999645 ) ) ;
#3186 = CARTESIAN_POINT ( 'NONE',  ( -7.726889117418189734, 22.03351308590658064, -11.50000000000000533 ) ) ;
#3187 = EDGE_LOOP ( 'NONE', ( #282, #5979, #1869, #5881 ) ) ;
#3188 = DIRECTION ( 'NONE',  ( -0.000000000000000000, -0.000000000000000000, -1.000000000000000000 ) ) ;
#3189 = ADVANCED_FACE ( 'NONE', ( #4927 ), #2851, .T. ) ;
#3190 = VECTOR ( 'NONE', #4010, 1000.000000000000227 ) ;
#3191 = PLANE ( 'NONE',  #5094 ) ;
#3192 = DIRECTION ( 'NONE',  ( 0.000000000000000000, 0.000000000000000000, 1.000000000000000000 ) ) ;
#3193 = EDGE_CURVE ( 'NONE', #3481, #2281, #5048, .T. ) ;
#3194 = CARTESIAN_POINT ( 'NONE',  ( -3.703618124291975899, 20.63603093724919546, -11.49000000000000199 ) ) ;
#3195 = VECTOR ( 'NONE', #5789, 1000.000000000000000 ) ;
#3196 = CARTESIAN_POINT ( 'NONE',  ( -17.16747954130760334, 16.62483156619427049, -11.49999999999999645 ) ) ;
#3197 = CARTESIAN_POINT ( 'NONE',  ( 16.80365708340396580, 17.95435594431774007, -11.50000000000000355 ) ) ;
#3198 = CARTESIAN_POINT ( 'NONE',  ( 9.165986369104755838, 18.07785120699706738, -11.49000000000000377 ) ) ;
#3199 = CARTESIAN_POINT ( 'NONE',  ( -6.053329962992404667, 21.88684310271047195, -11.49999999999999822 ) ) ;
#3200 = LINE ( 'NONE', #1757, #468 ) ;
#3201 = ORIENTED_EDGE ( 'NONE', *, *, #5492, .F. ) ;
#3202 = VECTOR ( 'NONE', #4123, 1000.000000000000000 ) ;
#3203 = EDGE_CURVE ( 'NONE', #2128, #5062, #1352, .T. ) ;
#3204 = ADVANCED_FACE ( 'NONE', ( #2463 ), #1388, .T. ) ;
#3205 = CARTESIAN_POINT ( 'NONE',  ( -8.759765625000000000, 20.10549652992169811, -11.49000000000000021 ) ) ;
#3206 = PLANE ( 'NONE',  #3183 ) ;
#3207 = CARTESIAN_POINT ( 'NONE',  ( -5.456078660943576075, 19.40649610166772021, -11.49000000000000199 ) ) ;
#3208 = CARTESIAN_POINT ( 'NONE',  ( -6.183109231620428581, 20.40073318597302432, -11.48999999999999666 ) ) ;
#3209 = DIRECTION ( 'NONE',  ( -0.000000000000000000, -0.000000000000000000, -1.000000000000000000 ) ) ;
#3210 = CARTESIAN_POINT ( 'NONE',  ( -4.283626720598410209, 19.19721421368677028, -11.49999999999999645 ) ) ;
#3211 = CARTESIAN_POINT ( 'NONE',  ( -21.50000000000000000, 1.500000000000000000, 2.449293598294703949E-16 ) ) ;
#3212 = CARTESIAN_POINT ( 'NONE',  ( 9.334592541953572464, 19.66435456421250549, -11.49999999999999289 ) ) ;
#3213 = CARTESIAN_POINT ( 'NONE',  ( 5.024766766085866365, 22.08491429600184119, -11.49000000000000021 ) ) ;
#3214 = CARTESIAN_POINT ( 'NONE',  ( 8.744564583403981572, 17.96146060564673519, -11.49000000000000377 ) ) ;
#3215 = CARTESIAN_POINT ( 'NONE',  ( -8.750189832162305947, 18.54395769554942675, -11.48999999999999844 ) ) ;
#3216 = CARTESIAN_POINT ( 'NONE',  ( -8.914543514105981004, 21.78100815989244055, -11.49999999999999289 ) ) ;
#3217 = FACE_OUTER_BOUND ( 'NONE', #3644, .T. ) ;
#3218 = B_SPLINE_CURVE_WITH_KNOTS ( 'NONE', 3,
 ( #1459, #1986, #1588, #1488, #3595, #1527, #1033, #4083, #3457, #1099, #3095, #2087, #6091, #2431, #2019, #5987, #4568, #5465, #3491 ),
 .UNSPECIFIED., .F., .F.,
 ( 4, 1, 1, 1, 1, 1, 1, 1, 1, 1, 1, 1, 1, 1, 1, 1, 4 ),
 ( 0.000000000000000000, 0.06231500613214851353, 0.1221551757590843973, 0.1796384049667974214, 0.2353270640375059175, 0.2915502338259617354, 0.3471584341915622818, 0.4035724071408621771, 0.4620288194082597943, 0.5215207988966392705, 0.5821813866464210507, 0.6445911641402100045, 0.7087638528212126809, 0.7765520950177906556, 0.8470014315164573482, 0.9215610759663600549, 1.000000000000000000 ),
 .UNSPECIFIED. ) ;
#3219 = CARTESIAN_POINT ( 'NONE',  ( -5.918250822968984082, 20.49451488222358009, -11.49000000000000021 ) ) ;
#3220 = ORIENTED_EDGE ( 'NONE', *, *, #1760, .T. ) ;
#3221 = PLANE ( 'NONE',  #5916 ) ;
#3222 = CARTESIAN_POINT ( 'NONE',  ( 5.144895762723087351, 16.65668133566483888, -11.50000000000000000 ) ) ;
#3223 = CARTESIAN_POINT ( 'NONE',  ( -10.09854868386118376, 21.41415197799453196, -11.49000000000000199 ) ) ;
#3224 = ORIENTED_EDGE ( 'NONE', *, *, #1078, .T. ) ;
#3225 = CARTESIAN_POINT ( 'NONE',  ( 19.50000000000000000, 30.50000000000000355, 3.061616997868376239E-16 ) ) ;
#3226 = CARTESIAN_POINT ( 'NONE',  ( -6.482812500000002309, 18.96994965492169527, -11.49000000000000021 ) ) ;
#3227 = EDGE_CURVE ( 'NONE', #3261, #1268, #2365, .T. ) ;
#3228 = FACE_OUTER_BOUND ( 'NONE', #3028, .T. ) ;
#3229 = EDGE_CURVE ( 'NONE', #4163, #1189, #1057, .T. ) ;
#3230 = CARTESIAN_POINT ( 'NONE',  ( -4.702734375000002132, 22.27463715492169527, -11.49000000000000021 ) ) ;
#3231 = DIRECTION ( 'NONE',  ( -1.000000000000000000, 0.000000000000000000, 0.000000000000000000 ) ) ;
#3232 = CARTESIAN_POINT ( 'NONE',  ( 17.10000000000000853, 18.37112152992169456, -11.50000000000000000 ) ) ;
#3233 = DIRECTION ( 'NONE',  ( 0.000000000000000000, 0.000000000000000000, 1.000000000000000000 ) ) ;
#3234 = CARTESIAN_POINT ( 'NONE',  ( -3.353906250000002753, 17.32463715492169598, -11.50000000000000000 ) ) ;
#3235 = ORIENTED_EDGE ( 'NONE', *, *, #2716, .F. ) ;
#3236 = CARTESIAN_POINT ( 'NONE',  ( 10.19944725417219011, 19.02486686079673461, -11.50000000000000000 ) ) ;
#3237 = DIRECTION ( 'NONE',  ( 0.000000000000000000, -1.000000000000000000, 0.000000000000000000 ) ) ;
#3238 = CARTESIAN_POINT ( 'NONE',  ( -8.491007065006353827, 16.36977716927213677, -11.50000000000000533 ) ) ;
#3239 = CARTESIAN_POINT ( 'NONE',  ( 9.375000000000005329, 20.10198090492169598, -11.49999999999999822 ) ) ;
#3240 = ADVANCED_FACE ( 'NONE', ( #4565 ), #4780, .T. ) ;
#3241 = LINE ( 'NONE', #4383, #3936 ) ;
#3242 = CARTESIAN_POINT ( 'NONE',  ( 6.593477191016892114, 21.51841372079043424, -11.48999999999999666 ) ) ;
#3243 = FACE_OUTER_BOUND ( 'NONE', #3124, .T. ) ;
#3244 = CARTESIAN_POINT ( 'NONE',  ( 5.174999999999998934, 16.94729340492169456, -11.50000000000000000 ) ) ;
#3245 = CARTESIAN_POINT ( 'NONE',  ( 9.850343569107494091, 18.52526486018286889, -11.48999999999999844 ) ) ;
#3246 = PLANE ( 'NONE',  #2673 ) ;
#3247 = CARTESIAN_POINT ( 'NONE',  ( 10.34591587078296726, 20.77666316169456096, -11.49000000000000377 ) ) ;
#3248 = FACE_OUTER_BOUND ( 'NONE', #4773, .T. ) ;
#3249 = CARTESIAN_POINT ( 'NONE',  ( -8.696266277936985034, 16.80991345794307179, -11.48999999999999666 ) ) ;
#3250 = CARTESIAN_POINT ( 'NONE',  ( -10.46968631994979937, 21.21258500222463894, -11.49999999999999645 ) ) ;
#3251 = ORIENTED_EDGE ( 'NONE', *, *, #2337, .F. ) ;
#3252 = CYLINDRICAL_SURFACE ( 'NONE', #5717, 0.5000000000000004441 ) ;
#3253 = DIRECTION ( 'NONE',  ( 0.9853660729310436128, 0.1704514661610548043, -0.000000000000000000 ) ) ;
#3254 = CARTESIAN_POINT ( 'NONE',  ( 0.8999999999999984679, 22.27463715492169172, -11.49000000000000021 ) ) ;
#3255 = CARTESIAN_POINT ( 'NONE',  ( -6.478115190613704222, 21.42376273697907507, -11.49000000000000021 ) ) ;
#3256 = CARTESIAN_POINT ( 'NONE',  ( -2.681671772194853087, 20.73970417360485641, -11.50000000000000355 ) ) ;
#3257 = CARTESIAN_POINT ( 'NONE',  ( -18.00000000000000000, 29.00000000000000000, -9.500000000000000000 ) ) ;
#3258 = CARTESIAN_POINT ( 'NONE',  ( 11.88164062500000639, 21.43205902992169243, -11.50000000000000000 ) ) ;
#3259 = CARTESIAN_POINT ( 'NONE',  ( 16.97695312500000497, 18.86916840492169456, -11.49000000000000021 ) ) ;
#3260 = CARTESIAN_POINT ( 'NONE',  ( -5.702700750568034493, 19.58689347224009936, -11.49000000000000021 ) ) ;
#3261 = VERTEX_POINT ( 'NONE', #1558 ) ;
#3262 = VERTEX_POINT ( 'NONE', #1031 ) ;
#3263 = EDGE_LOOP ( 'NONE', ( #644, #3617, #5070, #1885 ) ) ;
#3264 = CARTESIAN_POINT ( 'NONE',  ( 8.123606376949554786, 21.44385512719211917, -11.49000000000000554 ) ) ;
#3265 = CARTESIAN_POINT ( 'NONE',  ( -3.120681532251910806, 16.44856275220585218, -11.49999999999999645 ) ) ;
#3266 = CARTESIAN_POINT ( 'NONE',  ( -7.653529185121802136, 16.75426107756801741, -11.50000000000000355 ) ) ;
#3267 = CARTESIAN_POINT ( 'NONE',  ( -6.209765625000002842, 20.39963715492169882, -11.49000000000000021 ) ) ;
#3268 = ADVANCED_FACE ( 'NONE', ( #3059 ), #1439, .T. ) ;
#3269 = CARTESIAN_POINT ( 'NONE',  ( -15.22156349264506048, 22.10002253582336706, -11.50000000000000000 ) ) ;
#3270 = CARTESIAN_POINT ( 'NONE',  ( 0.8999999999999984679, 22.27463715492169172, -11.49999999999999822 ) ) ;
#3271 = CARTESIAN_POINT ( 'NONE',  ( 6.593477191016892114, 21.51841372079043424, -11.49999999999999645 ) ) ;
#3272 = ADVANCED_FACE ( 'NONE', ( #3248 ), #3221, .T. ) ;
#3273 = CARTESIAN_POINT ( 'NONE',  ( 16.38026925728906491, 17.97069641648073102, -11.50000000000000000 ) ) ;
#3274 = CARTESIAN_POINT ( 'NONE',  ( 7.704285760216722956, 21.28986466351141971, -11.48999999999999666 ) ) ;
#3275 = CARTESIAN_POINT ( 'NONE',  ( 10.39044536315832801, 19.64150640895621081, -11.48999999999999844 ) ) ;
#3276 = CARTESIAN_POINT ( 'NONE',  ( 13.68154744953442581, 17.98608703667548170, -11.50000000000000178 ) ) ;
#3277 = CARTESIAN_POINT ( 'NONE',  ( -16.65703125000000284, 16.42463715492170451, -11.49000000000000021 ) ) ;
#3278 = CARTESIAN_POINT ( 'NONE',  ( 8.361430355434400497, 22.27304296483828239, -11.49000000000000199 ) ) ;
#3279 = CARTESIAN_POINT ( 'NONE',  ( -9.720644700415551398, 22.23106922483202297, -11.49000000000000199 ) ) ;
#3280 = ORIENTED_EDGE ( 'NONE', *, *, #6191, .F. ) ;
#3281 = CARTESIAN_POINT ( 'NONE',  ( 0.5980651125045849392, 16.44559613370829254, -11.49999999999999645 ) ) ;
#3282 = CARTESIAN_POINT ( 'NONE',  ( -14.84907484121891841, 22.27286588525983291, -11.49000000000000021 ) ) ;
#3283 = CARTESIAN_POINT ( 'NONE',  ( 8.828560469697620761, 18.88723824422438469, -11.49999999999999822 ) ) ;
#3284 = CARTESIAN_POINT ( 'NONE',  ( -5.194860254647943876, 22.24032132766018321, -11.49000000000000377 ) ) ;
#3285 = ORIENTED_EDGE ( 'NONE', *, *, #2047, .T. ) ;
#3286 = CARTESIAN_POINT ( 'NONE',  ( -4.397051897998232484, 22.25896382419193031, -11.50000000000000178 ) ) ;
#3287 = CARTESIAN_POINT ( 'NONE',  ( 6.155081164983557507, 19.86447927178693362, -11.49000000000000199 ) ) ;
#3288 = AXIS2_PLACEMENT_3D ( 'NONE', #1609, #129, #6081 ) ;
#3289 = DIRECTION ( 'NONE',  ( 0.000000000000000000, -1.000000000000000000, 0.000000000000000000 ) ) ;
#3290 = CARTESIAN_POINT ( 'NONE',  ( -3.226064472545547179, 17.31994336180761707, -11.50000000000000178 ) ) ;
#3291 = ORIENTED_EDGE ( 'NONE', *, *, #5279, .T. ) ;
#3292 = ORIENTED_EDGE ( 'NONE', *, *, #1824, .F. ) ;
#3293 = VECTOR ( 'NONE', #4970, 1000.000000000000000 ) ;
#3294 = VERTEX_POINT ( 'NONE', #3722 ) ;
#3295 = CARTESIAN_POINT ( 'NONE',  ( 8.961834834935039851, 18.00779237120190146, -11.49999999999999467 ) ) ;
#3296 = CARTESIAN_POINT ( 'NONE',  ( -12.44819391573342848, 16.62959533379190802, -11.49000000000000021 ) ) ;
#3297 = STYLED_ITEM ( 'NONE', ( #6221 ), #5521 ) ;
#3298 = CARTESIAN_POINT ( 'NONE',  ( -15.37364064140721709, 21.62245995233733709, -11.50000000000000178 ) ) ;
#3299 = CARTESIAN_POINT ( 'NONE',  ( 0.000000000000000000, 0.000000000000000000, -6.999999999999997335 ) ) ;
#3300 = ADVANCED_FACE ( 'NONE', ( #789 ), #432, .T. ) ;
#3301 = CARTESIAN_POINT ( 'NONE',  ( 9.334592541953572464, 19.66435456421250549, -11.49000000000000377 ) ) ;
#3302 = FACE_OUTER_BOUND ( 'NONE', #3462, .T. ) ;
#3303 = CARTESIAN_POINT ( 'NONE',  ( -10.04403176780018647, 17.92661615301059541, -11.49000000000000199 ) ) ;
#3304 = CARTESIAN_POINT ( 'NONE',  ( -4.671093750000002487, 19.12463715492169669, -11.50000000000000000 ) ) ;
#3305 = CARTESIAN_POINT ( 'NONE',  ( -7.792796390701621334, 22.12147944308383529, -11.49000000000000199 ) ) ;
#3306 = CARTESIAN_POINT ( 'NONE',  ( 7.403347453607731055, 19.23344171890393639, -11.50000000000000178 ) ) ;
#3307 = B_SPLINE_CURVE_WITH_KNOTS ( 'NONE', 3,
 ( #4244, #702, #1288, #4765, #4700, #666, #1714, #5305, #3729, #4671, #5243, #2730, #3283, #177, #2180, #5734, #734, #4734, #2243 ),
 .UNSPECIFIED., .F., .F.,
 ( 4, 1, 1, 1, 1, 1, 1, 1, 1, 1, 1, 1, 1, 1, 1, 1, 4 ),
 ( 0.000000000000000000, 0.07941354197557445871, 0.1543595797691227067, 0.2252009064304177632, 0.2928003317221138380, 0.3579198682681202226, 0.4201558099957216075, 0.4806474341604318190, 0.5399737050971760155, 0.5978287472821186554, 0.6540855851380864561, 0.7095388948037830712, 0.7653284143526501992, 0.8208619586143293123, 0.8781850744296615385, 0.9378585656585383123, 1.000000000000000000 ),
 .UNSPECIFIED. ) ;
#3308 = CARTESIAN_POINT ( 'NONE',  ( -10.68922144575741129, 22.18665134119668281, -11.49000000000000554 ) ) ;
#3309 = CARTESIAN_POINT ( 'NONE',  ( 16.96027952303399644, 18.05450154737683022, -11.49999999999999645 ) ) ;
#3310 = CARTESIAN_POINT ( 'NONE',  ( 10.19679172776003639, 21.17755433662111031, -11.49999999999999289 ) ) ;
#3311 = CARTESIAN_POINT ( 'NONE',  ( 17.09788475551917841, 18.40205667033525572, -11.49999999999999822 ) ) ;
#3312 = ORIENTED_EDGE ( 'NONE', *, *, #5035, .T. ) ;
#3313 = CARTESIAN_POINT ( 'NONE',  ( 11.98986131379897557, 21.73622748731846244, -11.49000000000000199 ) ) ;
#3314 = CARTESIAN_POINT ( 'NONE',  ( 14.59921875000000746, 21.38518402992169598, -11.50000000000000000 ) ) ;
#3315 = CARTESIAN_POINT ( 'NONE',  ( -8.573120597873069570, 22.09139328359554710, -11.49000000000000021 ) ) ;
#3316 = CARTESIAN_POINT ( 'NONE',  ( -17.09894461744589833, 16.55218838277978222, -11.49000000000000554 ) ) ;
#3317 = CARTESIAN_POINT ( 'NONE',  ( 16.07295420159014654, 18.55469024525502419, -11.49000000000000021 ) ) ;
#3318 = CARTESIAN_POINT ( 'NONE',  ( 14.62076624419650628, 18.48737583305426568, -11.49999999999999289 ) ) ;
#3319 = CARTESIAN_POINT ( 'NONE',  ( -11.80292114192588571, 20.93425989543029075, -11.49000000000000021 ) ) ;
#3320 = B_SPLINE_CURVE_WITH_KNOTS ( 'NONE', 3,
 ( #3111, #1633, #3645, #1148, #2254, #6262, #711, #1271, #4776, #6199, #2188, #5318, #3264, #1333, #283 ),
 .UNSPECIFIED., .F., .F.,
 ( 4, 1, 1, 1, 1, 1, 1, 1, 1, 1, 1, 1, 4 ),
 ( 0.000000000000000000, 0.1017968855444627563, 0.1977226263417040941, 0.2886650576079810571, 0.3756647132275162670, 0.4585626201989979056, 0.5373544109252841317, 0.6135878343033421833, 0.6885950825949366250, 0.7637687432108938301, 0.8393532378666632709, 0.9173712392353267076, 0.9999999999999998890 ),
 .UNSPECIFIED. ) ;
#3321 = CARTESIAN_POINT ( 'NONE',  ( 19.50000000000000000, 7.364218330839949367, -9.500000000000000000 ) ) ;
#3322 = VERTEX_POINT ( 'NONE', #660 ) ;
#3323 = EDGE_LOOP ( 'NONE', ( #4059, #6377, #465, #5488 ) ) ;
#3324 = ORIENTED_EDGE ( 'NONE', *, *, #83, .F. ) ;
#3325 = LINE ( 'NONE', #4283, #51 ) ;
#3326 = CARTESIAN_POINT ( 'NONE',  ( -2.782031250000002398, 16.88049652992170024, -11.50000000000000000 ) ) ;
#3327 = CARTESIAN_POINT ( 'NONE',  ( -9.781893155354641323, 18.75182330661102981, -11.50000000000000355 ) ) ;
#3328 = EDGE_CURVE ( 'NONE', #1856, #2831, #4727, .T. ) ;
#3329 = CARTESIAN_POINT ( 'NONE',  ( -8.666702408368202271, 21.92204201697953891, -11.49999999999999822 ) ) ;
#3330 = CARTESIAN_POINT ( 'NONE',  ( -12.36955917167179386, 16.94947326950667232, -11.49000000000000199 ) ) ;
#3331 = DIRECTION ( 'NONE',  ( 0.2815080135998133670, 0.9595588769216234493, 0.000000000000000000 ) ) ;
#3332 = CARTESIAN_POINT ( 'NONE',  ( 8.281640625000004974, 21.44963715492169243, -11.49000000000000021 ) ) ;
#3333 = DIRECTION ( 'NONE',  ( 1.000000000000000000, 0.000000000000000000, 0.000000000000000000 ) ) ;
#3334 = ORIENTED_EDGE ( 'NONE', *, *, #2046, .T. ) ;
#3335 = CARTESIAN_POINT ( 'NONE',  ( 13.98164062500000604, 17.92463715492169385, -11.49000000000000021 ) ) ;
#3336 = CARTESIAN_POINT ( 'NONE',  ( -11.16922237094038550, 21.91558770993632521, -11.49000000000000554 ) ) ;
#3337 = CARTESIAN_POINT ( 'NONE',  ( -10.04403176780018647, 17.92661615301059541, -11.50000000000000178 ) ) ;
#3338 = CARTESIAN_POINT ( 'NONE',  ( 8.361430355434400497, 22.27304296483828239, -11.49999999999999112 ) ) ;
#3339 = CARTESIAN_POINT ( 'NONE',  ( 16.97695312500000497, 18.86916840492169456, -11.50000000000000000 ) ) ;
#3340 = ORIENTED_EDGE ( 'NONE', *, *, #836, .F. ) ;
#3341 = DIRECTION ( 'NONE',  ( 0.000000000000000000, -1.000000000000000000, 0.000000000000000000 ) ) ;
#3342 = CARTESIAN_POINT ( 'NONE',  ( -15.29173676146719529, 21.99883603846322089, -11.49999999999999822 ) ) ;
#3343 = CARTESIAN_POINT ( 'NONE',  ( 0.3766482262497243272, 21.65368087746210790, -11.49000000000000377 ) ) ;
#3344 = EDGE_CURVE ( 'NONE', #2106, #6080, #3086, .T. ) ;
#3345 = CARTESIAN_POINT ( 'NONE',  ( -6.652791355525552675, 20.96537313272962066, -11.49000000000000199 ) ) ;
#3346 = ORIENTED_EDGE ( 'NONE', *, *, #3147, .T. ) ;
#3347 = DIRECTION ( 'NONE',  ( -0.000000000000000000, -0.000000000000000000, 1.000000000000000000 ) ) ;
#3348 = CARTESIAN_POINT ( 'NONE',  ( 14.58598173495601458, 18.38111828290586658, -11.50000000000000355 ) ) ;
#3349 = CARTESIAN_POINT ( 'NONE',  ( 11.98986131379897557, 21.73622748731846244, -11.50000000000000178 ) ) ;
#3350 = ORIENTED_EDGE ( 'NONE', *, *, #817, .T. ) ;
#3351 = CARTESIAN_POINT ( 'NONE',  ( 1.813867302183741037, 16.92983818289959785, -11.48999999999999666 ) ) ;
#3352 = DIRECTION ( 'NONE',  ( -0.9852117548196746011, -0.1713411747512474104, 0.000000000000000000 ) ) ;
#3353 = ORIENTED_EDGE ( 'NONE', *, *, #2241, .F. ) ;
#3354 = ORIENTED_EDGE ( 'NONE', *, *, #463, .T. ) ;
#3355 = ORIENTED_EDGE ( 'NONE', *, *, #2424, .F. ) ;
#3356 = EDGE_CURVE ( 'NONE', #5770, #1396, #2762, .T. ) ;
#3357 = CARTESIAN_POINT ( 'NONE',  ( -8.670922502320562941, 16.66903033635641052, -11.49000000000000554 ) ) ;
#3358 = CARTESIAN_POINT ( 'NONE',  ( -16.70247708824011923, 16.42598660450296322, -11.50000000000000000 ) ) ;
#3359 = CARTESIAN_POINT ( 'NONE',  ( -3.947038845884647706, 21.18124755587875541, -11.50000000000000178 ) ) ;
#3360 = B_SPLINE_SURFACE_WITH_KNOTS ( 'NONE', 3, 1, ( 
 ( #4546, #5677 ),
 ( #122, #3141 ),
 ( #5651, #3074 ),
 ( #646, #3544 ),
 ( #5557, #5091 ),
 ( #582, #4680 ),
 ( #5158, #2582 ),
 ( #2643, #4580 ),
 ( #2129, #3673 ),
 ( #187, #678 ),
 ( #5618, #92 ),
 ( #1175, #156 ),
 ( #3169, #3045 ),
 ( #6143, #5053 ),
 ( #616, #4128 ) ),
 .UNSPECIFIED., .F., .F., .F.,
 ( 4, 1, 1, 1, 1, 1, 1, 1, 1, 1, 1, 1, 4 ),
 ( 2, 2 ),
 ( 0.000000000000000000, 0.1057079850201533416, 0.2050078196553994370, 0.2983267313770148199, 0.3876942541192894831, 0.4721634666563495619, 0.5525212822636171861, 0.6297830641903255922, 0.7058970329357018292, 0.7803451687323850194, 0.8531525933047117149, 0.9257599309998151282, 0.9999999999999998890 ),
 ( 0.000000000000000000, 1.000000000000000000 ),
 .UNSPECIFIED. ) ;
#3361 = CARTESIAN_POINT ( 'NONE',  ( -8.211587753554631774, 22.27321260434695915, -11.49000000000000199 ) ) ;
#3362 = CARTESIAN_POINT ( 'NONE',  ( -14.28327111833988994, 21.87580489291487496, -11.49999999999999112 ) ) ;
#3363 = CARTESIAN_POINT ( 'NONE',  ( 6.592874234935999667, 18.66761064298979278, -11.49999999999999822 ) ) ;
#3364 = ADVANCED_FACE ( 'NONE', ( #1190 ), #3890, .T. ) ;
#3365 = CARTESIAN_POINT ( 'NONE',  ( 4.503277247671515049, 22.27255154790667291, -11.49999999999999467 ) ) ;
#3366 = CARTESIAN_POINT ( 'NONE',  ( 7.327171947297077104, 20.81565776920071542, -11.49000000000000199 ) ) ;
#3367 = VERTEX_POINT ( 'NONE', #2368 ) ;
#3368 = CARTESIAN_POINT ( 'NONE',  ( -5.152737660890937654, 21.41766468056890105, -11.50000000000000178 ) ) ;
#3369 = PRODUCT_CONTEXT ( 'NONE', #4154, 'mechanical' ) ;
#3370 = CARTESIAN_POINT ( 'NONE',  ( -7.726889117418189734, 22.03351308590658064, -11.49000000000000377 ) ) ;
#3371 = CARTESIAN_POINT ( 'NONE',  ( 0.8999999999999984679, 22.27463715492169172, -11.49000000000000021 ) ) ;
#3372 = LINE ( 'NONE', #4789, #6459 ) ;
#3373 = CARTESIAN_POINT ( 'NONE',  ( 17.06793357018974788, 18.20042368537402666, -11.50000000000000178 ) ) ;
#3374 = ORIENTED_EDGE ( 'NONE', *, *, #5411, .T. ) ;
#3375 = CARTESIAN_POINT ( 'NONE',  ( 10.09754831568043976, 21.35948247765526276, -11.49999999999998579 ) ) ;
#3376 = EDGE_CURVE ( 'NONE', #3626, #1648, #6451, .T. ) ;
#3377 = CARTESIAN_POINT ( 'NONE',  ( -2.633097718684025423, 20.46786766357231357, -11.48999999999999844 ) ) ;
#3378 = EDGE_LOOP ( 'NONE', ( #3826, #327, #2272, #3823 ) ) ;
#3379 = CARTESIAN_POINT ( 'NONE',  ( 12.33502657693186499, 22.20694513032061224, -11.49000000000000199 ) ) ;
#3380 = CARTESIAN_POINT ( 'NONE',  ( -15.22156349264506048, 22.10002253582336706, -11.49999999999999645 ) ) ;
#3381 = CARTESIAN_POINT ( 'NONE',  ( 0.3797581626544093703, 21.75123036543523369, -11.49000000000000199 ) ) ;
#3382 = ORIENTED_EDGE ( 'NONE', *, *, #267, .F. ) ;
#3383 = CARTESIAN_POINT ( 'NONE',  ( 14.28530504919118016, 17.98655517099496137, -11.49000000000000199 ) ) ;
#3384 = VERTEX_POINT ( 'NONE', #6382 ) ;
#3385 = CARTESIAN_POINT ( 'NONE',  ( 0.000000000000000000, 1.500000000000000000, 0.000000000000000000 ) ) ;
#3386 = CARTESIAN_POINT ( 'NONE',  ( 6.726424494576749957, 18.51797648812046049, -11.48999999999999666 ) ) ;
#3387 = CARTESIAN_POINT ( 'NONE',  ( 16.97695312500000497, 18.86916840492169456, -11.50000000000000000 ) ) ;
#3388 = EDGE_CURVE ( 'NONE', #1624, #3856, #5795, .T. ) ;
#3389 = ORIENTED_EDGE ( 'NONE', *, *, #3993, .T. ) ;
#3390 = CARTESIAN_POINT ( 'NONE',  ( -11.92022152941314594, 20.28377100838504177, -11.50000000000000000 ) ) ;
#3391 = B_SPLINE_CURVE_WITH_KNOTS ( 'NONE', 3,
 ( #1086, #1053, #4456, #4553, #3517, #4518, #6472, #5027, #524, #3050, #1513 ),
 .UNSPECIFIED., .F., .F.,
 ( 4, 1, 1, 1, 1, 1, 1, 1, 4 ),
 ( 0.000000000000000000, 0.1492571092527161802, 0.2811873988367548094, 0.3971424075277983357, 0.5024248458486634261, 0.6056597735655098180, 0.7188715579523693444, 0.8495578167366056865, 1.000000000000000000 ),
 .UNSPECIFIED. ) ;
#3392 = CARTESIAN_POINT ( 'NONE',  ( -11.91987864512959305, 19.81249118168217649, -11.48999999999999844 ) ) ;
#3393 = ORIENTED_EDGE ( 'NONE', *, *, #4459, .F. ) ;
#3394 = EDGE_CURVE ( 'NONE', #3898, #1040, #4801, .T. ) ;
#3395 = B_SPLINE_CURVE_WITH_KNOTS ( 'NONE', 3,
 ( #3396, #2339, #935, #2931, #6353, #2863, #1860, #3857, #2375, #5863, #6456 ),
 .UNSPECIFIED., .F., .F.,
 ( 4, 1, 1, 1, 1, 1, 1, 1, 4 ),
 ( 0.000000000000000000, 0.1284222277394270473, 0.2374523557361945814, 0.3333799433695724401, 0.4240755959095701688, 0.5283993121412761118, 0.6599041794341742317, 0.8165843275163557902, 1.000000000000000000 ),
 .UNSPECIFIED. ) ;
#3396 = CARTESIAN_POINT ( 'NONE',  ( 11.35429687500000639, 17.92463715492169385, -11.49000000000000021 ) ) ;
#3397 = VECTOR ( 'NONE', #6037, 1000.000000000000000 ) ;
#3398 = CARTESIAN_POINT ( 'NONE',  ( 13.45075588696130886, 18.21918040411877726, -11.50000000000000711 ) ) ;
#3399 = CARTESIAN_POINT ( 'NONE',  ( -11.91987864512959305, 19.81249118168217649, -11.49999999999999467 ) ) ;
#3400 = CARTESIAN_POINT ( 'NONE',  ( 8.281640625000004974, 18.74963715492169314, -11.48999999999999844 ) ) ;
#3401 = CARTESIAN_POINT ( 'NONE',  ( -6.489083197514048607, 19.00705854150007923, -11.49000000000000021 ) ) ;
#3402 = ADVANCED_FACE ( 'NONE', ( #2305 ), #131, .T. ) ;
#3403 = CARTESIAN_POINT ( 'NONE',  ( 7.200000000000005507, 20.10198090492169953, -11.50000000000000178 ) ) ;
#3404 = DIRECTION ( 'NONE',  ( -0.000000000000000000, -0.000000000000000000, -1.000000000000000000 ) ) ;
#3405 = AXIS2_PLACEMENT_3D ( 'NONE', #3535, #1990, #2503 ) ;
#3406 = CARTESIAN_POINT ( 'NONE',  ( 1.089766993834016429, 16.27667721724275296, -11.48999999999999844 ) ) ;
#3407 = CARTESIAN_POINT ( 'NONE',  ( 4.128034608203318356, 16.79521522319413407, -11.50000000000000000 ) ) ;
#3408 = EDGE_LOOP ( 'NONE', ( #534 ) ) ;
#3409 = CARTESIAN_POINT ( 'NONE',  ( -20.75000000000000000, 29.00000000000000000, -11.50000000000000000 ) ) ;
#3410 = CARTESIAN_POINT ( 'NONE',  ( -5.948997874438055611, 16.57053386110310456, -11.49000000000000021 ) ) ;
#3411 = CARTESIAN_POINT ( 'NONE',  ( 7.838484333614810673, 18.83516455200612327, -11.50000000000000533 ) ) ;
#3412 = CARTESIAN_POINT ( 'NONE',  ( -11.01987118588602321, 22.02469944381719813, -11.49000000000000021 ) ) ;
#3413 = CARTESIAN_POINT ( 'NONE',  ( 13.26796875000000853, 18.76487152992169527, -11.49000000000000021 ) ) ;
#3414 = CARTESIAN_POINT ( 'NONE',  ( -7.650000000000001243, 16.89221527992170024, -11.50000000000000000 ) ) ;
#3415 = DIRECTION ( 'NONE',  ( 0.2845177846736578475, -0.9586707621516336042, 0.000000000000000000 ) ) ;
#3416 = EDGE_CURVE ( 'NONE', #6381, #3057, #30, .T. ) ;
#3417 = CARTESIAN_POINT ( 'NONE',  ( 11.00625000000000675, 18.86916840492169456, -11.50000000000000000 ) ) ;
#3418 = CARTESIAN_POINT ( 'NONE',  ( 15.95378361361436959, 21.81154044396455660, -11.48999999999999666 ) ) ;
#3419 = CARTESIAN_POINT ( 'NONE',  ( 21.49999999999999645, 29.50000000000000355, 5.903719206355540199E-46 ) ) ;
#3420 = B_SPLINE_SURFACE_WITH_KNOTS ( 'NONE', 3, 1, ( 
 ( #5621, #2890 ),
 ( #3984, #467 ),
 ( #3914, #2433 ),
 ( #4931, #773 ),
 ( #6449, #2741 ),
 ( #5253, #5282 ),
 ( #4778, #1987 ) ),
 .UNSPECIFIED., .F., .F., .F.,
 ( 4, 1, 1, 1, 4 ),
 ( 2, 2 ),
 ( 0.000000000000000000, 0.2969832649119010792, 0.5615673812235444373, 0.7950117547950560359, 1.000000000000000000 ),
 ( 0.000000000000000000, 1.000000000000000000 ),
 .UNSPECIFIED. ) ;
#3421 = ORIENTED_EDGE ( 'NONE', *, *, #6413, .F. ) ;
#3422 = CARTESIAN_POINT ( 'NONE',  ( -11.64858845515074215, 21.31744465673153499, -11.50000000000000178 ) ) ;
#3423 = CARTESIAN_POINT ( 'NONE',  ( 6.592874234935999667, 18.66761064298979278, -11.48999999999999844 ) ) ;
#3424 = CARTESIAN_POINT ( 'NONE',  ( -7.651222901425229317, 16.84441263289347646, -11.50000000000000000 ) ) ;
#3425 = ORIENTED_EDGE ( 'NONE', *, *, #4806, .F. ) ;
#3426 = CARTESIAN_POINT ( 'NONE',  ( 13.26512525271082232, 21.76506473514104556, -11.49000000000000021 ) ) ;
#3427 = ADVANCED_FACE ( 'NONE', ( #5547 ), #3494, .F. ) ;
#3428 = CARTESIAN_POINT ( 'NONE',  ( -8.282642056855713975, 22.27044609263822394, -11.49000000000000199 ) ) ;
#3429 = ORIENTED_EDGE ( 'NONE', *, *, #1802, .T. ) ;
#3430 = EDGE_CURVE ( 'NONE', #903, #1916, #3556, .T. ) ;
#3431 = ORIENTED_EDGE ( 'NONE', *, *, #1239, .T. ) ;
#3432 = CARTESIAN_POINT ( 'NONE',  ( 0.3766482262497243272, 21.65368087746210790, -11.50000000000000355 ) ) ;
#3433 = CARTESIAN_POINT ( 'NONE',  ( -16.90869067316672414, 16.45330422135798543, -11.50000000000000000 ) ) ;
#3434 = DIRECTION ( 'NONE',  ( -0.000000000000000000, -0.000000000000000000, -1.000000000000000000 ) ) ;
#3435 = CARTESIAN_POINT ( 'NONE',  ( -10.37478201929747534, 18.91248840645119955, -11.48999999999999844 ) ) ;
#3436 = CARTESIAN_POINT ( 'NONE',  ( -6.482812500000002309, 18.96994965492169527, -11.49000000000000021 ) ) ;
#3437 = DIRECTION ( 'NONE',  ( 1.000000000000000000, 0.000000000000000000, -0.000000000000000000 ) ) ;
#3438 = LINE ( 'NONE', #941, #4451 ) ;
#3439 = CARTESIAN_POINT ( 'NONE',  ( 3.835206915666061978, 21.85397674549829361, -11.48999999999999844 ) ) ;
#3440 = CARTESIAN_POINT ( 'NONE',  ( 11.35429687500000639, 17.92463715492169385, -11.50000000000000000 ) ) ;
#3441 = EDGE_CURVE ( 'NONE', #5386, #5386, #3820, .T. ) ;
#3442 = CARTESIAN_POINT ( 'NONE',  ( 14.61194338230581558, 21.43054484736052245, -11.48999999999999666 ) ) ;
#3443 = ORIENTED_EDGE ( 'NONE', *, *, #5569, .T. ) ;
#3444 = CARTESIAN_POINT ( 'NONE',  ( -5.743106858781476198, 16.45687290324648089, -11.49000000000000021 ) ) ;
#3445 = CARTESIAN_POINT ( 'NONE',  ( -4.873297550146872048, 22.27345190035839551, -11.48999999999999844 ) ) ;
#3446 = CARTESIAN_POINT ( 'NONE',  ( -12.36796875000000462, 16.91448090492170664, -11.50000000000000000 ) ) ;
#3447 = CARTESIAN_POINT ( 'NONE',  ( 17.09800945796575178, 18.34205280245248204, -11.50000000000000000 ) ) ;
#3448 = CARTESIAN_POINT ( 'NONE',  ( 9.165875709068485477, 22.12369967496892897, -11.49999999999999289 ) ) ;
#3449 = LINE ( 'NONE', #459, #4549 ) ;
#3450 = CARTESIAN_POINT ( 'NONE',  ( -4.921167049130228399, 18.37843182007170384, -11.49999999999999822 ) ) ;
#3451 = CARTESIAN_POINT ( 'NONE',  ( 5.170835270656247040, 21.68289629332614510, -11.49000000000000377 ) ) ;
#3452 = B_SPLINE_CURVE_WITH_KNOTS ( 'NONE', 3,
 ( #2024, #1706, #4022, #5507, #3988, #201, #5992, #6033, #1533, #3536, #4502, #3182, #3688, #693, #2504, #5079, #5549, #1226, #5689 ),
 .UNSPECIFIED., .F., .F.,
 ( 4, 1, 1, 1, 1, 1, 1, 1, 1, 1, 1, 1, 1, 1, 1, 1, 4 ),
 ( 0.000000000000000000, 0.07778018943677504626, 0.1510232293576441454, 0.2209855666100206950, 0.2875679589982060858, 0.3514744232845146144, 0.4133606035699634029, 0.4737235811601125390, 0.5333242863676246337, 0.5917138000299403400, 0.6490525429293625415, 0.7052803139673977650, 0.7613368256334742679, 0.8184095501551007512, 0.8765961343516576187, 0.9370873198820827144, 1.000000000000000000 ),
 .UNSPECIFIED. ) ;
#3453 = EDGE_CURVE ( 'NONE', #2253, #1556, #1364, .T. ) ;
#3454 = CARTESIAN_POINT ( 'NONE',  ( -17.25000000000000711, 16.91448090492170664, -11.49000000000000199 ) ) ;
#3455 = ORIENTED_EDGE ( 'NONE', *, *, #5293, .T. ) ;
#3456 = CARTESIAN_POINT ( 'NONE',  ( 9.978607185618193043, 21.52507296801877246, -11.49000000000000021 ) ) ;
#3457 = CARTESIAN_POINT ( 'NONE',  ( 9.003503670946527038, 21.17586959175944017, -11.49999999999999645 ) ) ;
#3458 = CARTESIAN_POINT ( 'NONE',  ( -8.135349705920312147, 16.27615253028747944, -11.49999999999999822 ) ) ;
#3459 = ORIENTED_EDGE ( 'NONE', *, *, #1438, .F. ) ;
#3460 = LINE ( 'NONE', #5006, #3293 ) ;
#3461 = DIRECTION ( 'NONE',  ( 0.000000000000000000, 0.000000000000000000, -1.000000000000000000 ) ) ;
#3462 = EDGE_LOOP ( 'NONE', ( #4926, #77, #3443, #3027 ) ) ;
#3463 = CARTESIAN_POINT ( 'NONE',  ( -8.491007065006353827, 16.36977716927213677, -11.49000000000000554 ) ) ;
#3464 = CARTESIAN_POINT ( 'NONE',  ( -3.711868579981655980, 18.43935834200401302, -11.48999999999999666 ) ) ;
#3465 = B_SPLINE_CURVE_WITH_KNOTS ( 'NONE', 3,
 ( #229, #4261, #751, #5716, #688, #2229, #2684, #2196, #1769, #1220, #1736 ),
 .UNSPECIFIED., .F., .F.,
 ( 4, 1, 1, 1, 1, 1, 1, 1, 4 ),
 ( 0.000000000000000000, 0.1225096168832608828, 0.2436981574335232159, 0.3685486358588120903, 0.4976223207936145143, 0.6257956481632076517, 0.7515610651654260899, 0.8748715609818468186, 1.000000000000000000 ),
 .UNSPECIFIED. ) ;
#3466 = CARTESIAN_POINT ( 'NONE',  ( -14.25000000000000178, 21.56682465492170664, -11.49000000000000021 ) ) ;
#3467 = CARTESIAN_POINT ( 'NONE',  ( 9.375000000000005329, 20.10198090492169598, -11.49000000000000021 ) ) ;
#3468 = FACE_OUTER_BOUND ( 'NONE', #2852, .T. ) ;
#3469 = CARTESIAN_POINT ( 'NONE',  ( 12.33502657693186499, 22.20694513032061224, -11.49000000000000199 ) ) ;
#3470 = CARTESIAN_POINT ( 'NONE',  ( 15.37861852401159268, 22.27342130398659847, -11.50000000000000178 ) ) ;
#3471 = FACE_OUTER_BOUND ( 'NONE', #2887, .T. ) ;
#3472 = CARTESIAN_POINT ( 'NONE',  ( 4.128034608203318356, 16.79521522319413407, -11.49000000000000021 ) ) ;
#3473 = CARTESIAN_POINT ( 'NONE',  ( -3.226064472545547179, 17.31994336180761707, -11.49000000000000199 ) ) ;
#3474 = ORIENTED_EDGE ( 'NONE', *, *, #6168, .T. ) ;
#3475 = EDGE_CURVE ( 'NONE', #6287, #1988, #2603, .T. ) ;
#3476 = CARTESIAN_POINT ( 'NONE',  ( 4.261106747313721854, 16.44172364572177258, -11.50000000000000178 ) ) ;
#3477 = DIRECTION ( 'NONE',  ( 1.224646799147352714E-16, -0.000000000000000000, 1.000000000000000000 ) ) ;
#3478 = EDGE_CURVE ( 'NONE', #2495, #6481, #3460, .T. ) ;
#3479 = CARTESIAN_POINT ( 'NONE',  ( -6.151171875000002842, 17.05276215492169811, -11.49000000000000021 ) ) ;
#3480 = CARTESIAN_POINT ( 'NONE',  ( 7.820776278384351521, 22.23973599461782413, -11.49999999999999822 ) ) ;
#3481 = VERTEX_POINT ( 'NONE', #470 ) ;
#3482 = CARTESIAN_POINT ( 'NONE',  ( 8.745849262248480471, 22.23941612238746757, -11.50000000000000000 ) ) ;
#3483 = CARTESIAN_POINT ( 'NONE',  ( 7.201473119640739107, 20.16807827636460715, -11.50000000000000000 ) ) ;
#3484 = CARTESIAN_POINT ( 'NONE',  ( -4.422656250000001954, 18.29963715492169740, -11.50000000000000000 ) ) ;
#3485 = EDGE_CURVE ( 'NONE', #1353, #1825, #6073, .T. ) ;
#3486 = CARTESIAN_POINT ( 'NONE',  ( 8.281640625000004974, 21.44963715492169243, -11.49000000000000021 ) ) ;
#3487 = EDGE_LOOP ( 'NONE', ( #4017, #591, #5276, #2715 ) ) ;
#3488 = CARTESIAN_POINT ( 'NONE',  ( -3.265427468865233607, 18.71848576741971826, -11.50000000000000000 ) ) ;
#3489 = B_SPLINE_CURVE_WITH_KNOTS ( 'NONE', 3,
 ( #2779, #3303, #813, #2808, #4784, #385, #1900, #4815, #4319, #6329, #6113 ),
 .UNSPECIFIED., .F., .F.,
 ( 4, 1, 1, 1, 1, 1, 1, 1, 4 ),
 ( 0.000000000000000000, 0.1383740440291235385, 0.2671651029094506691, 0.3873206901099074395, 0.5008494670709819907, 0.6150609520996563884, 0.7350006804250145409, 0.8635399875128016989, 0.9999999999999998890 ),
 .UNSPECIFIED. ) ;
#3490 = ORIENTED_EDGE ( 'NONE', *, *, #35, .T. ) ;
#3491 = CARTESIAN_POINT ( 'NONE',  ( 9.375000000000005329, 20.10198090492169598, -11.49999999999999822 ) ) ;
#3492 = CARTESIAN_POINT ( 'NONE',  ( 4.271977489824908325, 22.23288252010564392, -11.49000000000000377 ) ) ;
#3493 = ORIENTED_EDGE ( 'NONE', *, *, #189, .F. ) ;
#3494 = CYLINDRICAL_SURFACE ( 'NONE', #992, 2.299999999999999822 ) ;
#3495 = CARTESIAN_POINT ( 'NONE',  ( -14.25000000000000178, 21.56682465492170664, -11.49000000000000021 ) ) ;
#3496 = VECTOR ( 'NONE', #318, 1000.000000000000000 ) ;
#3497 = CARTESIAN_POINT ( 'NONE',  ( -5.606816571252361214, 16.42890209704730609, -11.49000000000000021 ) ) ;
#3498 = ORIENTED_EDGE ( 'NONE', *, *, #3453, .T. ) ;
#3499 = CARTESIAN_POINT ( 'NONE',  ( 10.42500000000000426, 20.10198090492169598, -11.50000000000000000 ) ) ;
#3500 = CARTESIAN_POINT ( 'NONE',  ( -5.185460651216746264, 18.47872507116456475, -11.50000000000000000 ) ) ;
#3501 = CARTESIAN_POINT ( 'NONE',  ( 13.26796875000000853, 18.76487152992169527, -11.50000000000000000 ) ) ;
#3502 = VECTOR ( 'NONE', #436, 1000.000000000000000 ) ;
#3503 = CARTESIAN_POINT ( 'NONE',  ( -10.18526474376884572, 17.92591752148544870, -11.49999999999999822 ) ) ;
#3504 = CARTESIAN_POINT ( 'NONE',  ( -10.74675990051817287, 19.38947832300114271, -11.48999999999999844 ) ) ;
#3505 = CARTESIAN_POINT ( 'NONE',  ( -3.377343750000002309, 16.42463715492170095, -11.50000000000000000 ) ) ;
#3506 = CARTESIAN_POINT ( 'NONE',  ( 12.10900760619829164, 21.98764271085438082, -11.49000000000000732 ) ) ;
#3507 = ORIENTED_EDGE ( 'NONE', *, *, #35, .F. ) ;
#3508 = CARTESIAN_POINT ( 'NONE',  ( 17.09800945796575178, 18.34205280245248204, -11.49000000000000021 ) ) ;
#3509 = CARTESIAN_POINT ( 'NONE',  ( 4.644140624999998579, 16.27463715492169527, -11.49000000000000021 ) ) ;
#3510 = DIRECTION ( 'NONE',  ( -0.000000000000000000, -1.000000000000000000, -0.000000000000000000 ) ) ;
#3511 = CARTESIAN_POINT ( 'NONE',  ( 0.4359374999999983680, 16.67776215492169101, -11.50000000000000000 ) ) ;
#3512 = VECTOR ( 'NONE', #5759, 1000.000000000000000 ) ;
#3513 = EDGE_CURVE ( 'NONE', #4398, #6418, #4336, .T. ) ;
#3514 = CARTESIAN_POINT ( 'NONE',  ( -2.627725258457772828, 20.28187517191947364, -11.49000000000000021 ) ) ;
#3515 = CARTESIAN_POINT ( 'NONE',  ( 7.489410526928364398, 19.10354926661644015, -11.49999999999999822 ) ) ;
#3516 = CARTESIAN_POINT ( 'NONE',  ( -12.92215854091367078, 17.39821133767034667, -11.49000000000000021 ) ) ;
#3517 = CARTESIAN_POINT ( 'NONE',  ( -6.018958645089335313, 16.66161069363419145, -11.50000000000000000 ) ) ;
#3518 = VERTEX_POINT ( 'NONE', #2206 ) ;
#3519 = DIRECTION ( 'NONE',  ( -0.000000000000000000, -0.000000000000000000, -1.000000000000000000 ) ) ;
#3520 = VECTOR ( 'NONE', #890, 1000.000000000000114 ) ;
#3521 = CARTESIAN_POINT ( 'NONE',  ( 19.50000000000000000, 30.50000000000000355, 0.000000000000000000 ) ) ;
#3522 = VECTOR ( 'NONE', #4184, 1000.000000000000000 ) ;
#3523 = CARTESIAN_POINT ( 'NONE',  ( -8.621572326463562419, 22.02963670824792430, -11.49999999999999822 ) ) ;
#3524 = CARTESIAN_POINT ( 'NONE',  ( -7.653529185121802136, 16.75426107756801741, -11.50000000000000178 ) ) ;
#3525 = EDGE_LOOP ( 'NONE', ( #757, #3967, #580, #4432 ) ) ;
#3526 = ORIENTED_EDGE ( 'NONE', *, *, #5825, .F. ) ;
#3527 = CARTESIAN_POINT ( 'NONE',  ( -2.625000000000002220, 20.18752777992169811, -11.50000000000000000 ) ) ;
#3528 = VECTOR ( 'NONE', #1903, 1000.000000000000000 ) ;
#3529 = CARTESIAN_POINT ( 'NONE',  ( 16.18030937158670923, 18.20056477732554256, -11.49000000000000199 ) ) ;
#3530 = CARTESIAN_POINT ( 'NONE',  ( 12.86940290686878896, 22.24520597326613824, -11.49999999999999645 ) ) ;
#3531 = CARTESIAN_POINT ( 'NONE',  ( 16.30496483577244859, 18.02270854281000823, -11.48999999999999844 ) ) ;
#3532 = EDGE_CURVE ( 'NONE', #433, #627, #6219, .T. ) ;
#3533 = VERTEX_POINT ( 'NONE', #4241 ) ;
#3534 = CARTESIAN_POINT ( 'NONE',  ( 7.215676064878733698, 22.03466068350456908, -11.49000000000000021 ) ) ;
#3535 = CARTESIAN_POINT ( 'NONE',  ( -19.50000000000000000, 30.50000000000000355, 0.000000000000000000 ) ) ;
#3536 = CARTESIAN_POINT ( 'NONE',  ( -11.43175737287695171, 18.48449308510192779, -11.50000000000000000 ) ) ;
#3537 = VERTEX_POINT ( 'NONE', #1259 ) ;
#3538 = CARTESIAN_POINT ( 'NONE',  ( -4.541411221933337572, 21.52026453617234836, -11.49999999999999645 ) ) ;
#3539 = CARTESIAN_POINT ( 'NONE',  ( -15.37107034416750118, 21.72765607360880580, -11.49000000000000554 ) ) ;
#3540 = CARTESIAN_POINT ( 'NONE',  ( -2.699502542370364910, 19.61758039561967948, -11.49000000000000199 ) ) ;
#3541 = CARTESIAN_POINT ( 'NONE',  ( -6.466631145938009695, 20.47505413184716261, -11.49999999999999645 ) ) ;
#3542 = CARTESIAN_POINT ( 'NONE',  ( 3.649218749999998845, 21.58557465492169669, -11.49000000000000021 ) ) ;
#3543 = CARTESIAN_POINT ( 'NONE',  ( 4.124999999999998224, 20.39963715492169527, -11.49000000000000021 ) ) ;
#3544 = CARTESIAN_POINT ( 'NONE',  ( -8.792269071797925051, 19.71492165504826133, -11.50000000000000000 ) ) ;
#3545 = CARTESIAN_POINT ( 'NONE',  ( -21.50000000000000000, 29.50000000000000355, 2.449293598294703949E-16 ) ) ;
#3546 = CARTESIAN_POINT ( 'NONE',  ( 15.30225495327341356, 22.27294516771391741, -11.49999999999999467 ) ) ;
#3547 = CARTESIAN_POINT ( 'NONE',  ( -12.96914062500000320, 17.39963715492170238, -11.49000000000000021 ) ) ;
#3548 = CARTESIAN_POINT ( 'NONE',  ( 7.229014335523339163, 19.71658038475549191, -11.49999999999999822 ) ) ;
#3549 = CARTESIAN_POINT ( 'NONE',  ( -10.11764130073946610, 18.78722046708015014, -11.50000000000000178 ) ) ;
#3550 = CARTESIAN_POINT ( 'NONE',  ( -4.702734375000002132, 22.27463715492169527, -11.50000000000000000 ) ) ;
#3551 = ORIENTED_EDGE ( 'NONE', *, *, #2119, .T. ) ;
#3552 = CARTESIAN_POINT ( 'NONE',  ( -10.35363036209202114, 21.29868488873623633, -11.50000000000000355 ) ) ;
#3553 = CARTESIAN_POINT ( 'NONE',  ( 1.348071541771024950, 22.00949916597215505, -11.50000000000000355 ) ) ;
#3554 = CARTESIAN_POINT ( 'NONE',  ( 7.327171947297077104, 20.81565776920071542, -11.50000000000000178 ) ) ;
#3555 = LINE ( 'NONE', #5067, #5929 ) ;
#3556 = B_SPLINE_CURVE_WITH_KNOTS ( 'NONE', 3,
 ( #4500, #965, #5504, #1001, #1102, #3952, #3534, #1462, #3063, #5042, #539, #5114, #2469, #3597, #2536, #2022, #4534, #50, #2570 ),
 .UNSPECIFIED., .F., .F.,
 ( 4, 1, 1, 1, 1, 1, 1, 1, 1, 1, 1, 1, 1, 1, 1, 1, 4 ),
 ( 0.000000000000000000, 0.06945078666391373001, 0.1356413501941019506, 0.1994944797129651892, 0.2613337093531583610, 0.3219079846616211271, 0.3815333281089831607, 0.4404012180668454568, 0.4994326619208531159, 0.5585412646284166893, 0.6179142131050436859, 0.6777479330811915226, 0.7387058888884415753, 0.8010898271693356332, 0.8651266308210512346, 0.9312323912455648944, 1.000000000000000000 ),
 .UNSPECIFIED. ) ;
#3557 = CARTESIAN_POINT ( 'NONE',  ( 8.402046405795490003, 21.44608958020053535, -11.49000000000000199 ) ) ;
#3558 = ORIENTED_EDGE ( 'NONE', *, *, #849, .F. ) ;
#3559 = ORIENTED_EDGE ( 'NONE', *, *, #2543, .F. ) ;
#3560 = CARTESIAN_POINT ( 'NONE',  ( -8.806153317557537719, 21.67502612966335818, -11.49000000000000199 ) ) ;
#3561 = ORIENTED_EDGE ( 'NONE', *, *, #2874, .T. ) ;
#3562 = CARTESIAN_POINT ( 'NONE',  ( 16.12405985692646837, 18.37668594314236259, -11.50000000000000000 ) ) ;
#3563 = CARTESIAN_POINT ( 'NONE',  ( 6.375880350763342364, 21.17115393012855407, -11.49999999999999645 ) ) ;
#3564 = CARTESIAN_POINT ( 'NONE',  ( -17.01974375802461381, 17.32962027800230587, -11.49999999999999467 ) ) ;
#3565 = ORIENTED_EDGE ( 'NONE', *, *, #5047, .T. ) ;
#3566 = CARTESIAN_POINT ( 'NONE',  ( -6.063446366943315624, 19.70394592453262206, -11.50000000000000000 ) ) ;
#3567 = CARTESIAN_POINT ( 'NONE',  ( -6.130753984724869987, 20.40288587690463729, -11.49999999999999645 ) ) ;
#3568 = EDGE_CURVE ( 'NONE', #2535, #5249, #1194, .T. ) ;
#3569 = CARTESIAN_POINT ( 'NONE',  ( 6.182310319998257420, 20.55848398189078807, -11.49999999999999822 ) ) ;
#3570 = ORIENTED_EDGE ( 'NONE', *, *, #1186, .T. ) ;
#3571 = CARTESIAN_POINT ( 'NONE',  ( -6.209765625000002842, 20.39963715492169882, -11.50000000000000000 ) ) ;
#3572 = DIRECTION ( 'NONE',  ( -0.5518787956724658939, -0.8339243340298378993, 0.000000000000000000 ) ) ;
#3573 = CARTESIAN_POINT ( 'NONE',  ( -2.626449696806389955, 20.12181836593276074, -11.49000000000000377 ) ) ;
#3574 = CARTESIAN_POINT ( 'NONE',  ( -6.659232681935821851, 20.80299590856220249, -11.49000000000000021 ) ) ;
#3575 = B_SPLINE_CURVE_WITH_KNOTS ( 'NONE', 3,
 ( #6120, #5687, #3622, #3216, #200, #2200, #753, #4621, #2749, #4206, #4176, #5721, #5233, #6242, #1612 ),
 .UNSPECIFIED., .F., .F.,
 ( 4, 1, 1, 1, 1, 1, 1, 1, 1, 1, 1, 1, 4 ),
 ( 0.000000000000000000, 0.09638566373024053113, 0.1882217033894330038, 0.2737406784429102791, 0.3552053634372426827, 0.4340946516955836443, 0.5124517115487025043, 0.5901415646379307711, 0.6682917302987345654, 0.7474048720720594119, 0.8293512220137599922, 0.9131401036652555536, 0.9999999999999998890 ),
 .UNSPECIFIED. ) ;
#3576 = DIRECTION ( 'NONE',  ( -0.000000000000000000, -0.000000000000000000, -1.000000000000000000 ) ) ;
#3577 = ORIENTED_EDGE ( 'NONE', *, *, #4916, .T. ) ;
#3578 = ADVANCED_FACE ( 'NONE', ( #6129 ), #3252, .F. ) ;
#3579 = CARTESIAN_POINT ( 'NONE',  ( 5.174999999999998934, 16.94729340492169456, -11.49000000000000021 ) ) ;
#3580 = DIRECTION ( 'NONE',  ( 0.000000000000000000, 0.000000000000000000, -1.000000000000000000 ) ) ;
#3581 = CARTESIAN_POINT ( 'NONE',  ( 14.70985875586571368, 21.74938832204977857, -11.49000000000000021 ) ) ;
#3582 = CARTESIAN_POINT ( 'NONE',  ( -3.973776528878409042, 22.16752030710372878, -11.49000000000000021 ) ) ;
#3583 = CARTESIAN_POINT ( 'NONE',  ( 7.403347453607731055, 19.23344171890393639, -11.49000000000000199 ) ) ;
#3584 = CARTESIAN_POINT ( 'NONE',  ( 7.215676064878733698, 22.03466068350456908, -11.49000000000000021 ) ) ;
#3585 = ORIENTED_EDGE ( 'NONE', *, *, #5816, .T. ) ;
#3586 = CARTESIAN_POINT ( 'NONE',  ( 6.151715332939258651, 20.02025101726003342, -11.49000000000000199 ) ) ;
#3587 = CARTESIAN_POINT ( 'NONE',  ( 13.98164062500000604, 17.92463715492169385, -11.49000000000000021 ) ) ;
#3588 = CARTESIAN_POINT ( 'NONE',  ( 7.972830449779078954, 21.41236489300782253, -11.49999999999999822 ) ) ;
#3589 = CARTESIAN_POINT ( 'NONE',  ( -21.50000000000000000, 0.000000000000000000, 2.449293598294703949E-16 ) ) ;
#3590 = CARTESIAN_POINT ( 'NONE',  ( 14.47686656120172799, 18.15954573190018806, -11.49000000000000377 ) ) ;
#3591 = ORIENTED_EDGE ( 'NONE', *, *, #4355, .T. ) ;
#3592 = VERTEX_POINT ( 'NONE', #142 ) ;
#3593 = EDGE_CURVE ( 'NONE', #2840, #2840, #5923, .T. ) ;
#3594 = CARTESIAN_POINT ( 'NONE',  ( -9.352853084971570752, 22.09659720433811714, -11.50000000000000355 ) ) ;
#3595 = CARTESIAN_POINT ( 'NONE',  ( 8.627945980358298073, 21.40140606603167583, -11.50000000000000000 ) ) ;
#3596 = CARTESIAN_POINT ( 'NONE',  ( -16.70402319970808946, 17.39827376699367889, -11.49999999999999822 ) ) ;
#3597 = CARTESIAN_POINT ( 'NONE',  ( 6.293843824198493309, 20.97819722926810471, -11.49000000000000377 ) ) ;
#3598 = CARTESIAN_POINT ( 'NONE',  ( -2.929839090097710930, 16.53418707422623513, -11.49000000000000199 ) ) ;
#3599 = B_SPLINE_SURFACE_WITH_KNOTS ( 'NONE', 3, 1, ( 
 ( #5455, #6436 ),
 ( #4920, #4957 ),
 ( #2421, #5949 ),
 ( #6334, #4323 ),
 ( #2879, #1842 ),
 ( #3840, #3309 ),
 ( #5847, #4356 ),
 ( #2813, #3373 ),
 ( #1806, #6303 ),
 ( #392, #3447 ),
 ( #5361, #6367 ) ),
 .UNSPECIFIED., .F., .F., .F.,
 ( 4, 1, 1, 1, 1, 1, 1, 1, 4 ),
 ( 2, 2 ),
 ( 0.000000000000000000, 0.1297522872832853336, 0.2555926718694389588, 0.3813396684022236083, 0.5115739345768659518, 0.6409232008919140133, 0.7611838978045116777, 0.8797393030874064435, 1.000000000000000000 ),
 ( 0.000000000000000000, 1.000000000000000000 ),
 .UNSPECIFIED. ) ;
#3600 = EDGE_LOOP ( 'NONE', ( #5768, #6228, #6250, #3866 ) ) ;
#3601 = EDGE_CURVE ( 'NONE', #1290, #4178, #1621, .T. ) ;
#3602 = CARTESIAN_POINT ( 'NONE',  ( -12.83159102757657877, 16.42817730693538536, -11.50000000000000000 ) ) ;
#3603 = CARTESIAN_POINT ( 'NONE',  ( 8.361057955483211401, 17.92610446859559303, -11.48999999999999844 ) ) ;
#3604 = CARTESIAN_POINT ( 'NONE',  ( -10.11914062500000178, 17.92463715492169740, -11.49999999999999645 ) ) ;
#3605 = CARTESIAN_POINT ( 'NONE',  ( -5.821774319875794745, 19.65338785184603410, -11.50000000000000000 ) ) ;
#3606 = VERTEX_POINT ( 'NONE', #5210 ) ;
#3607 = ORIENTED_EDGE ( 'NONE', *, *, #4895, .F. ) ;
#3608 = CARTESIAN_POINT ( 'NONE',  ( 5.037900082325959872, 16.44081030542728072, -11.50000000000000711 ) ) ;
#3609 = CARTESIAN_POINT ( 'NONE',  ( -5.715234375000003197, 20.78284027992169669, -11.49000000000000021 ) ) ;
#3610 = FACE_OUTER_BOUND ( 'NONE', #1163, .T. ) ;
#3611 = EDGE_CURVE ( 'NONE', #4533, #8, #5930, .T. ) ;
#3612 = CARTESIAN_POINT ( 'NONE',  ( 19.00000000000000000, 30.00000000000000355, -4.408728476930469278E-15 ) ) ;
#3613 = CARTESIAN_POINT ( 'NONE',  ( 17.09310710739239525, 18.47192907373263537, -11.49000000000000021 ) ) ;
#3614 = VECTOR ( 'NONE', #5009, 1000.000000000000000 ) ;
#3615 = DIRECTION ( 'NONE',  ( 0.000000000000000000, -1.000000000000000000, 0.000000000000000000 ) ) ;
#3616 = CARTESIAN_POINT ( 'NONE',  ( -4.397051897998232484, 22.25896382419193031, -11.50000000000000178 ) ) ;
#3617 = ORIENTED_EDGE ( 'NONE', *, *, #218, .F. ) ;
#3618 = CARTESIAN_POINT ( 'NONE',  ( 6.230353741950482416, 19.41723129868203301, -11.49000000000000554 ) ) ;
#3619 = CARTESIAN_POINT ( 'NONE',  ( -4.166268401887866624, 19.25410625409588405, -11.50000000000000000 ) ) ;
#3620 = VECTOR ( 'NONE', #443, 1000.000000000000000 ) ;
#3621 = LINE ( 'NONE', #3684, #1522 ) ;
#3622 = CARTESIAN_POINT ( 'NONE',  ( -8.806153317557537719, 21.67502612966335818, -11.50000000000000178 ) ) ;
#3623 = CARTESIAN_POINT ( 'NONE',  ( 14.55516149860923747, 18.29578969627435470, -11.48999999999999844 ) ) ;
#3624 = AXIS2_PLACEMENT_3D ( 'NONE', #5832, #5405, #1887 ) ;
#3625 = B_SPLINE_CURVE_WITH_KNOTS ( 'NONE', 3,
 ( #527, #5167, #2170, #1642, #1669, #5532, #38, #4044, #1124, #1551, #4556, #2108, #6117, #71, #3587 ),
 .UNSPECIFIED., .F., .F.,
 ( 4, 1, 1, 1, 1, 1, 1, 1, 1, 1, 1, 1, 4 ),
 ( 0.000000000000000000, 0.1390212211626235539, 0.2544676048036471072, 0.3469968081720416486, 0.4157232016543250253, 0.4735996661427446797, 0.5341302473295572728, 0.5999100883763215375, 0.6709779351420201987, 0.7446360649546689414, 0.8230051348739713113, 0.9071137047520906327, 0.9999999999999998890 ),
 .UNSPECIFIED. ) ;
#3626 = VERTEX_POINT ( 'NONE', #2756 ) ;
#3627 = CARTESIAN_POINT ( 'NONE',  ( -2.922179910701772965, 19.11638945057062244, -11.49999999999999822 ) ) ;
#3628 = CARTESIAN_POINT ( 'NONE',  ( 16.45089586295128825, 17.94393536947790935, -11.50000000000000000 ) ) ;
#3629 = CARTESIAN_POINT ( 'NONE',  ( -8.628060801573221639, 16.54839569172872515, -11.48999999999999844 ) ) ;
#3630 = CARTESIAN_POINT ( 'NONE',  ( 16.12405985692646837, 18.37668594314236259, -11.48999999999999844 ) ) ;
#3631 = VECTOR ( 'NONE', #3404, 1000.000000000000000 ) ;
#3632 = ORIENTED_EDGE ( 'NONE', *, *, #793, .F. ) ;
#3633 = CARTESIAN_POINT ( 'NONE',  ( 0.9457974436420290010, 16.27854184230771040, -11.50000000000000178 ) ) ;
#3634 = CARTESIAN_POINT ( 'NONE',  ( -2.699502542370364910, 19.61758039561967948, -11.50000000000000178 ) ) ;
#3635 = VECTOR ( 'NONE', #4069, 1000.000000000000000 ) ;
#3636 = VERTEX_POINT ( 'NONE', #5696 ) ;
#3637 = CARTESIAN_POINT ( 'NONE',  ( 15.45018772207499680, 22.27110718782330778, -11.50000000000000178 ) ) ;
#3638 = LINE ( 'NONE', #57, #2333 ) ;
#3639 = CARTESIAN_POINT ( 'NONE',  ( 11.90441820591260580, 18.53815257297222274, -11.49000000000000021 ) ) ;
#3640 = CARTESIAN_POINT ( 'NONE',  ( 9.375000000000005329, 20.10198090492169598, -11.49000000000000021 ) ) ;
#3641 = CARTESIAN_POINT ( 'NONE',  ( -6.588340197333287129, 20.60389825835495614, -11.49999999999999112 ) ) ;
#3642 = CARTESIAN_POINT ( 'NONE',  ( -10.84592816874557464, 19.72438149625365966, -11.48999999999999844 ) ) ;
#3643 = VERTEX_POINT ( 'NONE', #3158 ) ;
#3644 = EDGE_LOOP ( 'NONE', ( #4742, #5219, #1747, #6484 ) ) ;
#3645 = CARTESIAN_POINT ( 'NONE',  ( 7.204334396611282720, 20.29646084726622846, -11.49000000000000021 ) ) ;
#3646 = CARTESIAN_POINT ( 'NONE',  ( -10.80354622670535214, 19.55059263573445705, -11.50000000000000000 ) ) ;
#3647 = CARTESIAN_POINT ( 'NONE',  ( -5.067337329267359358, 19.16592405394532861, -11.48999999999999666 ) ) ;
#3648 = CARTESIAN_POINT ( 'NONE',  ( -6.183109231620428581, 20.40073318597302432, -11.49999999999999467 ) ) ;
#3649 = CARTESIAN_POINT ( 'NONE',  ( -3.177157780505493800, 21.66765410768149636, -11.48999999999999666 ) ) ;
#3650 = CARTESIAN_POINT ( 'NONE',  ( -4.166268401887866624, 19.25410625409588405, -11.49000000000000021 ) ) ;
#3651 = CARTESIAN_POINT ( 'NONE',  ( -4.687500000000002665, 21.52463715492169882, -11.49000000000000021 ) ) ;
#3652 = CARTESIAN_POINT ( 'NONE',  ( 1.111708840677439580, 22.23604127147856957, -11.49000000000000021 ) ) ;
#3653 = B_SPLINE_SURFACE_WITH_KNOTS ( 'NONE', 3, 1, ( 
 ( #2740, #4744 ),
 ( #1763, #2508 ),
 ( #4505, #2439 ),
 ( #5013, #2376 ),
 ( #19, #3006 ),
 ( #511, #936 ),
 ( #3992, #2027 ),
 ( #4907, #3433 ),
 ( #1892, #4439 ),
 ( #869, #3358 ),
 ( #6457, #4026 ) ),
 .UNSPECIFIED., .F., .F., .F.,
 ( 4, 1, 1, 1, 1, 1, 1, 1, 4 ),
 ( 2, 2 ),
 ( 0.000000000000000000, 0.1242212041897450547, 0.2378608803604690403, 0.3493140463833165343, 0.4616163146441877307, 0.5787683751934440401, 0.7049120183615951163, 0.8436782409666564453, 0.9999999999999998890 ),
 ( 0.000000000000000000, 1.000000000000000000 ),
 .UNSPECIFIED. ) ;
#3654 = CARTESIAN_POINT ( 'NONE',  ( -10.04403176780018647, 17.92661615301059541, -11.50000000000000178 ) ) ;
#3655 = FACE_BOUND ( 'NONE', #3153, .T. ) ;
#3656 = CARTESIAN_POINT ( 'NONE',  ( -2.782031250000002842, 16.88049652992170380, -11.49000000000000199 ) ) ;
#3657 = EDGE_CURVE ( 'NONE', #1608, #3082, #4698, .T. ) ;
#3658 = ORIENTED_EDGE ( 'NONE', *, *, #6413, .T. ) ;
#3659 = DIRECTION ( 'NONE',  ( 0.000000000000000000, 0.000000000000000000, -1.000000000000000000 ) ) ;
#3660 = CARTESIAN_POINT ( 'NONE',  ( -8.670922502320562941, 16.66903033635641052, -11.49000000000000554 ) ) ;
#3661 = CARTESIAN_POINT ( 'NONE',  ( -3.353906250000002753, 17.32463715492169598, -11.49000000000000021 ) ) ;
#3662 = EDGE_LOOP ( 'NONE', ( #4296, #4162, #5375, #469 ) ) ;
#3663 = CARTESIAN_POINT ( 'NONE',  ( 14.67348885180630269, 21.63995497113232247, -11.49000000000000377 ) ) ;
#3664 = CARTESIAN_POINT ( 'NONE',  ( -6.388763680472631101, 20.43033893542257218, -11.48999999999999844 ) ) ;
#3665 = SURFACE_STYLE_USAGE ( .BOTH. , #2208 ) ;
#3666 = LINE ( 'NONE', #2540, #4032 ) ;
#3667 = CARTESIAN_POINT ( 'NONE',  ( -5.233593750000003375, 17.32463715492169598, -11.49000000000000021 ) ) ;
#3668 = CARTESIAN_POINT ( 'NONE',  ( 11.72477191656355444, 18.07731762046731916, -11.49000000000000021 ) ) ;
#3669 = CARTESIAN_POINT ( 'NONE',  ( -3.138175803223215432, 18.83772705072663456, -11.49000000000000199 ) ) ;
#3670 = CARTESIAN_POINT ( 'NONE',  ( -21.50000000000000000, 0.000000000000000000, -0.000000000000000000 ) ) ;
#3671 = CARTESIAN_POINT ( 'NONE',  ( -4.821622146406688181, 19.12590786895257366, -11.49000000000000199 ) ) ;
#3672 = VERTEX_POINT ( 'NONE', #758 ) ;
#3673 = CARTESIAN_POINT ( 'NONE',  ( -9.173911628435071464, 18.99819603343708962, -11.49999999999999645 ) ) ;
#3674 = FACE_OUTER_BOUND ( 'NONE', #4309, .T. ) ;
#3675 = EDGE_CURVE ( 'NONE', #2862, #1105, #5731, .T. ) ;
#3676 = CARTESIAN_POINT ( 'NONE',  ( 7.709679548842720109, 18.90475097457477816, -11.48999999999999844 ) ) ;
#3677 = CARTESIAN_POINT ( 'NONE',  ( 1.424999999999998490, 21.60549652992169456, -11.49000000000000021 ) ) ;
#3678 = CARTESIAN_POINT ( 'NONE',  ( -2.850457189520950951, 21.20277397568898436, -11.49000000000000199 ) ) ;
#3679 = CARTESIAN_POINT ( 'NONE',  ( -3.706148528608636195, 19.95659602021138568, -11.48999999999999844 ) ) ;
#3680 = CARTESIAN_POINT ( 'NONE',  ( 4.683049775448246521, 16.27649201353254327, -11.49999999999999822 ) ) ;
#3681 = CARTESIAN_POINT ( 'NONE',  ( 6.727410796471612109, 21.67126350660284473, -11.50000000000000355 ) ) ;
#3682 = EDGE_CURVE ( 'NONE', #3030, #2799, #1692, .T. ) ;
#3683 = CARTESIAN_POINT ( 'NONE',  ( -6.031640625000002309, 19.70588715492169740, -11.49000000000000021 ) ) ;
#3684 = CARTESIAN_POINT ( 'NONE',  ( 14.59921875000000746, 21.38518402992169598, -11.49000000000000021 ) ) ;
#3685 = EDGE_CURVE ( 'NONE', #2434, #5563, #6188, .T. ) ;
#3686 = FACE_OUTER_BOUND ( 'NONE', #2977, .T. ) ;
#3687 = CARTESIAN_POINT ( 'NONE',  ( -3.108556802761149651, 17.29865425804394263, -11.49999999999999645 ) ) ;
#3688 = CARTESIAN_POINT ( 'NONE',  ( -11.01272675748531960, 18.14093490254761676, -11.49999999999999645 ) ) ;
#3689 = ORIENTED_EDGE ( 'NONE', *, *, #1438, .T. ) ;
#3690 = DIRECTION ( 'NONE',  ( 0.000000000000000000, 0.000000000000000000, 1.000000000000000000 ) ) ;
#3691 = CARTESIAN_POINT ( 'NONE',  ( 0.3749999999999983902, 17.12541840492169243, -11.50000000000000000 ) ) ;
#3692 = ORIENTED_EDGE ( 'NONE', *, *, #1172, .T. ) ;
#3693 = CARTESIAN_POINT ( 'NONE',  ( -5.455078125000002665, 16.42463715492170095, -11.49000000000000021 ) ) ;
#3694 = DIRECTION ( 'NONE',  ( -0.1704514661610548043, 0.9853660729310436128, 0.000000000000000000 ) ) ;
#3695 = B_SPLINE_CURVE_WITH_KNOTS ( 'NONE', 3,
 ( #6332, #4388, #1771, #2875, #3370, #3305, #1838, #5387, #6400, #5327, #1901 ),
 .UNSPECIFIED., .F., .F.,
 ( 4, 1, 1, 1, 1, 1, 1, 1, 4 ),
 ( 0.000000000000000000, 0.1587228156828218439, 0.2985230391028941277, 0.4238157535965459966, 0.5415901044519221275, 0.6547867376447999987, 0.7650923938678667602, 0.8794934329980712562, 0.9999999999999998890 ),
 .UNSPECIFIED. ) ;
#3696 = CARTESIAN_POINT ( 'NONE',  ( -4.702734375000002132, 22.27463715492169527, -11.49000000000000021 ) ) ;
#3697 = CARTESIAN_POINT ( 'NONE',  ( -17.24534533951316817, 16.80912159573162157, -11.49999999999999822 ) ) ;
#3698 = DIRECTION ( 'NONE',  ( 0.000000000000000000, 0.000000000000000000, 1.000000000000000000 ) ) ;
#3699 = CARTESIAN_POINT ( 'NONE',  ( 10.34602149384098979, 19.42465981080476922, -11.49000000000000377 ) ) ;
#3700 = CARTESIAN_POINT ( 'NONE',  ( -5.233593750000003375, 17.32463715492169598, -11.49000000000000021 ) ) ;
#3701 = CARTESIAN_POINT ( 'NONE',  ( -8.791893240778668073, 20.51442646725793750, -11.49000000000000021 ) ) ;
#3702 = ORIENTED_EDGE ( 'NONE', *, *, #836, .T. ) ;
#3703 = CARTESIAN_POINT ( 'NONE',  ( -8.764861908969747262, 20.31608008042677938, -11.50000000000000178 ) ) ;
#3704 = LINE ( 'NONE', #123, #1833 ) ;
#3705 = CARTESIAN_POINT ( 'NONE',  ( 7.838484333614810673, 18.83516455200612327, -11.49000000000000554 ) ) ;
#3706 = CARTESIAN_POINT ( 'NONE',  ( -5.983615971477499684, 20.45169023723473600, -11.49000000000000021 ) ) ;
#3707 = CARTESIAN_POINT ( 'NONE',  ( -4.251148630129781836, 22.23639643536670008, -11.49000000000000021 ) ) ;
#3708 = CARTESIAN_POINT ( 'NONE',  ( 10.87626321256946227, 18.34272488066211437, -11.48999999999999844 ) ) ;
#3709 = CARTESIAN_POINT ( 'NONE',  ( -3.745240722573014214, 19.80002204813031241, -11.49000000000000199 ) ) ;
#3710 = LINE ( 'NONE', #3211, #4963 ) ;
#3711 = CARTESIAN_POINT ( 'NONE',  ( 9.303920161294756852, 19.53449771710463878, -11.48999999999999666 ) ) ;
#3712 = DIRECTION ( 'NONE',  ( 0.000000000000000000, 1.000000000000000000, 0.000000000000000000 ) ) ;
#3713 = LINE ( 'NONE', #5718, #2573 ) ;
#3714 = ADVANCED_FACE ( 'NONE', ( #5268 ), #2297, .F. ) ;
#3715 = VECTOR ( 'NONE', #762, 1000.000000000000000 ) ;
#3716 = CARTESIAN_POINT ( 'NONE',  ( 4.552734374999999112, 22.27463715492169172, -11.50000000000000000 ) ) ;
#3717 = CARTESIAN_POINT ( 'NONE',  ( 4.128034608203318356, 16.79521522319413407, -11.49000000000000021 ) ) ;
#3718 = CARTESIAN_POINT ( 'NONE',  ( 9.080626975051966809, 21.09188660995779685, -11.49000000000000377 ) ) ;
#3719 = LINE ( 'NONE', #6213, #3614 ) ;
#3720 = VECTOR ( 'NONE', #2002, 1000.000000000000000 ) ;
#3721 = ORIENTED_EDGE ( 'NONE', *, *, #3485, .T. ) ;
#3722 = CARTESIAN_POINT ( 'NONE',  ( 1.844531249999998623, 16.97893402992169598, -11.50000000000000000 ) ) ;
#3723 = B_SPLINE_CURVE_WITH_KNOTS ( 'NONE', 3,
 ( #84, #2091, #1002, #1592, #1531, #3598, #5607, #6486, #1104, #2470, #3100 ),
 .UNSPECIFIED., .F., .F.,
 ( 4, 1, 1, 1, 1, 1, 1, 1, 4 ),
 ( 0.000000000000000000, 0.1633466419797967306, 0.3066913266864549903, 0.4345989141071331385, 0.5476893777153192255, 0.6552956344685724188, 0.7615750495759849859, 0.8747651816497034050, 1.000000000000000000 ),
 .UNSPECIFIED. ) ;
#3724 = FACE_OUTER_BOUND ( 'NONE', #934, .T. ) ;
#3725 = EDGE_LOOP ( 'NONE', ( #371, #1054, #323, #5123 ) ) ;
#3726 = DIRECTION ( 'NONE',  ( -1.000000000000000000, 0.000000000000000000, 0.000000000000000000 ) ) ;
#3727 = VECTOR ( 'NONE', #5015, 1000.000000000000000 ) ;
#3728 = CARTESIAN_POINT ( 'NONE',  ( -6.533902715808285855, 20.53484313693459384, -11.49000000000000554 ) ) ;
#3729 = CARTESIAN_POINT ( 'NONE',  ( 9.149390475328367245, 19.19939589459425022, -11.50000000000000355 ) ) ;
#3730 = EDGE_CURVE ( 'NONE', #12, #867, #395, .T. ) ;
#3731 = CARTESIAN_POINT ( 'NONE',  ( -5.614519811566908380, 22.13071701641699818, -11.49000000000000021 ) ) ;
#3732 = CARTESIAN_POINT ( 'NONE',  ( -16.65703125000000284, 16.42463715492170451, -11.50000000000000000 ) ) ;
#3733 = CARTESIAN_POINT ( 'NONE',  ( 14.47686656120172799, 18.15954573190018806, -11.50000000000000355 ) ) ;
#3734 = CARTESIAN_POINT ( 'NONE',  ( -5.482887342620917259, 22.17446163889772492, -11.49999999999999822 ) ) ;
#3735 = CARTESIAN_POINT ( 'NONE',  ( -8.899127046654060180, 20.85512294536513522, -11.49000000000000021 ) ) ;
#3736 = EDGE_LOOP ( 'NONE', ( #2404, #1035, #2494, #3128 ) ) ;
#3737 = AXIS2_PLACEMENT_3D ( 'NONE', #939, #2936, #1965 ) ;
#3738 = CARTESIAN_POINT ( 'NONE',  ( 9.850343569107494091, 18.52526486018286889, -11.49999999999999822 ) ) ;
#3739 = FACE_OUTER_BOUND ( 'NONE', #1827, .T. ) ;
#3740 = CARTESIAN_POINT ( 'NONE',  ( 5.024766766085866365, 22.08491429600184119, -11.50000000000000000 ) ) ;
#3741 = CARTESIAN_POINT ( 'NONE',  ( -4.687500000000002665, 21.52463715492169882, -11.50000000000000000 ) ) ;
#3742 = CARTESIAN_POINT ( 'NONE',  ( -6.652791355525552675, 20.96537313272962066, -11.49000000000000199 ) ) ;
#3743 = CARTESIAN_POINT ( 'NONE',  ( 19.50000000000000000, 9.635781669160051521, 0.000000000000000000 ) ) ;
#3744 = LINE ( 'NONE', #1768, #4851 ) ;
#3745 = CARTESIAN_POINT ( 'NONE',  ( 5.093070169176685980, 21.97389646169609279, -11.49000000000000021 ) ) ;
#3746 = CARTESIAN_POINT ( 'NONE',  ( -2.782031250000002398, 16.88049652992170024, -11.50000000000000000 ) ) ;
#3747 = LINE ( 'NONE', #2171, #6147 ) ;
#3748 = CARTESIAN_POINT ( 'NONE',  ( 13.38281250000000711, 21.38518402992169598, -11.50000000000000000 ) ) ;
#3749 = CARTESIAN_POINT ( 'NONE',  ( -12.36796875000000462, 16.91448090492170664, -11.49000000000000199 ) ) ;
#3750 = CARTESIAN_POINT ( 'NONE',  ( 0.8999999999999984679, 22.27463715492169172, -11.50000000000000000 ) ) ;
#3751 = CARTESIAN_POINT ( 'NONE',  ( -9.992980421275921898, 22.27233302081862476, -11.49999999999999645 ) ) ;
#3752 = CARTESIAN_POINT ( 'NONE',  ( 19.00000000000000000, 30.50000000000000355, 0.000000000000000000 ) ) ;
#3753 = FACE_OUTER_BOUND ( 'NONE', #4110, .T. ) ;
#3754 = ORIENTED_EDGE ( 'NONE', *, *, #5537, .T. ) ;
#3755 = CARTESIAN_POINT ( 'NONE',  ( -6.660937500000002842, 20.82854340492169953, -11.49000000000000021 ) ) ;
#3756 = CARTESIAN_POINT ( 'NONE',  ( -6.631368185321384168, 20.67568000638709336, -11.50000000000000000 ) ) ;
#3757 = CARTESIAN_POINT ( 'NONE',  ( -4.702734375000002132, 22.27463715492169527, -11.49999999999999822 ) ) ;
#3758 = CARTESIAN_POINT ( 'NONE',  ( -18.00000000000000000, 29.00000000000000000, -10.00000000000000888 ) ) ;
#3759 = CARTESIAN_POINT ( 'NONE',  ( -8.175000000000002487, 16.27463715492169882, -11.49000000000000021 ) ) ;
#3760 = ADVANCED_FACE ( 'NONE', ( #3811 ), #1904, .T. ) ;
#3761 = CARTESIAN_POINT ( 'NONE',  ( -5.245037279278144560, 19.26118431703111256, -11.49000000000000199 ) ) ;
#3762 = EDGE_CURVE ( 'NONE', #2928, #861, #2315, .T. ) ;
#3763 = ORIENTED_EDGE ( 'NONE', *, *, #3441, .F. ) ;
#3764 = ORIENTED_EDGE ( 'NONE', *, *, #6283, .F. ) ;
#3765 = DIRECTION ( 'NONE',  ( 0.000000000000000000, 0.000000000000000000, 1.000000000000000000 ) ) ;
#3766 = CARTESIAN_POINT ( 'NONE',  ( -2.861935988226919303, 16.59979568541641370, -11.49999999999999467 ) ) ;
#3767 = CARTESIAN_POINT ( 'NONE',  ( 11.92148437500000568, 18.59494965492169172, -11.50000000000000000 ) ) ;
#3768 = CARTESIAN_POINT ( 'NONE',  ( -6.054451246166498102, 20.42085206762271810, -11.49000000000000199 ) ) ;
#3769 = CARTESIAN_POINT ( 'NONE',  ( -15.13590226505831993, 22.17888236798963320, -11.50000000000000000 ) ) ;
#3770 = CARTESIAN_POINT ( 'NONE',  ( 0.3749999999999983902, 21.60198090492169243, -11.49999999999999822 ) ) ;
#3771 = LINE ( 'NONE', #811, #1829 ) ;
#3772 = CARTESIAN_POINT ( 'NONE',  ( -5.458593750000002132, 18.61838715492169882, -11.49000000000000021 ) ) ;
#3773 = CARTESIAN_POINT ( 'NONE',  ( 7.204334396611282720, 20.29646084726622846, -11.49999999999999822 ) ) ;
#3774 = CARTESIAN_POINT ( 'NONE',  ( 4.644140624999998579, 16.27463715492169527, -11.49000000000000021 ) ) ;
#3775 = EDGE_CURVE ( 'NONE', #3057, #1624, #4666, .T. ) ;
#3776 = CARTESIAN_POINT ( 'NONE',  ( 7.838484333614810673, 18.83516455200612327, -11.50000000000000533 ) ) ;
#3777 = CARTESIAN_POINT ( 'NONE',  ( 8.518472623091795981, 21.42983988235740966, -11.48999999999999844 ) ) ;
#3778 = CARTESIAN_POINT ( 'NONE',  ( 1.041796874999998401, 16.27463715492169527, -11.50000000000000000 ) ) ;
#3779 = CARTESIAN_POINT ( 'NONE',  ( -16.79210983933947787, 17.39571808965235533, -11.48999999999999844 ) ) ;
#3780 = CARTESIAN_POINT ( 'NONE',  ( -10.57288755515223855, 21.10632152843301768, -11.49000000000000021 ) ) ;
#3781 = ORIENTED_EDGE ( 'NONE', *, *, #5585, .F. ) ;
#3782 = CARTESIAN_POINT ( 'NONE',  ( 12.16950642446744801, 22.06982010378462888, -11.48999999999999666 ) ) ;
#3783 = CARTESIAN_POINT ( 'NONE',  ( -2.782031250000002398, 16.88049652992170024, -11.49000000000000021 ) ) ;
#3784 = EDGE_CURVE ( 'NONE', #1096, #4343, #1846, .T. ) ;
#3785 = CARTESIAN_POINT ( 'NONE',  ( 19.50000000000000000, 30.50000000000000355, 3.061616997868376239E-16 ) ) ;
#3786 = B_SPLINE_SURFACE_WITH_KNOTS ( 'NONE', 3, 1, ( 
 ( #2357, #4362 ),
 ( #3282, #924 ),
 ( #1287, #4794 ),
 ( #1350, #1386 ),
 ( #6340, #1878 ),
 ( #2820, #3380 ),
 ( #5823, #3342 ),
 ( #1421, #823 ),
 ( #2426, #4893 ),
 ( #4825, #2323 ),
 ( #4330, #1911 ) ),
 .UNSPECIFIED., .F., .F., .F.,
 ( 4, 1, 1, 1, 1, 1, 1, 1, 4 ),
 ( 2, 2 ),
 ( 0.000000000000000000, 0.1171078803654466843, 0.2270909441298507858, 0.3351846907160036526, 0.4468905851520978967, 0.5652262138635687494, 0.6924415323250240339, 0.8373408960808086388, 1.000000000000000000 ),
 ( 0.000000000000000000, 1.000000000000000000 ),
 .UNSPECIFIED. ) ;
#3787 = ORIENTED_EDGE ( 'NONE', *, *, #2325, .T. ) ;
#3788 = CARTESIAN_POINT ( 'NONE',  ( -4.671093750000002487, 19.12463715492169669, -11.49000000000000021 ) ) ;
#3789 = CARTESIAN_POINT ( 'NONE',  ( -2.625000000000002220, 20.18752777992169811, -11.50000000000000000 ) ) ;
#3790 = CARTESIAN_POINT ( 'NONE',  ( 17.10000000000000853, 18.37112152992169456, -11.49000000000000021 ) ) ;
#3791 = CARTESIAN_POINT ( 'NONE',  ( -8.700000000000001066, 21.66526215492169882, -11.49000000000000021 ) ) ;
#3792 = ADVANCED_FACE ( 'NONE', ( #4857 ), #2356, .T. ) ;
#3793 = CARTESIAN_POINT ( 'NONE',  ( -5.342470074420690551, 19.32579746774075957, -11.48999999999999844 ) ) ;
#3794 = VERTEX_POINT ( 'NONE', #5491 ) ;
#3795 = VERTEX_POINT ( 'NONE', #4960 ) ;
#3796 = ADVANCED_FACE ( 'NONE', ( #2559 ), #1518, .F. ) ;
#3797 = EDGE_LOOP ( 'NONE', ( #4281 ) ) ;
#3798 = CARTESIAN_POINT ( 'NONE',  ( -9.068191780750217035, 21.11965191184379975, -11.50000000000000178 ) ) ;
#3799 = CARTESIAN_POINT ( 'NONE',  ( -2.783576665202361689, 16.84472063150613863, -11.50000000000000000 ) ) ;
#3800 = CARTESIAN_POINT ( 'NONE',  ( 0.4065949823226485127, 21.88778552912956599, -11.49000000000000021 ) ) ;
#3801 = CARTESIAN_POINT ( 'NONE',  ( 4.601447461994734311, 22.27278984943204776, -11.50000000000000000 ) ) ;
#3802 = CARTESIAN_POINT ( 'NONE',  ( 7.229352108643287700, 20.48254218286534822, -11.49999999999999822 ) ) ;
#3803 = FACE_OUTER_BOUND ( 'NONE', #3132, .T. ) ;
#3804 = ORIENTED_EDGE ( 'NONE', *, *, #859, .F. ) ;
#3805 = CARTESIAN_POINT ( 'NONE',  ( 8.126290149640942317, 18.75406505505996790, -11.50000000000000000 ) ) ;
#3806 = CARTESIAN_POINT ( 'NONE',  ( -18.00000000000000000, 29.00000000000000000, 0.000000000000000000 ) ) ;
#3807 = CARTESIAN_POINT ( 'NONE',  ( 8.517667236178775525, 22.26992136905658981, -11.49999999999998934 ) ) ;
#3808 = CARTESIAN_POINT ( 'NONE',  ( 11.01314943324701545, 18.05986582706652399, -11.49000000000000021 ) ) ;
#3809 = VECTOR ( 'NONE', #5655, 1000.000000000000000 ) ;
#3810 = VERTEX_POINT ( 'NONE', #2044 ) ;
#3811 = FACE_OUTER_BOUND ( 'NONE', #628, .T. ) ;
#3812 = CARTESIAN_POINT ( 'NONE',  ( 10.98656553307646710, 18.81386804161049398, -11.49999999999999822 ) ) ;
#3813 = CARTESIAN_POINT ( 'NONE',  ( -8.135349705920312147, 16.27615253028747944, -11.48999999999999844 ) ) ;
#3814 = VECTOR ( 'NONE', #1843, 1000.000000000000000 ) ;
#3815 = ADVANCED_FACE ( 'NONE', ( #6054 ), #2458, .T. ) ;
#3816 = CARTESIAN_POINT ( 'NONE',  ( -5.614519811566908380, 22.13071701641699818, -11.49999999999999822 ) ) ;
#3817 = ORIENTED_EDGE ( 'NONE', *, *, #380, .T. ) ;
#3818 = CARTESIAN_POINT ( 'NONE',  ( 16.06171875000000782, 18.59494965492169172, -11.50000000000000178 ) ) ;
#3819 = CARTESIAN_POINT ( 'NONE',  ( 6.150000000000004796, 20.09963715492169456, -11.49000000000000021 ) ) ;
#3820 = CIRCLE ( 'NONE', #2767, 1.250000000000001110 ) ;
#3821 = CARTESIAN_POINT ( 'NONE',  ( 1.089766993834016429, 16.27667721724275296, -11.49999999999999645 ) ) ;
#3822 = CARTESIAN_POINT ( 'NONE',  ( -11.01272675748531960, 18.14093490254761676, -11.48999999999999666 ) ) ;
#3823 = ORIENTED_EDGE ( 'NONE', *, *, #3863, .T. ) ;
#3824 = ORIENTED_EDGE ( 'NONE', *, *, #1347, .F. ) ;
#3825 = VECTOR ( 'NONE', #560, 1000.000000000000000 ) ;
#3826 = ORIENTED_EDGE ( 'NONE', *, *, #3830, .F. ) ;
#3827 = CARTESIAN_POINT ( 'NONE',  ( -8.835392768518167017, 20.69467861808650255, -11.48999999999999844 ) ) ;
#3828 = CARTESIAN_POINT ( 'NONE',  ( -12.37267274801646977, 16.81178080255729412, -11.49999999999999467 ) ) ;
#3829 = CARTESIAN_POINT ( 'NONE',  ( -11.01272675748531960, 18.14093490254761676, -11.49999999999999289 ) ) ;
#3830 = EDGE_CURVE ( 'NONE', #388, #357, #206, .T. ) ;
#3831 = VECTOR ( 'NONE', #2560, 1000.000000000000000 ) ;
#3832 = CARTESIAN_POINT ( 'NONE',  ( 0.3766482262497243272, 21.65368087746210790, -11.49000000000000377 ) ) ;
#3833 = VECTOR ( 'NONE', #1021, 1000.000000000000000 ) ;
#3834 = CARTESIAN_POINT ( 'NONE',  ( -2.786518862491108361, 16.77660964672996613, -11.49000000000000021 ) ) ;
#3835 = ORIENTED_EDGE ( 'NONE', *, *, #715, .F. ) ;
#3836 = CARTESIAN_POINT ( 'NONE',  ( 13.68154744953442581, 17.98608703667548170, -11.49000000000000021 ) ) ;
#3837 = EDGE_CURVE ( 'NONE', #2704, #6381, #1026, .T. ) ;
#3838 = CARTESIAN_POINT ( 'NONE',  ( -12.36796875000000462, 16.91448090492170664, -11.50000000000000533 ) ) ;
#3839 = B_SPLINE_SURFACE_WITH_KNOTS ( 'NONE', 3, 1, ( 
 ( #6225, #5184 ),
 ( #151, #2159 ),
 ( #4160, #2669 ),
 ( #674, #5739 ),
 ( #5274, #5674 ),
 ( #2185, #1237 ),
 ( #6166, #1657 ) ),
 .UNSPECIFIED., .F., .F., .F.,
 ( 4, 1, 1, 1, 4 ),
 ( 2, 2 ),
 ( 0.000000000000000000, 0.3406731380352455152, 0.6198067946432279651, 0.8404565610834890954, 1.000000000000000000 ),
 ( 0.000000000000000000, 1.000000000000000000 ),
 .UNSPECIFIED. ) ;
#3840 = CARTESIAN_POINT ( 'NONE',  ( 16.96027952303399644, 18.05450154737683022, -11.48999999999999666 ) ) ;
#3841 = CARTESIAN_POINT ( 'NONE',  ( 19.00000000000000000, 30.50000000000000355, -9.500000000000000000 ) ) ;
#3842 = CARTESIAN_POINT ( 'NONE',  ( -8.398385123807107888, 16.31357058305135155, -11.49999999999999467 ) ) ;
#3843 = ORIENTED_EDGE ( 'NONE', *, *, #3657, .F. ) ;
#3844 = CARTESIAN_POINT ( 'NONE',  ( 1.009641339390540571, 16.27594505135929381, -11.49000000000000021 ) ) ;
#3845 = CARTESIAN_POINT ( 'NONE',  ( 13.08909655217842527, 22.10302106023839031, -11.50000000000000178 ) ) ;
#3846 = EDGE_CURVE ( 'NONE', #4341, #5885, #2916, .T. ) ;
#3847 = CARTESIAN_POINT ( 'NONE',  ( -7.860104242765968863, 16.35919383071468403, -11.49000000000000021 ) ) ;
#3848 = DIRECTION ( 'NONE',  ( 0.000000000000000000, -1.000000000000000000, 0.000000000000000000 ) ) ;
#3849 = EDGE_LOOP ( 'NONE', ( #5267, #1724, #3692, #4387 ) ) ;
#3850 = CARTESIAN_POINT ( 'NONE',  ( 9.356702726503881351, 22.03852681334775809, -11.49000000000000199 ) ) ;
#3851 = CARTESIAN_POINT ( 'NONE',  ( 8.203416954778555592, 17.92626963270166485, -11.50000000000000178 ) ) ;
#3852 = ORIENTED_EDGE ( 'NONE', *, *, #5895, .T. ) ;
#3853 = CARTESIAN_POINT ( 'NONE',  ( 1.586818704055152685, 16.56893540662995434, -11.50000000000000178 ) ) ;
#3854 = PLANE ( 'NONE',  #5822 ) ;
#3855 = VERTEX_POINT ( 'NONE', #2 ) ;
#3856 = VERTEX_POINT ( 'NONE', #2951 ) ;
#3857 = CARTESIAN_POINT ( 'NONE',  ( 11.82157030913059437, 18.28903783219836043, -11.49000000000000377 ) ) ;
#3858 = CARTESIAN_POINT ( 'NONE',  ( -12.83159102757657877, 16.42817730693538536, -11.49999999999999822 ) ) ;
#3859 = CARTESIAN_POINT ( 'NONE',  ( -3.703618124291975899, 20.63603093724919546, -11.50000000000000178 ) ) ;
#3860 = CARTESIAN_POINT ( 'NONE',  ( 8.627992460462129642, 18.79777871199867079, -11.48999999999999844 ) ) ;
#3861 = CARTESIAN_POINT ( 'NONE',  ( -14.58342433311496222, 22.23476350499957377, -11.49999999999999822 ) ) ;
#3862 = CARTESIAN_POINT ( 'NONE',  ( -12.92215854091367078, 17.39821133767034667, -11.49000000000000021 ) ) ;
#3863 = EDGE_CURVE ( 'NONE', #2216, #357, #4996, .T. ) ;
#3864 = CARTESIAN_POINT ( 'NONE',  ( 7.201473119640739107, 20.16807827636460715, -11.49000000000000021 ) ) ;
#3865 = ORIENTED_EDGE ( 'NONE', *, *, #4166, .F. ) ;
#3866 = ORIENTED_EDGE ( 'NONE', *, *, #4258, .T. ) ;
#3867 = CARTESIAN_POINT ( 'NONE',  ( 13.60735999448576372, 18.03853498385417353, -11.48999999999999844 ) ) ;
#3868 = LINE ( 'NONE', #1805, #690 ) ;
#3869 = CARTESIAN_POINT ( 'NONE',  ( -8.700000000000001066, 18.59846527992169740, -11.50000000000000000 ) ) ;
#3870 = CARTESIAN_POINT ( 'NONE',  ( 9.978607185618193043, 21.52507296801877246, -11.49999999999998934 ) ) ;
#3871 = ADVANCED_FACE ( 'NONE', ( #2081, #1058 ), #4763, .F. ) ;
#3872 = EDGE_LOOP ( 'NONE', ( #2736, #504, #5187, #768 ) ) ;
#3873 = CARTESIAN_POINT ( 'NONE',  ( 12.55460966622137775, 22.27191862467599037, -11.49000000000000021 ) ) ;
#3874 = CARTESIAN_POINT ( 'NONE',  ( 12.63867187500000711, 22.27463715492169172, -11.50000000000000000 ) ) ;
#3875 = CARTESIAN_POINT ( 'NONE',  ( -8.059521093145789905, 16.27905058727511900, -11.48999999999999844 ) ) ;
#3876 = CARTESIAN_POINT ( 'NONE',  ( -6.557632891912091644, 21.26193617631491506, -11.49000000000000021 ) ) ;
#3877 = ORIENTED_EDGE ( 'NONE', *, *, #2611, .F. ) ;
#3878 = CARTESIAN_POINT ( 'NONE',  ( 16.97695312500000497, 18.86916840492169456, -11.50000000000000000 ) ) ;
#3879 = CARTESIAN_POINT ( 'NONE',  ( 14.69163404697440711, 18.71323843085609084, -11.50000000000000355 ) ) ;
#3880 = EDGE_CURVE ( 'NONE', #4115, #3898, #2155, .T. ) ;
#3881 = LINE ( 'NONE', #5888, #667 ) ;
#3882 = EDGE_LOOP ( 'NONE', ( #5436, #887, #1920, #6087, #2580, #2766, #3886, #207 ) ) ;
#3883 = CARTESIAN_POINT ( 'NONE',  ( 1.586818704055152685, 16.56893540662995434, -11.49000000000000377 ) ) ;
#3884 = CARTESIAN_POINT ( 'NONE',  ( -4.055989938216007396, 18.33297227497380177, -11.49999999999999467 ) ) ;
#3885 = ORIENTED_EDGE ( 'NONE', *, *, #5650, .T. ) ;
#3886 = ORIENTED_EDGE ( 'NONE', *, *, #4599, .T. ) ;
#3887 = CARTESIAN_POINT ( 'NONE',  ( 0.4065949823226485127, 21.88778552912956599, -11.50000000000000000 ) ) ;
#3888 = CARTESIAN_POINT ( 'NONE',  ( 13.94399507001851468, 17.92569075306036197, -11.50000000000000000 ) ) ;
#3889 = CARTESIAN_POINT ( 'NONE',  ( -9.415999122075438876, 18.83732890146366401, -11.50000000000000000 ) ) ;
#3890 = B_SPLINE_SURFACE_WITH_KNOTS ( 'NONE', 3, 1, ( 
 ( #6215, #3185 ),
 ( #5265, #5205 ),
 ( #2690, #4694 ),
 ( #1228, #5237 ),
 ( #2235, #2753 ),
 ( #4237, #6245 ),
 ( #801, #1327 ),
 ( #2827, #2926 ),
 ( #368, #5437 ),
 ( #438, #2435 ),
 ( #932, #4934 ),
 ( #5831, #2796 ),
 ( #1921, #1293 ),
 ( #3319, #5344 ),
 ( #4902, #5404 ),
 ( #4306, #5372 ),
 ( #5925, #3390 ),
 ( #4433, #6348 ),
 ( #862, #2857 ) ),
 .UNSPECIFIED., .F., .F., .F.,
 ( 4, 1, 1, 1, 1, 1, 1, 1, 1, 1, 1, 1, 1, 1, 1, 1, 4 ),
 ( 2, 2 ),
 ( 0.000000000000000000, 0.05995852439492303787, 0.1187699002918759655, 0.1760815479608247303, 0.2338585274550120663, 0.2915794445317002603, 0.3491775348295567127, 0.4074358133993448705, 0.4672794854007256693, 0.5283349030081821995, 0.5903842081227581584, 0.6538223996110089642, 0.7196892810252822903, 0.7873065047549158146, 0.8559650902523796567, 0.9268652257306448927, 0.9999999999999998890 ),
 ( 0.000000000000000000, 1.000000000000000000 ),
 .UNSPECIFIED. ) ;
#3891 = CARTESIAN_POINT ( 'NONE',  ( 8.402049901300204127, 18.75317799646351702, -11.48999999999999844 ) ) ;
#3892 = CARTESIAN_POINT ( 'NONE',  ( -6.523250798638578374, 19.20766849933373877, -11.50000000000000178 ) ) ;
#3893 = DIRECTION ( 'NONE',  ( 0.000000000000000000, -0.000000000000000000, 1.000000000000000000 ) ) ;
#3894 = CARTESIAN_POINT ( 'NONE',  ( -12.37261909970936991, 17.01679762718747568, -11.49000000000000199 ) ) ;
#3895 = CARTESIAN_POINT ( 'NONE',  ( 4.034213794921617691, 22.08602481236270165, -11.49999999999999822 ) ) ;
#3896 = B_SPLINE_SURFACE_WITH_KNOTS ( 'NONE', 3, 1, ( 
 ( #1477, #1447 ),
 ( #4515, #2485 ),
 ( #4418, #1972 ),
 ( #5559, #521 ),
 ( #1049, #4954 ),
 ( #3410, #4038 ),
 ( #2550, #2074 ),
 ( #3444, #917 ),
 ( #2417, #5907 ),
 ( #1411, #2518 ),
 ( #31, #5422 ) ),
 .UNSPECIFIED., .F., .F., .F.,
 ( 4, 1, 1, 1, 1, 1, 1, 1, 4 ),
 ( 2, 2 ),
 ( 0.000000000000000000, 0.1492571092527161802, 0.2811873988367548094, 0.3971424075277983357, 0.5024248458486634261, 0.6056597735655098180, 0.7188715579523693444, 0.8495578167366056865, 1.000000000000000000 ),
 ( 0.000000000000000000, 1.000000000000000000 ),
 .UNSPECIFIED. ) ;
#3897 = CARTESIAN_POINT ( 'NONE',  ( 7.832518902798166316, 21.36212991629943048, -11.49000000000000554 ) ) ;
#3898 = VERTEX_POINT ( 'NONE', #5597 ) ;
#3899 = LINE ( 'NONE', #4817, #3496 ) ;
#3900 = DIRECTION ( 'NONE',  ( -1.000000000000000000, 0.000000000000000000, 0.000000000000000000 ) ) ;
#3901 = FACE_OUTER_BOUND ( 'NONE', #2798, .T. ) ;
#3902 = DIRECTION ( 'NONE',  ( 1.000000000000000000, 0.000000000000000000, -0.000000000000000000 ) ) ;
#3903 = CARTESIAN_POINT ( 'NONE',  ( 1.424999999999998490, 18.22463715492169456, -11.50000000000000000 ) ) ;
#3904 = EDGE_CURVE ( 'NONE', #3636, #3985, #4922, .T. ) ;
#3905 = CARTESIAN_POINT ( 'NONE',  ( -6.126169280474252687, 19.70011769672222357, -11.49000000000000021 ) ) ;
#3906 = CARTESIAN_POINT ( 'NONE',  ( 10.88210612089360652, 18.46394279804733785, -11.50000000000000355 ) ) ;
#3907 = CARTESIAN_POINT ( 'NONE',  ( 5.173552347271637153, 21.57047335887136086, -11.49000000000000021 ) ) ;
#3908 = AXIS2_PLACEMENT_3D ( 'NONE', #587, #5163, #4650 ) ;
#3909 = VERTEX_POINT ( 'NONE', #4424 ) ;
#3910 = CARTESIAN_POINT ( 'NONE',  ( -9.773700413751885918, 21.44780689184558753, -11.50000000000000000 ) ) ;
#3911 = VERTEX_POINT ( 'NONE', #6440 ) ;
#3912 = CARTESIAN_POINT ( 'NONE',  ( 16.06171875000000782, 18.59494965492169172, -11.49000000000000021 ) ) ;
#3913 = CARTESIAN_POINT ( 'NONE',  ( 6.592874234935999667, 18.66761064298979278, -11.50000000000000000 ) ) ;
#3914 = CARTESIAN_POINT ( 'NONE',  ( 0.3762709893116442661, 16.99542995217675312, -11.49000000000000021 ) ) ;
#3915 = B_SPLINE_CURVE_WITH_KNOTS ( 'NONE', 3,
 ( #6205, #3680, #5196, #684, #3126, #4597, #204, #3222, #2176, #5173, #173 ),
 .UNSPECIFIED., .F., .F.,
 ( 4, 1, 1, 1, 1, 1, 1, 1, 4 ),
 ( 0.000000000000000000, 0.1198828408782563887, 0.2320440428837509395, 0.3389948249441288586, 0.4499042468325325506, 0.5666401362546901188, 0.6945235824309358152, 0.8369091556675993804, 0.9999999999999998890 ),
 .UNSPECIFIED. ) ;
#3916 = ORIENTED_EDGE ( 'NONE', *, *, #291, .F. ) ;
#3917 = DIRECTION ( 'NONE',  ( 0.000000000000000000, -1.000000000000000000, -0.000000000000000000 ) ) ;
#3918 = CARTESIAN_POINT ( 'NONE',  ( -3.552498897838611391, 18.51833239843699275, -11.50000000000000178 ) ) ;
#3919 = ORIENTED_EDGE ( 'NONE', *, *, #1078, .F. ) ;
#3920 = EDGE_CURVE ( 'NONE', #1648, #5503, #1947, .T. ) ;
#3921 = ORIENTED_EDGE ( 'NONE', *, *, #5742, .F. ) ;
#3922 = CARTESIAN_POINT ( 'NONE',  ( -6.526171875000003730, 19.24182465492170024, -11.49000000000000199 ) ) ;
#3923 = AXIS2_PLACEMENT_3D ( 'NONE', #592, #2589, #6116 ) ;
#3924 = DIRECTION ( 'NONE',  ( 0.000000000000000000, 1.000000000000000000, -0.000000000000000000 ) ) ;
#3925 = CARTESIAN_POINT ( 'NONE',  ( -3.676581631302196840, 20.36183044285652954, -11.50000000000000178 ) ) ;
#3926 = CARTESIAN_POINT ( 'NONE',  ( -9.976073945950373556, 18.75564692172240910, -11.49000000000000199 ) ) ;
#3927 = DIRECTION ( 'NONE',  ( 1.224646799147352714E-16, -0.000000000000000000, 1.000000000000000000 ) ) ;
#3928 = FACE_OUTER_BOUND ( 'NONE', #2606, .T. ) ;
#3929 = ORIENTED_EDGE ( 'NONE', *, *, #3593, .F. ) ;
#3930 = DIRECTION ( 'NONE',  ( -0.000000000000000000, -0.000000000000000000, -1.000000000000000000 ) ) ;
#3931 = VECTOR ( 'NONE', #2491, 1000.000000000000000 ) ;
#3932 = CARTESIAN_POINT ( 'NONE',  ( 4.408171892307494844, 22.26854095515639997, -11.49000000000000199 ) ) ;
#3933 = CARTESIAN_POINT ( 'NONE',  ( 11.25810916044281207, 17.92871372214521131, -11.49000000000000377 ) ) ;
#3934 = CARTESIAN_POINT ( 'NONE',  ( 14.63624948980018559, 21.51719135141684447, -11.48999999999999666 ) ) ;
#3935 = EDGE_LOOP ( 'NONE', ( #2349, #1976, #1193, #1433 ) ) ;
#3936 = VECTOR ( 'NONE', #5805, 1000.000000000000000 ) ;
#3937 = VERTEX_POINT ( 'NONE', #4952 ) ;
#3938 = LINE ( 'NONE', #1576, #2988 ) ;
#3939 = AXIS2_PLACEMENT_3D ( 'NONE', #4639, #2279, #4278 ) ;
#3940 = CARTESIAN_POINT ( 'NONE',  ( -17.25000000000000711, 16.91448090492170664, -11.50000000000000178 ) ) ;
#3941 = DIRECTION ( 'NONE',  ( 0.9586707621516336042, 0.2845177846736579030, -0.000000000000000000 ) ) ;
#3942 = CARTESIAN_POINT ( 'NONE',  ( -8.700000000000001066, 21.55862152992169811, -11.49000000000000021 ) ) ;
#3943 = CARTESIAN_POINT ( 'NONE',  ( -9.069979096322967393, 19.10763857231545515, -11.49000000000000021 ) ) ;
#3944 = CARTESIAN_POINT ( 'NONE',  ( 5.141887886480998482, 21.84009299288469919, -11.48999999999999666 ) ) ;
#3945 = EDGE_CURVE ( 'NONE', #1189, #3533, #3449, .T. ) ;
#3946 = CARTESIAN_POINT ( 'NONE',  ( -6.658322533928020093, 20.87246664946742669, -11.48999999999999844 ) ) ;
#3947 = ORIENTED_EDGE ( 'NONE', *, *, #453, .F. ) ;
#3948 = CARTESIAN_POINT ( 'NONE',  ( 9.846848917169390702, 21.67865699665115287, -11.49000000000000377 ) ) ;
#3949 = DIRECTION ( 'NONE',  ( -0.000000000000000000, -0.000000000000000000, -1.000000000000000000 ) ) ;
#3950 = CARTESIAN_POINT ( 'NONE',  ( -8.214709183129825121, 16.27635569901207546, -11.50000000000000000 ) ) ;
#3951 = VERTEX_POINT ( 'NONE', #3977 ) ;
#3952 = CARTESIAN_POINT ( 'NONE',  ( 7.405194103926028504, 22.12117161190225545, -11.49000000000000199 ) ) ;
#3953 = CARTESIAN_POINT ( 'NONE',  ( -11.73357749988105780, 18.97097199359856035, -11.49000000000000377 ) ) ;
#3954 = ORIENTED_EDGE ( 'NONE', *, *, #926, .F. ) ;
#3955 = EDGE_CURVE ( 'NONE', #4002, #6288, #5981, .T. ) ;
#3956 = CARTESIAN_POINT ( 'NONE',  ( -9.829687500000002132, 18.74963715492169669, -11.50000000000000000 ) ) ;
#3957 = LINE ( 'NONE', #1962, #3620 ) ;
#3958 = CARTESIAN_POINT ( 'NONE',  ( -11.54681301622305156, 18.63268140073694212, -11.49999999999999467 ) ) ;
#3959 = ADVANCED_FACE ( 'NONE', ( #1125 ), #2199, .T. ) ;
#3960 = CARTESIAN_POINT ( 'NONE',  ( 9.003103298529818943, 19.02219998715845151, -11.49000000000000554 ) ) ;
#3961 = CARTESIAN_POINT ( 'NONE',  ( 19.50000000000000000, 9.635781669160051521, 0.000000000000000000 ) ) ;
#3962 = CARTESIAN_POINT ( 'NONE',  ( 12.40106300108341308, 22.23836528860310935, -11.49000000000000199 ) ) ;
#3963 = CARTESIAN_POINT ( 'NONE',  ( 15.34101562500000782, 22.27463715492169172, -11.49000000000000021 ) ) ;
#3964 = CARTESIAN_POINT ( 'NONE',  ( 3.928406928215279592, 21.98000699469809049, -11.49999999999999289 ) ) ;
#3965 = FACE_OUTER_BOUND ( 'NONE', #4042, .T. ) ;
#3966 = CARTESIAN_POINT ( 'NONE',  ( -4.723903038236683116, 19.12508295455236507, -11.49000000000000377 ) ) ;
#3967 = ORIENTED_EDGE ( 'NONE', *, *, #1877, .F. ) ;
#3968 = EDGE_CURVE ( 'NONE', #8, #4741, #3621, .T. ) ;
#3969 = APPLICATION_PROTOCOL_DEFINITION ( 'draft international standard', 'automotive_design', 1998, #1978 ) ;
#3970 = CARTESIAN_POINT ( 'NONE',  ( -17.00000000000000000, 1.500000000000000000, -6.499999999999997335 ) ) ;
#3971 = DIRECTION ( 'NONE',  ( -1.000000000000000000, 0.000000000000000000, 0.000000000000000000 ) ) ;
#3972 = CARTESIAN_POINT ( 'NONE',  ( -10.87057193066886995, 19.91104000341688973, -11.50000000000000178 ) ) ;
#3973 = CARTESIAN_POINT ( 'NONE',  ( 8.202245536801335390, 22.27302936224992536, -11.49000000000000021 ) ) ;
#3974 = ORIENTED_EDGE ( 'NONE', *, *, #286, .T. ) ;
#3975 = CARTESIAN_POINT ( 'NONE',  ( 9.846848917169390702, 21.67865699665115287, -11.50000000000000355 ) ) ;
#3976 = EDGE_CURVE ( 'NONE', #6446, #1094, #625, .T. ) ;
#3977 = CARTESIAN_POINT ( 'NONE',  ( 6.150000000000004796, 20.09963715492169456, -11.50000000000000000 ) ) ;
#3978 = CARTESIAN_POINT ( 'NONE',  ( -12.96914062500000320, 17.39963715492170238, -11.50000000000000000 ) ) ;
#3979 = CARTESIAN_POINT ( 'NONE',  ( 14.69163404697440711, 18.71323843085609084, -11.49999999999999289 ) ) ;
#3980 = CARTESIAN_POINT ( 'NONE',  ( -9.410578371771427086, 21.37033190675194660, -11.50000000000000000 ) ) ;
#3981 = EDGE_LOOP ( 'NONE', ( #2127, #4008, #1631, #1759 ) ) ;
#3982 = CARTESIAN_POINT ( 'NONE',  ( 16.59015127196695971, 17.92573635881845462, -11.50000000000000178 ) ) ;
#3983 = CARTESIAN_POINT ( 'NONE',  ( 12.72025283575570498, 22.27281997554089799, -11.49999999999999467 ) ) ;
#3984 = CARTESIAN_POINT ( 'NONE',  ( 0.3754396508897155926, 17.08045379477224301, -11.49000000000000021 ) ) ;
#3985 = VERTEX_POINT ( 'NONE', #723 ) ;
#3986 = CARTESIAN_POINT ( 'NONE',  ( 12.99276544605963402, 22.18894480123987378, -11.48999999999999666 ) ) ;
#3987 = CARTESIAN_POINT ( 'NONE',  ( 1.409197426367368999, 16.38474350313156336, -11.49999999999999822 ) ) ;
#3988 = CARTESIAN_POINT ( 'NONE',  ( -11.85778711336511115, 19.36432776348755169, -11.49999999999999645 ) ) ;
#3989 = VERTEX_POINT ( 'NONE', #199 ) ;
#3990 = CARTESIAN_POINT ( 'NONE',  ( -6.526171875000003730, 19.24182465492170024, -11.50000000000000178 ) ) ;
#3991 = CARTESIAN_POINT ( 'NONE',  ( 8.281640625000004974, 18.74963715492169314, -11.49999999999998934 ) ) ;
#3992 = CARTESIAN_POINT ( 'NONE',  ( -17.01281333951005337, 16.49365857278321457, -11.49000000000000021 ) ) ;
#3993 = EDGE_CURVE ( 'NONE', #6300, #1080, #2429, .T. ) ;
#3994 = CARTESIAN_POINT ( 'NONE',  ( -10.68393367297903040, 17.99918898773029241, -11.49999999999999467 ) ) ;
#3995 = CARTESIAN_POINT ( 'NONE',  ( -10.80354622670535214, 19.55059263573445705, -11.49000000000000199 ) ) ;
#3996 = CARTESIAN_POINT ( 'NONE',  ( 13.38281250000000711, 21.38518402992169598, -11.49000000000000021 ) ) ;
#3997 = CARTESIAN_POINT ( 'NONE',  ( 13.26796875000000853, 18.76487152992169527, -11.49000000000000021 ) ) ;
#3998 = CARTESIAN_POINT ( 'NONE',  ( 17.06793357018974788, 18.20042368537402666, -11.49000000000000199 ) ) ;
#3999 = CARTESIAN_POINT ( 'NONE',  ( 4.145924946380954879, 22.17514465346754449, -11.49999999999999112 ) ) ;
#4000 = CARTESIAN_POINT ( 'NONE',  ( 11.01314943324701545, 18.05986582706652399, -11.50000000000000000 ) ) ;
#4001 = CARTESIAN_POINT ( 'NONE',  ( 0.4053699551450306027, 16.77034599543786797, -11.50000000000000000 ) ) ;
#4002 = VERTEX_POINT ( 'NONE', #102 ) ;
#4003 = CARTESIAN_POINT ( 'NONE',  ( 4.128034608203318356, 16.79521522319413407, -11.50000000000000000 ) ) ;
#4004 = CARTESIAN_POINT ( 'NONE',  ( -4.760578548752510741, 22.27423519200771906, -11.49000000000000199 ) ) ;
#4005 = CARTESIAN_POINT ( 'NONE',  ( -8.764952704362604763, 19.90542631826507858, -11.49999999999999822 ) ) ;
#4006 = CARTESIAN_POINT ( 'NONE',  ( 8.047182398148033045, 22.26988925139868414, -11.50000000000000178 ) ) ;
#4007 = ADVANCED_FACE ( 'NONE', ( #4233 ), #5948, .T. ) ;
#4008 = ORIENTED_EDGE ( 'NONE', *, *, #4090, .F. ) ;
#4009 = CARTESIAN_POINT ( 'NONE',  ( 8.281640625000004974, 17.92463715492169385, -11.50000000000000355 ) ) ;
#4010 = DIRECTION ( 'NONE',  ( -0.1713411747512473826, 0.9852117548196744901, 0.000000000000000000 ) ) ;
#4011 = DIRECTION ( 'NONE',  ( -0.000000000000000000, -1.000000000000000000, -0.000000000000000000 ) ) ;
#4012 = CARTESIAN_POINT ( 'NONE',  ( 15.34804687500000675, 20.99963715492169669, -11.49000000000000021 ) ) ;
#4013 = B_SPLINE_CURVE_WITH_KNOTS ( 'NONE', 3,
 ( #2770, #220, #1272, #3265, #4284, #4256, #3766, #4808, #5864, #3799, #3326 ),
 .UNSPECIFIED., .F., .F.,
 ( 4, 1, 1, 1, 1, 1, 1, 1, 4 ),
 ( 0.000000000000000000, 0.1633466419797967306, 0.3066913266864549903, 0.4345989141071331385, 0.5476893777153192255, 0.6552956344685724188, 0.7615750495759849859, 0.8747651816497034050, 1.000000000000000000 ),
 .UNSPECIFIED. ) ;
#4014 = ORIENTED_EDGE ( 'NONE', *, *, #5258, .T. ) ;
#4015 = ORIENTED_EDGE ( 'NONE', *, *, #463, .F. ) ;
#4016 = CARTESIAN_POINT ( 'NONE',  ( -2.655790273178302296, 19.80142899742116214, -11.49000000000000021 ) ) ;
#4017 = ORIENTED_EDGE ( 'NONE', *, *, #1802, .F. ) ;
#4018 = CARTESIAN_POINT ( 'NONE',  ( 16.23222717183030284, 18.10399496886857307, -11.49000000000000199 ) ) ;
#4019 = CARTESIAN_POINT ( 'NONE',  ( 7.405194103926028504, 22.12117161190225545, -11.50000000000000178 ) ) ;
#4020 = CARTESIAN_POINT ( 'NONE',  ( 0.4753182779646180078, 16.59221574932976040, -11.50000000000000178 ) ) ;
#4021 = CARTESIAN_POINT ( 'NONE',  ( -5.859087889574419172, 20.54964524589858499, -11.50000000000000533 ) ) ;
#4022 = CARTESIAN_POINT ( 'NONE',  ( -11.91987864512959305, 19.81249118168217649, -11.49999999999999822 ) ) ;
#4023 = ORIENTED_EDGE ( 'NONE', *, *, #2671, .T. ) ;
#4024 = DIRECTION ( 'NONE',  ( -0.000000000000000000, -0.000000000000000000, -1.000000000000000000 ) ) ;
#4025 = DIRECTION ( 'NONE',  ( 3.016910393003144338E-16, 0.000000000000000000, -1.000000000000000000 ) ) ;
#4026 = CARTESIAN_POINT ( 'NONE',  ( -16.65703125000000284, 16.42463715492170451, -11.50000000000000000 ) ) ;
#4027 = VECTOR ( 'NONE', #4167, 1000.000000000000000 ) ;
#4028 = CARTESIAN_POINT ( 'NONE',  ( -10.50398501798016859, 17.95682100496516753, -11.50000000000000000 ) ) ;
#4029 = DIRECTION ( 'NONE',  ( -0.000000000000000000, 0.000000000000000000, -1.000000000000000000 ) ) ;
#4030 = CARTESIAN_POINT ( 'NONE',  ( -3.330777363555645465, 16.42582240235132218, -11.50000000000000178 ) ) ;
#4031 = CARTESIAN_POINT ( 'NONE',  ( 16.04255039043772157, 21.57622626171932012, -11.50000000000000000 ) ) ;
#4032 = VECTOR ( 'NONE', #4156, 1000.000000000000000 ) ;
#4033 = CARTESIAN_POINT ( 'NONE',  ( -8.175000000000004263, 22.27463715492169882, -11.49000000000000199 ) ) ;
#4034 = B_SPLINE_CURVE_WITH_KNOTS ( 'NONE', 3,
 ( #522, #553, #5485, #5025, #2519, #452, #2551, #6048, #4453, #2486, #2982 ),
 .UNSPECIFIED., .F., .F.,
 ( 4, 1, 1, 1, 1, 1, 1, 1, 4 ),
 ( 0.000000000000000000, 0.1286385819702421107, 0.2460129349981672320, 0.3573756046128249708, 0.4679829689395426651, 0.5831388492855265060, 0.7073917427520987067, 0.8448451700221077942, 1.000000000000000000 ),
 .UNSPECIFIED. ) ;
#4035 = CARTESIAN_POINT ( 'NONE',  ( 19.50000000000000000, 30.50000000000000355, -9.500000000000000000 ) ) ;
#4036 = CARTESIAN_POINT ( 'NONE',  ( 14.74540406669248505, 21.84694258477661322, -11.48999999999999666 ) ) ;
#4037 = AXIS2_PLACEMENT_3D ( 'NONE', #2819, #5336, #4394 ) ;
#4038 = CARTESIAN_POINT ( 'NONE',  ( -5.948997874438055611, 16.57053386110310456, -11.50000000000000000 ) ) ;
#4039 = CARTESIAN_POINT ( 'NONE',  ( 7.200000000000005507, 20.10198090492169953, -11.50000000000000178 ) ) ;
#4040 = CARTESIAN_POINT ( 'NONE',  ( -10.87349504406559397, 20.03940711675683417, -11.50000000000000355 ) ) ;
#4041 = CARTESIAN_POINT ( 'NONE',  ( -2.850457189520950951, 21.20277397568898436, -11.49000000000000199 ) ) ;
#4042 = EDGE_LOOP ( 'NONE', ( #2396, #5363, #1810, #3092 ) ) ;
#4043 = CARTESIAN_POINT ( 'NONE',  ( 13.98164062500000604, 19.27463715492169527, -11.50000000000000000 ) ) ;
#4044 = CARTESIAN_POINT ( 'NONE',  ( 13.49333321616065362, 18.15776619327815666, -11.48999999999999488 ) ) ;
#4045 = CARTESIAN_POINT ( 'NONE',  ( 7.204334396611282720, 20.29646084726622846, -11.50000000000000000 ) ) ;
#4046 = EDGE_CURVE ( 'NONE', #3856, #106, #3747, .T. ) ;
#4047 = CARTESIAN_POINT ( 'NONE',  ( -5.715234375000003197, 20.78284027992169669, -11.49000000000000021 ) ) ;
#4048 = CARTESIAN_POINT ( 'NONE',  ( 0.3749999999999983902, 21.60198090492169243, -11.49000000000000021 ) ) ;
#4049 = ORIENTED_EDGE ( 'NONE', *, *, #5962, .T. ) ;
#4050 = CARTESIAN_POINT ( 'NONE',  ( -9.129076590241638200, 21.95995447311723936, -11.50000000000000178 ) ) ;
#4051 = ORIENTED_EDGE ( 'NONE', *, *, #4459, .T. ) ;
#4052 = CARTESIAN_POINT ( 'NONE',  ( 7.215676064878733698, 22.03466068350456908, -11.50000000000000000 ) ) ;
#4053 = CARTESIAN_POINT ( 'NONE',  ( -10.87500000000000178, 20.10549652992169811, -11.50000000000000000 ) ) ;
#4054 = ORIENTED_EDGE ( 'NONE', *, *, #1739, .T. ) ;
#4055 = CARTESIAN_POINT ( 'NONE',  ( 0.7612157550165771225, 16.33583372566101843, -11.49999999999999645 ) ) ;
#4056 = EDGE_CURVE ( 'NONE', #3592, #867, #594, .T. ) ;
#4057 = CARTESIAN_POINT ( 'NONE',  ( 1.586818704055152685, 16.56893540662995434, -11.50000000000000355 ) ) ;
#4058 = CARTESIAN_POINT ( 'NONE',  ( 10.42330323072810927, 20.18020130943468970, -11.49999999999999112 ) ) ;
#4059 = ORIENTED_EDGE ( 'NONE', *, *, #817, .F. ) ;
#4060 = CARTESIAN_POINT ( 'NONE',  ( -4.638096359612625896, 21.52315844254486166, -11.49999999999999645 ) ) ;
#4061 = DIRECTION ( 'NONE',  ( -0.000000000000000000, -0.000000000000000000, -1.000000000000000000 ) ) ;
#4062 = DIRECTION ( 'NONE',  ( -0.9595588769216234493, 0.2815080135998133670, 0.000000000000000000 ) ) ;
#4063 = PLANE ( 'NONE',  #1836 ) ;
#4064 = CARTESIAN_POINT ( 'NONE',  ( 5.144895762723087351, 16.65668133566483888, -11.49999999999999822 ) ) ;
#4065 = CARTESIAN_POINT ( 'NONE',  ( -10.25123498506594721, 18.83866667005231577, -11.48999999999999844 ) ) ;
#4066 = CARTESIAN_POINT ( 'NONE',  ( 0.4261989482513494076, 16.70725855465655130, -11.50000000000000000 ) ) ;
#4067 = CARTESIAN_POINT ( 'NONE',  ( -4.110244569507273127, 22.20595813148883124, -11.49000000000000199 ) ) ;
#4068 = DIRECTION ( 'NONE',  ( 1.000000000000000000, 0.000000000000000000, 1.224646799147352714E-16 ) ) ;
#4069 = DIRECTION ( 'NONE',  ( -0.000000000000000000, -0.000000000000000000, -1.000000000000000000 ) ) ;
#4070 = CARTESIAN_POINT ( 'NONE',  ( -4.650758484747682608, 22.27364388943000861, -11.49000000000000021 ) ) ;
#4071 = ORIENTED_EDGE ( 'NONE', *, *, #6254, .F. ) ;
#4072 = CARTESIAN_POINT ( 'NONE',  ( 6.377445627470897271, 19.01447753834156273, -11.49000000000000199 ) ) ;
#4073 = CARTESIAN_POINT ( 'NONE',  ( -3.675000000000002487, 20.30471527992169811, -11.50000000000000000 ) ) ;
#4074 = CARTESIAN_POINT ( 'NONE',  ( 8.123606376949554786, 21.44385512719211917, -11.50000000000000533 ) ) ;
#4075 = LINE ( 'NONE', #5460, #2459 ) ;
#4076 = EDGE_CURVE ( 'NONE', #3989, #2161, #6119, .T. ) ;
#4077 = CARTESIAN_POINT ( 'NONE',  ( 10.87876341573932315, 18.28652104434131687, -11.50000000000000000 ) ) ;
#4078 = ORIENTED_EDGE ( 'NONE', *, *, #1980, .T. ) ;
#4079 = ADVANCED_FACE ( 'NONE', ( #2408 ), #5652, .T. ) ;
#4080 = CARTESIAN_POINT ( 'NONE',  ( -3.024178551508941215, 18.97141549032662056, -11.49000000000000199 ) ) ;
#4081 = ORIENTED_EDGE ( 'NONE', *, *, #5895, .F. ) ;
#4082 = CARTESIAN_POINT ( 'NONE',  ( 16.09382447827800178, 18.47990686763179013, -11.50000000000000178 ) ) ;
#4083 = CARTESIAN_POINT ( 'NONE',  ( 8.919912428387313241, 21.24975857824126635, -11.50000000000000711 ) ) ;
#4084 = ORIENTED_EDGE ( 'NONE', *, *, #167, .T. ) ;
#4085 = DIRECTION ( 'NONE',  ( 0.000000000000000000, 0.000000000000000000, -1.000000000000000000 ) ) ;
#4086 = B_SPLINE_CURVE_WITH_KNOTS ( 'NONE', 3,
 ( #640, #5765, #705, #148, #6224, #5701, #1201, #3733, #4832, #331, #3348, #3318, #2825, #3879, #4930 ),
 .UNSPECIFIED., .F., .F.,
 ( 4, 1, 1, 1, 1, 1, 1, 1, 1, 1, 1, 1, 4 ),
 ( 0.000000000000000000, 0.09331230189157915800, 0.1788139557885351227, 0.2567339273009175971, 0.3307649674573133192, 0.4020813677358116567, 0.4681085218632481948, 0.5317540578464684531, 0.5927290892851821980, 0.6635265348770722493, 0.7546141175324554418, 0.8675692494122266840, 1.000000000000000000 ),
 .UNSPECIFIED. ) ;
#4087 = CARTESIAN_POINT ( 'NONE',  ( -2.629308924077561116, 19.99222013020360578, -11.49999999999999822 ) ) ;
#4088 = CARTESIAN_POINT ( 'NONE',  ( 10.41996619819722447, 20.33403721320907920, -11.49999999999999112 ) ) ;
#4089 = ORIENTED_EDGE ( 'NONE', *, *, #277, .T. ) ;
#4090 = EDGE_CURVE ( 'NONE', #3643, #1825, #4410, .T. ) ;
#4091 = LINE ( 'NONE', #6134, #5195 ) ;
#4092 = CARTESIAN_POINT ( 'NONE',  ( 21.50000000000000000, 1.500000000000000000, -11.50000000000000000 ) ) ;
#4093 = CARTESIAN_POINT ( 'NONE',  ( 15.34101562500000782, 22.27463715492169172, -11.50000000000000000 ) ) ;
#4094 = CARTESIAN_POINT ( 'NONE',  ( -17.21700914859031784, 17.11221673541054500, -11.49000000000000377 ) ) ;
#4095 = ORIENTED_EDGE ( 'NONE', *, *, #2239, .F. ) ;
#4096 = CARTESIAN_POINT ( 'NONE',  ( 0.3749999999999983902, 21.60198090492169243, -11.50000000000000000 ) ) ;
#4097 = DIRECTION ( 'NONE',  ( 1.000000000000000000, 0.000000000000000000, 0.000000000000000000 ) ) ;
#4098 = CARTESIAN_POINT ( 'NONE',  ( 4.601447461994734311, 22.27278984943204776, -11.50000000000000000 ) ) ;
#4099 = CARTESIAN_POINT ( 'NONE',  ( -5.004703315335359726, 21.47923311584665385, -11.50000000000000000 ) ) ;
#4100 = CARTESIAN_POINT ( 'NONE',  ( 19.50000000000000000, 30.00000000000000355, 3.061616997868376239E-16 ) ) ;
#4101 = CARTESIAN_POINT ( 'NONE',  ( -3.961769243002169816, 19.42232574142690993, -11.49000000000000377 ) ) ;
#4102 = CARTESIAN_POINT ( 'NONE',  ( -3.480393502476141432, 21.92352645991448412, -11.49000000000000199 ) ) ;
#4103 = ORIENTED_EDGE ( 'NONE', *, *, #189, .T. ) ;
#4104 = CARTESIAN_POINT ( 'NONE',  ( -4.702734375000002132, 22.27463715492169527, -11.50000000000000000 ) ) ;
#4105 = CARTESIAN_POINT ( 'NONE',  ( -3.961769243002169816, 19.42232574142690993, -11.50000000000000355 ) ) ;
#4106 = CARTESIAN_POINT ( 'NONE',  ( -8.847656270353066787, 18.43810637319459289, -11.50000000000000000 ) ) ;
#4107 = CARTESIAN_POINT ( 'NONE',  ( -4.687500000000002665, 21.52463715492169882, -11.49000000000000021 ) ) ;
#4108 = CARTESIAN_POINT ( 'NONE',  ( 13.98164062500000782, 17.92463715492169740, -11.49000000000000199 ) ) ;
#4109 = ORIENTED_EDGE ( 'NONE', *, *, #2952, .T. ) ;
#4110 = EDGE_LOOP ( 'NONE', ( #5666, #2642, #1579, #2895 ) ) ;
#4111 = CARTESIAN_POINT ( 'NONE',  ( -9.022054309678885886, 21.87574760990404954, -11.50000000000000000 ) ) ;
#4112 = CARTESIAN_POINT ( 'NONE',  ( -5.715234375000003197, 20.78284027992169669, -11.49000000000000021 ) ) ;
#4113 = CARTESIAN_POINT ( 'NONE',  ( 11.75497780028207018, 18.13992566421396546, -11.49000000000000021 ) ) ;
#4114 = ADVANCED_FACE ( 'NONE', ( #1895 ), #5413, .T. ) ;
#4115 = VERTEX_POINT ( 'NONE', #5899 ) ;
#4116 = CARTESIAN_POINT ( 'NONE',  ( 14.74540406669248505, 21.84694258477661322, -11.48999999999999666 ) ) ;
#4117 = CARTESIAN_POINT ( 'NONE',  ( 1.305304343314096505, 16.32060099906073347, -11.50000000000000355 ) ) ;
#4118 = B_SPLINE_SURFACE_WITH_KNOTS ( 'NONE', 3, 1, ( 
 ( #5349, #4709 ),
 ( #6321, #219 ),
 ( #5800, #2801 ),
 ( #1828, #837 ),
 ( #5707, #4743 ),
 ( #2284, #2311 ),
 ( #2769, #6290 ),
 ( #311, #3798 ),
 ( #4255, #1795 ),
 ( #1208, #1762 ),
 ( #3827, #2217 ),
 ( #5280, #4842 ),
 ( #5836, #3703 ),
 ( #770, #1299 ),
 ( #3205, #5220 ) ),
 .UNSPECIFIED., .F., .F., .F.,
 ( 4, 1, 1, 1, 1, 1, 1, 1, 1, 1, 1, 1, 4 ),
 ( 2, 2 ),
 ( 0.000000000000000000, 0.07433125880460952906, 0.1462283265474874916, 0.2177568673662739207, 0.2903599286591333484, 0.3630850718339861949, 0.4378872412596144237, 0.5165596629887888591, 0.6001169684285653227, 0.6890797924103815308, 0.7843348404502343829, 0.8880284049398760038, 1.000000000000000000 ),
 ( 0.000000000000000000, 1.000000000000000000 ),
 .UNSPECIFIED. ) ;
#4119 = VERTEX_POINT ( 'NONE', #344 ) ;
#4120 = CARTESIAN_POINT ( 'NONE',  ( -12.96914062500000320, 16.42463715492170451, -11.50000000000000000 ) ) ;
#4121 = CARTESIAN_POINT ( 'NONE',  ( -5.458593750000002132, 18.61838715492169882, -11.50000000000000000 ) ) ;
#4122 = CARTESIAN_POINT ( 'NONE',  ( 8.828245405979032512, 21.31063909908085563, -11.48999999999999311 ) ) ;
#4123 = DIRECTION ( 'NONE',  ( -1.000000000000000000, 0.000000000000000000, 0.000000000000000000 ) ) ;
#4124 = CARTESIAN_POINT ( 'NONE',  ( -9.773700413751885918, 21.44780689184558753, -11.49000000000000021 ) ) ;
#4125 = EDGE_CURVE ( 'NONE', #2359, #1487, #1418, .T. ) ;
#4126 = ORIENTED_EDGE ( 'NONE', *, *, #5397, .T. ) ;
#4127 = ORIENTED_EDGE ( 'NONE', *, *, #1760, .F. ) ;
#4128 = CARTESIAN_POINT ( 'NONE',  ( -9.829687500000002132, 18.74963715492169669, -11.49999999999999822 ) ) ;
#4129 = VECTOR ( 'NONE', #3209, 1000.000000000000000 ) ;
#4130 = CARTESIAN_POINT ( 'NONE',  ( -10.48832562776877175, 19.00424143510464958, -11.49000000000000377 ) ) ;
#4131 = CARTESIAN_POINT ( 'NONE',  ( 0.9369617017400514447, 22.27275749764154256, -11.49000000000000021 ) ) ;
#4132 = CARTESIAN_POINT ( 'NONE',  ( 12.61010069110158760, 22.27371317696879771, -11.50000000000000178 ) ) ;
#4133 = CARTESIAN_POINT ( 'NONE',  ( -3.377343750000002309, 16.42463715492170095, -11.49000000000000021 ) ) ;
#4134 = VECTOR ( 'NONE', #1282, 1000.000000000000000 ) ;
#4135 = CARTESIAN_POINT ( 'NONE',  ( -4.671093750000002487, 19.12463715492169669, -11.49000000000000021 ) ) ;
#4136 = CARTESIAN_POINT ( 'NONE',  ( 6.293843824198493309, 20.97819722926810471, -11.49000000000000377 ) ) ;
#4137 = CARTESIAN_POINT ( 'NONE',  ( 7.214001632655594243, 18.16100044358286425, -11.49000000000000554 ) ) ;
#4138 = CARTESIAN_POINT ( 'NONE',  ( -10.13554687500000107, 22.27463715492169527, -11.50000000000000000 ) ) ;
#4139 = VECTOR ( 'NONE', #2138, 1000.000000000000000 ) ;
#4140 = CARTESIAN_POINT ( 'NONE',  ( -9.162967690936964615, 18.18236935487009021, -11.48999999999999844 ) ) ;
#4141 = CARTESIAN_POINT ( 'NONE',  ( -5.152737660890937654, 21.41766468056890105, -11.49000000000000199 ) ) ;
#4142 = CARTESIAN_POINT ( 'NONE',  ( 9.358448632136816769, 20.39842630130153722, -11.48999999999999844 ) ) ;
#4143 = VECTOR ( 'NONE', #665, 1000.000000000000000 ) ;
#4144 = ORIENTED_EDGE ( 'NONE', *, *, #6286, .T. ) ;
#4145 = DIRECTION ( 'NONE',  ( -1.000000000000000000, 0.000000000000000000, -0.000000000000000000 ) ) ;
#4146 = CARTESIAN_POINT ( 'NONE',  ( -7.726889117418189734, 22.03351308590658064, -11.49000000000000377 ) ) ;
#4147 = CARTESIAN_POINT ( 'NONE',  ( -17.24503552687892594, 17.01660548872045453, -11.49999999999999645 ) ) ;
#4148 = PRESENTATION_LAYER_ASSIGNMENT (  '', '', ( #3297 ) ) ;
#4149 = ORIENTED_EDGE ( 'NONE', *, *, #746, .T. ) ;
#4150 = CARTESIAN_POINT ( 'NONE',  ( 15.12269613614999564, 22.24854966569141368, -11.49000000000000021 ) ) ;
#4151 = CARTESIAN_POINT ( 'NONE',  ( 19.00000000000000000, 30.00000000000000355, -9.500000000000000000 ) ) ;
#4152 = CARTESIAN_POINT ( 'NONE',  ( 15.83377010459917322, 22.04048003581086945, -11.50000000000000178 ) ) ;
#4153 = EDGE_CURVE ( 'NONE', #5317, #1230, #1729, .T. ) ;
#4154 = APPLICATION_CONTEXT ( 'automotive_design' ) ;
#4155 = AXIS2_PLACEMENT_3D ( 'NONE', #6355, #2441, #342 ) ;
#4156 = DIRECTION ( 'NONE',  ( -0.000000000000000000, -0.000000000000000000, -1.000000000000000000 ) ) ;
#4157 = CARTESIAN_POINT ( 'NONE',  ( 17.00000000000000000, 1.500000000000000000, 0.000000000000000000 ) ) ;
#4158 = DIRECTION ( 'NONE',  ( 1.000000000000000000, 0.000000000000000000, 0.000000000000000000 ) ) ;
#4159 = DIRECTION ( 'NONE',  ( -0.000000000000000000, 0.000000000000000000, -1.000000000000000000 ) ) ;
#4160 = CARTESIAN_POINT ( 'NONE',  ( 10.95075241784671150, 18.71325681900517424, -11.48999999999999844 ) ) ;
#4161 = DIRECTION ( 'NONE',  ( 0.5547001962252291474, 0.8320502943378437211, 0.000000000000000000 ) ) ;
#4162 = ORIENTED_EDGE ( 'NONE', *, *, #4881, .F. ) ;
#4163 = VERTEX_POINT ( 'NONE', #6039 ) ;
#4164 = LINE ( 'NONE', #2099, #4545 ) ;
#4165 = CARTESIAN_POINT ( 'NONE',  ( -10.37478201929747534, 18.91248840645119955, -11.49999999999999645 ) ) ;
#4166 = EDGE_CURVE ( 'NONE', #5307, #3989, #119, .T. ) ;
#4167 = DIRECTION ( 'NONE',  ( 0.000000000000000000, 0.000000000000000000, 1.000000000000000000 ) ) ;
#4168 = CARTESIAN_POINT ( 'NONE',  ( -5.918250822968984082, 20.49451488222358009, -11.49999999999999822 ) ) ;
#4169 = CARTESIAN_POINT ( 'NONE',  ( -6.489083197514048607, 19.00705854150007923, -11.49000000000000021 ) ) ;
#4170 = B_SPLINE_CURVE_WITH_KNOTS ( 'NONE', 3,
 ( #4890, #4359, #1907, #6369, #6438, #5951, #394, #2391, #4393, #5458, #954 ),
 .UNSPECIFIED., .F., .F.,
 ( 4, 1, 1, 1, 1, 1, 1, 1, 4 ),
 ( 0.000000000000000000, 0.1587228156828218439, 0.2985230391028941277, 0.4238157535965459966, 0.5415901044519221275, 0.6547867376447999987, 0.7650923938678667602, 0.8794934329980712562, 0.9999999999999998890 ),
 .UNSPECIFIED. ) ;
#4171 = CARTESIAN_POINT ( 'NONE',  ( 11.08463625878808934, 17.99977986853214773, -11.49000000000000199 ) ) ;
#4172 = CARTESIAN_POINT ( 'NONE',  ( 3.649218749999998845, 21.58557465492169669, -11.49000000000000021 ) ) ;
#4173 = CARTESIAN_POINT ( 'NONE',  ( 1.419980295792911518, 21.75506003651286591, -11.50000000000000000 ) ) ;
#4174 = B_SPLINE_SURFACE_WITH_KNOTS ( 'NONE', 3, 1, ( 
 ( #518, #1968 ),
 ( #1445, #3365 ),
 ( #3932, #4948 ),
 ( #4414, #976 ),
 ( #6464, #3999 ),
 ( #6426, #3895 ),
 ( #3013, #3964 ),
 ( #3439, #5941 ),
 ( #5384, #2382 ),
 ( #26, #942 ),
 ( #483, #5971 ) ),
 .UNSPECIFIED., .F., .F., .F.,
 ( 4, 1, 1, 1, 1, 1, 1, 1, 4 ),
 ( 2, 2 ),
 ( 0.000000000000000000, 0.1238186686104388451, 0.2381015460255757055, 0.3507223306987723999, 0.4688655951233490771, 0.5942438755259625838, 0.7255259014559289898, 0.8611546743909203050, 1.000000000000000000 ),
 ( 0.000000000000000000, 1.000000000000000000 ),
 .UNSPECIFIED. ) ;
#4175 = DIRECTION ( 'NONE',  ( -0.000000000000000000, -1.000000000000000000, -0.000000000000000000 ) ) ;
#4176 = CARTESIAN_POINT ( 'NONE',  ( -9.720644700415551398, 22.23106922483202297, -11.50000000000000178 ) ) ;
#4177 = CARTESIAN_POINT ( 'NONE',  ( -3.007841027120308208, 17.26018181701145693, -11.50000000000000000 ) ) ;
#4178 = VERTEX_POINT ( 'NONE', #1145 ) ;
#4179 = CARTESIAN_POINT ( 'NONE',  ( -17.10454055895327485, 17.27000616987065840, -11.50000000000000000 ) ) ;
#4180 = CARTESIAN_POINT ( 'NONE',  ( -7.681228422348604923, 21.92462979147017421, -11.49999999999999822 ) ) ;
#4181 = CARTESIAN_POINT ( 'NONE',  ( -10.66317891470030332, 20.98113773801523863, -11.49000000000000021 ) ) ;
#4182 = CARTESIAN_POINT ( 'NONE',  ( 0.4359374999999983680, 16.67776215492169101, -11.49000000000000021 ) ) ;
#4183 = CARTESIAN_POINT ( 'NONE',  ( -6.660937500000002842, 20.82854340492169953, -11.50000000000000000 ) ) ;
#4184 = DIRECTION ( 'NONE',  ( 0.000000000000000000, -1.000000000000000000, 0.000000000000000000 ) ) ;
#4185 = EDGE_CURVE ( 'NONE', #6080, #5770, #2097, .T. ) ;
#4186 = CARTESIAN_POINT ( 'NONE',  ( -5.886760640257551636, 21.99780184687784867, -11.50000000000000178 ) ) ;
#4187 = CARTESIAN_POINT ( 'NONE',  ( -17.24840310372858099, 16.87833479104686063, -11.50000000000000178 ) ) ;
#4188 = CARTESIAN_POINT ( 'NONE',  ( 16.65210122212639021, 17.92618804603922200, -11.50000000000000000 ) ) ;
#4189 = CARTESIAN_POINT ( 'NONE',  ( 8.322314336554322622, 21.44843876535955829, -11.48999999999999844 ) ) ;
#4190 = CARTESIAN_POINT ( 'NONE',  ( -6.557632891912091644, 21.26193617631491506, -11.50000000000000000 ) ) ;
#4191 = B_SPLINE_CURVE_WITH_KNOTS ( 'NONE', 3,
 ( #6203, #4132, #1179, #3173, #4684, #5590, #5712, #2711, #1084, #5095, #1639, #5193, #682, #2680, #192, #2192, #4199 ),
 .UNSPECIFIED., .F., .F.,
 ( 4, 1, 1, 1, 1, 1, 1, 1, 1, 1, 1, 1, 1, 1, 4 ),
 ( 0.000000000000000000, 0.06952526283086382652, 0.1350321394894558047, 0.1964270880322805113, 0.2551415696006418821, 0.3123978050361139180, 0.3704773493750311841, 0.4290144337463325797, 0.4894966988637881600, 0.6185386916283001080, 0.7617700716588313714, 0.8336740435006251282, 0.8962363008806067954, 0.9527852987148628383, 1.000000000000000000 ),
 .UNSPECIFIED. ) ;
#4192 = CARTESIAN_POINT ( 'NONE',  ( 19.50000000000000000, 1.500000000000000000, -9.500000000000000000 ) ) ;
#4193 = ORIENTED_EDGE ( 'NONE', *, *, #3611, .F. ) ;
#4194 = EDGE_CURVE ( 'NONE', #6473, #2253, #4701, .T. ) ;
#4195 = CARTESIAN_POINT ( 'NONE',  ( -17.00000000000000000, 1.500000000000000000, 0.000000000000000000 ) ) ;
#4196 = FACE_OUTER_BOUND ( 'NONE', #6068, .T. ) ;
#4197 = CARTESIAN_POINT ( 'NONE',  ( -6.660937500000002842, 20.82854340492169953, -11.50000000000000000 ) ) ;
#4198 = CARTESIAN_POINT ( 'NONE',  ( -5.859087889574419172, 20.54964524589858499, -11.49000000000000554 ) ) ;
#4199 = CARTESIAN_POINT ( 'NONE',  ( 11.88164062500000639, 21.43205902992169243, -11.50000000000000000 ) ) ;
#4200 = CARTESIAN_POINT ( 'NONE',  ( -3.678686576999430802, 20.12602326098062733, -11.49999999999999645 ) ) ;
#4201 = CARTESIAN_POINT ( 'NONE',  ( -4.059173272649451825, 19.33015872219062459, -11.48999999999999844 ) ) ;
#4202 = B_SPLINE_CURVE_WITH_KNOTS ( 'NONE', 3,
 ( #897, #3458, #4900, #930, #5773, #1273, #402, #5920, #3266, #3424, #2148 ),
 .UNSPECIFIED., .F., .F.,
 ( 4, 1, 1, 1, 1, 1, 1, 1, 4 ),
 ( 0.000000000000000000, 0.1286385819702421107, 0.2460129349981672320, 0.3573756046128249708, 0.4679829689395426651, 0.5831388492855265060, 0.7073917427520987067, 0.8448451700221077942, 1.000000000000000000 ),
 .UNSPECIFIED. ) ;
#4203 = CARTESIAN_POINT ( 'NONE',  ( 16.15130166506324016, 18.29123951932173853, -11.50000000000000178 ) ) ;
#4204 = CARTESIAN_POINT ( 'NONE',  ( 10.42500000000000426, 20.10198090492169598, -11.49000000000000021 ) ) ;
#4205 = CARTESIAN_POINT ( 'NONE',  ( -9.690544491641832181, 17.96088975538145860, -11.49999999999999822 ) ) ;
#4206 = CARTESIAN_POINT ( 'NONE',  ( -9.592957953052730247, 22.19555939912444487, -11.50000000000000178 ) ) ;
#4207 = EDGE_CURVE ( 'NONE', #1875, #3481, #1269, .T. ) ;
#4208 = CARTESIAN_POINT ( 'NONE',  ( -6.130753984724869987, 20.40288587690463729, -11.48999999999999666 ) ) ;
#4209 = ORIENTED_EDGE ( 'NONE', *, *, #3356, .F. ) ;
#4210 = CARTESIAN_POINT ( 'NONE',  ( 16.50000000000000000, 1.500000000000000000, -6.499999999999997335 ) ) ;
#4211 = CARTESIAN_POINT ( 'NONE',  ( -8.700000000000001066, 16.96369965492169740, -11.49000000000000021 ) ) ;
#4212 = EDGE_LOOP ( 'NONE', ( #662, #5530, #4969, #2602 ) ) ;
#4213 = CARTESIAN_POINT ( 'NONE',  ( -14.25000000000000178, 17.39963715492170238, -11.49000000000000021 ) ) ;
#4214 = CARTESIAN_POINT ( 'NONE',  ( -14.76926027062008728, 22.27293280605226755, -11.48999999999999844 ) ) ;
#4215 =( NAMED_UNIT ( * ) PLANE_ANGLE_UNIT ( ) SI_UNIT ( $, .RADIAN. ) );
#4216 = CARTESIAN_POINT ( 'NONE',  ( -6.228111042179024892, 21.74282246962721388, -11.49000000000000199 ) ) ;
#4217 = CARTESIAN_POINT ( 'NONE',  ( -16.78826502181423308, 16.42853395527304983, -11.49999999999999822 ) ) ;
#4218 = CARTESIAN_POINT ( 'NONE',  ( 11.39587142829977218, 17.92614141272353478, -11.49000000000000199 ) ) ;
#4219 = CARTESIAN_POINT ( 'NONE',  ( -6.658322533928020093, 20.87246664946742669, -11.49999999999999822 ) ) ;
#4220 = CARTESIAN_POINT ( 'NONE',  ( -4.956022480473861513, 19.14295339970975007, -11.48999999999999666 ) ) ;
#4221 = ADVANCED_FACE ( 'NONE', ( #5121 ), #4063, .T. ) ;
#4222 = ORIENTED_EDGE ( 'NONE', *, *, #613, .F. ) ;
#4223 = CARTESIAN_POINT ( 'NONE',  ( 8.281640625000004974, 17.92463715492169385, -11.50000000000000355 ) ) ;
#4224 = CARTESIAN_POINT ( 'NONE',  ( -12.36957164648891627, 16.87948564495039605, -11.50000000000000000 ) ) ;
#4225 = CARTESIAN_POINT ( 'NONE',  ( 5.093070169176685980, 21.97389646169609279, -11.50000000000000000 ) ) ;
#4226 = CARTESIAN_POINT ( 'NONE',  ( -6.130753984724869987, 20.40288587690463729, -11.49999999999999467 ) ) ;
#4227 = CARTESIAN_POINT ( 'NONE',  ( -3.676259713990201572, 20.24365570182749252, -11.49000000000000377 ) ) ;
#4228 = LINE ( 'NONE', #3743, #2650 ) ;
#4229 = CARTESIAN_POINT ( 'NONE',  ( 9.372472973416295261, 19.94895541459782251, -11.48999999999999844 ) ) ;
#4230 = CARTESIAN_POINT ( 'NONE',  ( 5.170835270656247040, 21.68289629332614510, -11.49000000000000377 ) ) ;
#4231 = CARTESIAN_POINT ( 'NONE',  ( 10.39044536315832801, 19.64150640895621081, -11.49999999999999822 ) ) ;
#4232 = AXIS2_PLACEMENT_3D ( 'NONE', #4172, #6177, #1667 ) ;
#4233 = FACE_OUTER_BOUND ( 'NONE', #3736, .T. ) ;
#4234 = CARTESIAN_POINT ( 'NONE',  ( -5.004703315335359726, 21.47923311584665385, -11.49000000000000021 ) ) ;
#4235 = DIRECTION ( 'NONE',  ( -0.000000000000000000, -0.000000000000000000, -1.000000000000000000 ) ) ;
#4236 = CARTESIAN_POINT ( 'NONE',  ( 1.423265631407245602, 21.65717253268047671, -11.50000000000000000 ) ) ;
#4237 = CARTESIAN_POINT ( 'NONE',  ( -10.85885149896936497, 22.11479564042220147, -11.49000000000000021 ) ) ;
#4238 = DIRECTION ( 'NONE',  ( -0.000000000000000000, -0.000000000000000000, 1.000000000000000000 ) ) ;
#4239 = ADVANCED_FACE ( 'NONE', ( #547 ), #612, .T. ) ;
#4240 = ORIENTED_EDGE ( 'NONE', *, *, #685, .F. ) ;
#4241 = CARTESIAN_POINT ( 'NONE',  ( 14.70703125000000711, 18.76487152992169527, -11.50000000000000000 ) ) ;
#4242 = VECTOR ( 'NONE', #3087, 1000.000000000000000 ) ;
#4243 = CARTESIAN_POINT ( 'NONE',  ( -6.240804485100220234, 20.40106512649411741, -11.49000000000000021 ) ) ;
#4244 = CARTESIAN_POINT ( 'NONE',  ( 9.375000000000005329, 20.10198090492169598, -11.49999999999999822 ) ) ;
#4245 = DIRECTION ( 'NONE',  ( -0.000000000000000000, -1.000000000000000000, -0.000000000000000000 ) ) ;
#4246 = CIRCLE ( 'NONE', #164, 0.5000000000000004441 ) ;
#4247 = CARTESIAN_POINT ( 'NONE',  ( -2.625000000000002220, 20.18752777992169811, -11.50000000000000000 ) ) ;
#4248 = CARTESIAN_POINT ( 'NONE',  ( 11.90441820591260580, 18.53815257297222274, -11.50000000000000355 ) ) ;
#4249 = EDGE_CURVE ( 'NONE', #2830, #248, #3008, .T. ) ;
#4250 = CARTESIAN_POINT ( 'NONE',  ( -8.700000000000001066, 21.66526215492169882, -11.50000000000000000 ) ) ;
#4251 = CARTESIAN_POINT ( 'NONE',  ( -2.782031250000002398, 16.88049652992170024, -11.50000000000000000 ) ) ;
#4252 = ORIENTED_EDGE ( 'NONE', *, *, #6491, .F. ) ;
#4253 = AXIS2_PLACEMENT_3D ( 'NONE', #2944, #5975, #4484 ) ;
#4254 = ORIENTED_EDGE ( 'NONE', *, *, #3568, .F. ) ;
#4255 = CARTESIAN_POINT ( 'NONE',  ( -8.978038478356866747, 20.99635906604876467, -11.49000000000000021 ) ) ;
#4256 = CARTESIAN_POINT ( 'NONE',  ( -2.929839090097710930, 16.53418707422623513, -11.50000000000000178 ) ) ;
#4257 = CARTESIAN_POINT ( 'NONE',  ( -8.567756777384131439, 16.44860811010223145, -11.49999999999999822 ) ) ;
#4258 = EDGE_CURVE ( 'NONE', #3989, #474, #1111, .T. ) ;
#4259 = CARTESIAN_POINT ( 'NONE',  ( -5.455078125000002665, 16.42463715492170095, -11.49000000000000021 ) ) ;
#4260 = CARTESIAN_POINT ( 'NONE',  ( -12.70895689280949448, 17.37178543514795948, -11.49000000000000199 ) ) ;
#4261 = CARTESIAN_POINT ( 'NONE',  ( 0.4491117807208575563, 16.64914381825650480, -11.49000000000000377 ) ) ;
#4262 = CARTESIAN_POINT ( 'NONE',  ( 7.229352108643287700, 20.48254218286534822, -11.49000000000000021 ) ) ;
#4263 = EDGE_CURVE ( 'NONE', #1993, #3262, #4938, .T. ) ;
#4264 = CARTESIAN_POINT ( 'NONE',  ( 10.42333687698099709, 20.02297681134472995, -11.48999999999999844 ) ) ;
#4265 = DIRECTION ( 'NONE',  ( -0.000000000000000000, -0.000000000000000000, -1.000000000000000000 ) ) ;
#4266 = DIRECTION ( 'NONE',  ( -0.000000000000000000, -0.000000000000000000, -1.000000000000000000 ) ) ;
#4267 = CARTESIAN_POINT ( 'NONE',  ( -2.814964923802339758, 17.06162384645141472, -11.49000000000000199 ) ) ;
#4268 = CARTESIAN_POINT ( 'NONE',  ( 9.533414156291421193, 21.93441010817642933, -11.49999999999999289 ) ) ;
#4269 = CARTESIAN_POINT ( 'NONE',  ( -9.853854499799099997, 22.25661288457864018, -11.50000000000000178 ) ) ;
#4270 = CARTESIAN_POINT ( 'NONE',  ( 14.59921875000000746, 21.38518402992169598, -11.50000000000000000 ) ) ;
#4271 = VERTEX_POINT ( 'NONE', #5705 ) ;
#4272 = CARTESIAN_POINT ( 'NONE',  ( -6.491194062537248399, 19.41521049992471148, -11.48999999999999844 ) ) ;
#4273 = CARTESIAN_POINT ( 'NONE',  ( -6.301682093579922928, 20.40386585738517766, -11.50000000000000000 ) ) ;
#4274 = CARTESIAN_POINT ( 'NONE',  ( 0.8622409255989462729, 22.27284244780192424, -11.49000000000000021 ) ) ;
#4275 = CARTESIAN_POINT ( 'NONE',  ( -5.737441911199053557, 22.07740806833936631, -11.48999999999999666 ) ) ;
#4276 = CARTESIAN_POINT ( 'NONE',  ( -3.010395215092144028, 21.46673264986169016, -11.50000000000000355 ) ) ;
#4277 = CARTESIAN_POINT ( 'NONE',  ( 7.214001632655594243, 18.16100044358286425, -11.49000000000000554 ) ) ;
#4278 = DIRECTION ( 'NONE',  ( 0.2808388925980284112, 0.9597549251784609492, 0.000000000000000000 ) ) ;
#4279 = CARTESIAN_POINT ( 'NONE',  ( 4.124999999999998224, 16.94729340492169456, -11.49000000000000021 ) ) ;
#4280 = ORIENTED_EDGE ( 'NONE', *, *, #3904, .F. ) ;
#4281 = ORIENTED_EDGE ( 'NONE', *, *, #356, .T. ) ;
#4282 = ORIENTED_EDGE ( 'NONE', *, *, #4090, .T. ) ;
#4283 = CARTESIAN_POINT ( 'NONE',  ( 19.50000000000000000, 1.500000000000000000, 0.000000000000000000 ) ) ;
#4284 = CARTESIAN_POINT ( 'NONE',  ( -3.016580159458559063, 16.48431490229452479, -11.50000000000000178 ) ) ;
#4285 = CARTESIAN_POINT ( 'NONE',  ( 14.70703125000000711, 18.76487152992169527, -11.49000000000000021 ) ) ;
#4286 = CARTESIAN_POINT ( 'NONE',  ( 11.32168957449737690, 17.92601909702405294, -11.49000000000000377 ) ) ;
#4287 = CARTESIAN_POINT ( 'NONE',  ( 8.518459504419649164, 18.76945969719075080, -11.49999999999998934 ) ) ;
#4288 = CARTESIAN_POINT ( 'NONE',  ( 5.141887886480998482, 21.84009299288469919, -11.49999999999999645 ) ) ;
#4289 = PLANE ( 'NONE',  #894 ) ;
#4290 = ORIENTED_EDGE ( 'NONE', *, *, #453, .T. ) ;
#4291 = LINE ( 'NONE', #3371, #5627 ) ;
#4292 = CARTESIAN_POINT ( 'NONE',  ( -3.353906250000002753, 17.32463715492169598, -11.49999999999999822 ) ) ;
#4293 = CARTESIAN_POINT ( 'NONE',  ( -3.703618124291975899, 20.63603093724919546, -11.49000000000000199 ) ) ;
#4294 = CARTESIAN_POINT ( 'NONE',  ( 9.846848917169390702, 21.67865699665115287, -11.49000000000000377 ) ) ;
#4295 = CARTESIAN_POINT ( 'NONE',  ( 4.338142347667802490, 16.36528115376999892, -11.49000000000000199 ) ) ;
#4296 = ORIENTED_EDGE ( 'NONE', *, *, #4463, .F. ) ;
#4297 = CARTESIAN_POINT ( 'NONE',  ( 12.47480317757794310, 22.25879699077334095, -11.48999999999999844 ) ) ;
#4298 = CARTESIAN_POINT ( 'NONE',  ( 13.38281250000000711, 21.38518402992169598, -11.50000000000000000 ) ) ;
#4299 = CARTESIAN_POINT ( 'NONE',  ( 0.5144794507470904499, 22.10304389066685715, -11.49000000000000021 ) ) ;
#4300 = ADVANCED_FACE ( 'NONE', ( #1690, #4772 ), #709, .T. ) ;
#4301 = CARTESIAN_POINT ( 'NONE',  ( -3.675000000000002487, 20.30471527992169811, -11.49999999999999645 ) ) ;
#4302 = ORIENTED_EDGE ( 'NONE', *, *, #5329, .T. ) ;
#4303 = CARTESIAN_POINT ( 'NONE',  ( -6.526171875000003730, 19.24182465492170024, -11.49000000000000199 ) ) ;
#4304 = CARTESIAN_POINT ( 'NONE',  ( 7.609176704832911753, 18.00736422230127332, -11.48999999999999844 ) ) ;
#4305 = CARTESIAN_POINT ( 'NONE',  ( 11.88781984216070242, 21.45044315390506284, -11.49000000000000199 ) ) ;
#4306 = CARTESIAN_POINT ( 'NONE',  ( -11.89620805941402359, 20.50897159075244858, -11.48999999999999666 ) ) ;
#4307 = CARTESIAN_POINT ( 'NONE',  ( -10.85298606657232234, 18.06203926173310492, -11.49000000000000377 ) ) ;
#4308 = VERTEX_POINT ( 'NONE', #4192 ) ;
#4309 = EDGE_LOOP ( 'NONE', ( #2422, #2098, #6123, #5122 ) ) ;
#4310 = ORIENTED_EDGE ( 'NONE', *, *, #1239, .F. ) ;
#4311 = DIRECTION ( 'NONE',  ( -1.000000000000000000, 0.000000000000000000, 0.000000000000000000 ) ) ;
#4312 = CARTESIAN_POINT ( 'NONE',  ( -12.36957164648891627, 16.87948564495039605, -11.49000000000000199 ) ) ;
#4313 = CARTESIAN_POINT ( 'NONE',  ( -11.16285256909608314, 18.23766900667120083, -11.48999999999999666 ) ) ;
#4314 = EDGE_CURVE ( 'NONE', #3294, #6307, #3200, .T. ) ;
#4315 = CARTESIAN_POINT ( 'NONE',  ( 0.8999999999999984679, 22.27463715492169172, -11.49000000000000021 ) ) ;
#4316 = B_SPLINE_CURVE_WITH_KNOTS ( 'NONE', 3,
 ( #583, #679, #1634, #6200, #3142, #1603, #2616, #549, #1117, #3112, #6144, #6108, #5619, #157, #1209 ),
 .UNSPECIFIED., .F., .F.,
 ( 4, 1, 1, 1, 1, 1, 1, 1, 1, 1, 1, 1, 4 ),
 ( 0.000000000000000000, 0.1083524830110791648, 0.2096501765292340114, 0.3035589200921334219, 0.3928415569206963887, 0.4773977105140373989, 0.5566832169623202597, 0.6336775312702701557, 0.7084255647251348487, 0.7820438145593339163, 0.8538507851686832906, 0.9264351344939084631, 1.000000000000000000 ),
 .UNSPECIFIED. ) ;
#4317 = CARTESIAN_POINT ( 'NONE',  ( 9.081015748687265798, 19.10507550753715833, -11.49999999999998579 ) ) ;
#4318 = CARTESIAN_POINT ( 'NONE',  ( 5.024766766085866365, 22.08491429600184119, -11.50000000000000000 ) ) ;
#4319 = CARTESIAN_POINT ( 'NONE',  ( -8.847656270353066787, 18.43810637319459289, -11.49000000000000021 ) ) ;
#4320 = DIRECTION ( 'NONE',  ( 0.000000000000000000, 0.000000000000000000, 1.000000000000000000 ) ) ;
#4321 = CARTESIAN_POINT ( 'NONE',  ( 13.77105343746183230, 17.95087079556474308, -11.49000000000000377 ) ) ;
#4322 = CARTESIAN_POINT ( 'NONE',  ( -10.51093868869121017, 22.23729332867304365, -11.48999999999999844 ) ) ;
#4323 = CARTESIAN_POINT ( 'NONE',  ( 16.80365708340396580, 17.95435594431774007, -11.50000000000000355 ) ) ;
#4324 = CARTESIAN_POINT ( 'NONE',  ( -12.96914062500000320, 16.42463715492170451, -11.49000000000000021 ) ) ;
#4325 = B_SPLINE_CURVE_WITH_KNOTS ( 'NONE', 3,
 ( #3651, #4749, #255, #2260, #5658, #1153, #1872, #4853, #1314, #1450, #2948, #4293, #2320, #5875, #5815 ),
 .UNSPECIFIED., .F., .F.,
 ( 4, 1, 1, 1, 1, 1, 1, 1, 1, 1, 1, 1, 4 ),
 ( 0.000000000000000000, 0.08326972925402192915, 0.1629625909004710216, 0.2406207817574240182, 0.3183377653480006231, 0.3957968502873387417, 0.4737150721784918472, 0.5536831087100392290, 0.6371745605583289951, 0.7231684227778992780, 0.8116283351750031017, 0.9035961357217940915, 1.000000000000000000 ),
 .UNSPECIFIED. ) ;
#4326 = VECTOR ( 'NONE', #6275, 1000.000000000000114 ) ;
#4327 = EDGE_CURVE ( 'NONE', #5648, #1504, #5802, .T. ) ;
#4328 = ORIENTED_EDGE ( 'NONE', *, *, #1217, .T. ) ;
#4329 = CARTESIAN_POINT ( 'NONE',  ( 15.34804687500000675, 20.99963715492169669, -11.50000000000000000 ) ) ;
#4330 = CARTESIAN_POINT ( 'NONE',  ( -15.37500000000000355, 21.56682465492170664, -11.49000000000000021 ) ) ;
#4331 = FACE_OUTER_BOUND ( 'NONE', #1599, .T. ) ;
#4332 = AXIS2_PLACEMENT_3D ( 'NONE', #1927, #3924, #5933 ) ;
#4333 = CARTESIAN_POINT ( 'NONE',  ( 14.01965568693688802, 17.92575440270504927, -11.49000000000000377 ) ) ;
#4334 = CARTESIAN_POINT ( 'NONE',  ( -11.85788815893836023, 20.72614638611195303, -11.50000000000000355 ) ) ;
#4335 = CARTESIAN_POINT ( 'NONE',  ( 8.049525161160048015, 17.92948125563997408, -11.50000000000000533 ) ) ;
#4336 = CIRCLE ( 'NONE', #782, 2.299999999999999822 ) ;
#4337 = ORIENTED_EDGE ( 'NONE', *, *, #1446, .T. ) ;
#4338 = CARTESIAN_POINT ( 'NONE',  ( 1.409197426367368999, 16.38474350313156336, -11.49999999999999645 ) ) ;
#4339 = PLANE ( 'NONE',  #3624 ) ;
#4340 = ORIENTED_EDGE ( 'NONE', *, *, #3784, .F. ) ;
#4341 = VERTEX_POINT ( 'NONE', #2703 ) ;
#4342 = COLOUR_RGB ( '',0.7921568627450980005, 0.8196078431372548767, 0.9333333333333333481 ) ;
#4343 = VERTEX_POINT ( 'NONE', #4279 ) ;
#4344 = CARTESIAN_POINT ( 'NONE',  ( -6.217467160055058173, 19.67362869973273121, -11.49000000000000377 ) ) ;
#4345 = CARTESIAN_POINT ( 'NONE',  ( -12.51433012773768993, 16.55508464639958532, -11.48999999999999666 ) ) ;
#4346 = FACE_OUTER_BOUND ( 'NONE', #1675, .T. ) ;
#4347 = AXIS2_PLACEMENT_3D ( 'NONE', #59, #2475, #89 ) ;
#4348 = CARTESIAN_POINT ( 'NONE',  ( 9.358396125141601019, 19.80204003858042583, -11.48999999999999844 ) ) ;
#4349 = CARTESIAN_POINT ( 'NONE',  ( -14.25140895448963718, 21.62322698153153766, -11.49000000000000199 ) ) ;
#4350 = ADVANCED_FACE ( 'NONE', ( #4707 ), #2314, .T. ) ;
#4351 = CARTESIAN_POINT ( 'NONE',  ( -12.40224866912883783, 17.11232241979436353, -11.49000000000000377 ) ) ;
#4352 = EDGE_CURVE ( 'NONE', #2495, #3810, #472, .T. ) ;
#4353 = VECTOR ( 'NONE', #6468, 1000.000000000000000 ) ;
#4354 = CARTESIAN_POINT ( 'NONE',  ( 8.229129012375755892, 18.75113387500743301, -11.48999999999999844 ) ) ;
#4355 = EDGE_CURVE ( 'NONE', #6024, #2831, #335, .T. ) ;
#4356 = CARTESIAN_POINT ( 'NONE',  ( 17.02104482637749783, 18.12408831113945240, -11.50000000000000355 ) ) ;
#4357 = EDGE_CURVE ( 'NONE', #5100, #1227, #2962, .T. ) ;
#4358 = CARTESIAN_POINT ( 'NONE',  ( 10.27985149866406012, 20.98289989755864227, -11.48999999999999488 ) ) ;
#4359 = CARTESIAN_POINT ( 'NONE',  ( -7.651666075856811133, 21.70563348504878576, -11.50000000000000000 ) ) ;
#4360 = EDGE_LOOP ( 'NONE', ( #1409, #6499, #441, #5499 ) ) ;
#4361 = CARTESIAN_POINT ( 'NONE',  ( 1.041796874999998401, 16.27463715492169527, -11.49000000000000021 ) ) ;
#4362 = CARTESIAN_POINT ( 'NONE',  ( -14.80898437500000320, 22.27463715492170238, -11.49999999999999645 ) ) ;
#4363 = CARTESIAN_POINT ( 'NONE',  ( 15.99420716304333645, 21.70488706071956386, -11.49000000000000199 ) ) ;
#4364 = EDGE_CURVE ( 'NONE', #2830, #3626, #5332, .T. ) ;
#4365 = CARTESIAN_POINT ( 'NONE',  ( -8.899127046654060180, 20.85512294536513522, -11.50000000000000000 ) ) ;
#4366 = ORIENTED_EDGE ( 'NONE', *, *, #4528, .F. ) ;
#4367 = CARTESIAN_POINT ( 'NONE',  ( 9.533414156291421193, 21.93441010817642933, -11.49000000000000377 ) ) ;
#4368 = CARTESIAN_POINT ( 'NONE',  ( 13.36302904152823423, 21.45408331173099725, -11.49999999999999645 ) ) ;
#4369 = ORIENTED_EDGE ( 'NONE', *, *, #3065, .F. ) ;
#4370 = CARTESIAN_POINT ( 'NONE',  ( 11.88164062500000639, 21.43205902992169243, -11.49000000000000021 ) ) ;
#4371 = CARTESIAN_POINT ( 'NONE',  ( -16.25644042258373290, 30.50000000000000355, 0.000000000000000000 ) ) ;
#4372 = VERTEX_POINT ( 'NONE', #2402 ) ;
#4373 = ORIENTED_EDGE ( 'NONE', *, *, #664, .T. ) ;
#4374 = ORIENTED_EDGE ( 'NONE', *, *, #2003, .F. ) ;
#4375 = EDGE_CURVE ( 'NONE', #538, #2128, #1725, .T. ) ;
#4376 = ORIENTED_EDGE ( 'NONE', *, *, #5998, .T. ) ;
#4377 = CARTESIAN_POINT ( 'NONE',  ( -8.696266277936985034, 16.80991345794307179, -11.48999999999999666 ) ) ;
#4378 = CARTESIAN_POINT ( 'NONE',  ( 21.49999999999999645, 1.500000000000000000, -4.714892376317814179E-15 ) ) ;
#4379 = CARTESIAN_POINT ( 'NONE',  ( -4.401788517603418605, 21.48806138883030314, -11.50000000000000000 ) ) ;
#4380 = CARTESIAN_POINT ( 'NONE',  ( 9.081015748687265798, 19.10507550753715833, -11.48999999999999666 ) ) ;
#4381 = CARTESIAN_POINT ( 'NONE',  ( -14.28327111833988994, 21.87580489291487496, -11.48999999999999488 ) ) ;
#4382 = CARTESIAN_POINT ( 'NONE',  ( 21.49999999999999645, 0.000000000000000000, -4.714892376317814179E-15 ) ) ;
#4383 = CARTESIAN_POINT ( 'NONE',  ( 1.424999999999998490, 21.60549652992169456, -11.49000000000000021 ) ) ;
#4384 = ADVANCED_FACE ( 'NONE', ( #1855 ), #4339, .T. ) ;
#4385 = FACE_OUTER_BOUND ( 'NONE', #5144, .T. ) ;
#4386 = CARTESIAN_POINT ( 'NONE',  ( 7.972830449779078954, 21.41236489300782253, -11.49999999999999645 ) ) ;
#4387 = ORIENTED_EDGE ( 'NONE', *, *, #5376, .T. ) ;
#4388 = CARTESIAN_POINT ( 'NONE',  ( -7.651666075856811133, 21.70563348504878576, -11.49000000000000021 ) ) ;
#4389 = CARTESIAN_POINT ( 'NONE',  ( 8.229129012375755892, 18.75113387500743301, -11.49999999999999822 ) ) ;
#4390 = CARTESIAN_POINT ( 'NONE',  ( -11.92339078659019869, 20.13055745323296009, -11.48999999999999844 ) ) ;
#4391 = CARTESIAN_POINT ( 'NONE',  ( -9.899015657994382877, 17.93043709523850993, -11.50000000000000178 ) ) ;
#4392 = LINE ( 'NONE', #3903, #1095 ) ;
#4393 = CARTESIAN_POINT ( 'NONE',  ( -8.066076314604758934, 22.26995020630461042, -11.50000000000000355 ) ) ;
#4394 = DIRECTION ( 'NONE',  ( 0.000000000000000000, -0.000000000000000000, -1.000000000000000000 ) ) ;
#4395 = CARTESIAN_POINT ( 'NONE',  ( 10.87710053361533369, 18.39855903018868588, -11.50000000000000000 ) ) ;
#4396 = CARTESIAN_POINT ( 'NONE',  ( 15.88025924523223509, 21.97378603077995152, -11.49000000000000377 ) ) ;
#4397 = CARTESIAN_POINT ( 'NONE',  ( -9.821484375000004263, 21.44963715492169953, -11.50000000000000178 ) ) ;
#4398 = VERTEX_POINT ( 'NONE', #3321 ) ;
#4399 = CARTESIAN_POINT ( 'NONE',  ( 17.09310710739239525, 18.47192907373263537, -11.50000000000000000 ) ) ;
#4400 = LINE ( 'NONE', #1355, #5392 ) ;
#4401 = DIRECTION ( 'NONE',  ( 0.5547001962252291474, 0.8320502943378437211, 0.000000000000000000 ) ) ;
#4402 = VERTEX_POINT ( 'NONE', #4903 ) ;
#4403 = CARTESIAN_POINT ( 'NONE',  ( 1.305304343314096505, 16.32060099906073347, -11.50000000000000178 ) ) ;
#4404 = CARTESIAN_POINT ( 'NONE',  ( -4.237395522356191435, 18.30511939330993343, -11.50000000000000355 ) ) ;
#4405 = EDGE_LOOP ( 'NONE', ( #5586, #968, #1279, #3291, #4023, #2371, #2575, #4915, #3585, #6487 ) ) ;
#4406 = ORIENTED_EDGE ( 'NONE', *, *, #4586, .T. ) ;
#4407 = CARTESIAN_POINT ( 'NONE',  ( -6.524392741289948283, 19.27134616380669740, -11.50000000000000178 ) ) ;
#4408 = CARTESIAN_POINT ( 'NONE',  ( -4.666703040600180152, 18.31856002690911822, -11.49000000000000199 ) ) ;
#4409 = CARTESIAN_POINT ( 'NONE',  ( -11.73357749988105780, 18.97097199359856035, -11.50000000000000000 ) ) ;
#4410 = LINE ( 'NONE', #1863, #5622 ) ;
#4411 = CARTESIAN_POINT ( 'NONE',  ( -14.40103395355532534, 22.10121500380884996, -11.48999999999999844 ) ) ;
#4412 = FACE_BOUND ( 'NONE', #1250, .T. ) ;
#4413 = CARTESIAN_POINT ( 'NONE',  ( 15.45018772207499680, 22.27110718782330778, -11.50000000000000178 ) ) ;
#4414 = CARTESIAN_POINT ( 'NONE',  ( 4.271977489824908325, 22.23288252010564392, -11.49000000000000377 ) ) ;
#4415 = LINE ( 'NONE', #4035, #2151 ) ;
#4416 = CARTESIAN_POINT ( 'NONE',  ( -2.860835143954505888, 17.13919680494282005, -11.49000000000000199 ) ) ;
#4417 = ORIENTED_EDGE ( 'NONE', *, *, #1, .T. ) ;
#4418 = CARTESIAN_POINT ( 'NONE',  ( -6.122010092366260814, 16.90434448849215343, -11.49000000000000021 ) ) ;
#4419 = CYLINDRICAL_SURFACE ( 'NONE', #3097, 1.250000000000001110 ) ;
#4420 = ADVANCED_FACE ( 'NONE', ( #2828 ), #3854, .T. ) ;
#4421 = CARTESIAN_POINT ( 'NONE',  ( -3.226064472545547179, 17.31994336180761707, -11.50000000000000000 ) ) ;
#4422 = DIRECTION ( 'NONE',  ( 0.000000000000000000, -0.000000000000000000, 1.000000000000000000 ) ) ;
#4423 = DIRECTION ( 'NONE',  ( -0.000000000000000000, -0.000000000000000000, -1.000000000000000000 ) ) ;
#4424 = CARTESIAN_POINT ( 'NONE',  ( 16.62070312500000924, 17.92463715492169740, -11.50000000000000178 ) ) ;
#4425 = CARTESIAN_POINT ( 'NONE',  ( -8.899391913865002834, 19.37794772099131535, -11.49000000000000199 ) ) ;
#4426 = EDGE_CURVE ( 'NONE', #3367, #1680, #2653, .T. ) ;
#4427 = CARTESIAN_POINT ( 'NONE',  ( -7.721083528553084996, 16.51902549088399752, -11.49999999999999822 ) ) ;
#4428 = EDGE_CURVE ( 'NONE', #6080, #784, #52, .T. ) ;
#4429 = DIRECTION ( 'NONE',  ( 0.000000000000000000, -0.000000000000000000, -1.000000000000000000 ) ) ;
#4430 = CARTESIAN_POINT ( 'NONE',  ( -11.16922237094038550, 21.91558770993632521, -11.50000000000000533 ) ) ;
#4431 = CARTESIAN_POINT ( 'NONE',  ( 15.03081405279796634, 22.20883355357514333, -11.50000000000000533 ) ) ;
#4432 = ORIENTED_EDGE ( 'NONE', *, *, #5154, .T. ) ;
#4433 = CARTESIAN_POINT ( 'NONE',  ( -11.92339078659019869, 20.13055745323296009, -11.48999999999999844 ) ) ;
#4434 = VECTOR ( 'NONE', #4746, 1000.000000000000000 ) ;
#4435 = CARTESIAN_POINT ( 'NONE',  ( 18.50000000000000000, 29.50000000000000355, -11.50000000000000000 ) ) ;
#4436 = ORIENTED_EDGE ( 'NONE', *, *, #5650, .F. ) ;
#4437 = CARTESIAN_POINT ( 'NONE',  ( -8.698707451343270947, 16.91046158873103522, -11.48999999999999844 ) ) ;
#4438 = VECTOR ( 'NONE', #735, 1000.000000000000000 ) ;
#4439 = CARTESIAN_POINT ( 'NONE',  ( -16.78826502181423308, 16.42853395527304983, -11.49999999999999822 ) ) ;
#4440 = CARTESIAN_POINT ( 'NONE',  ( -9.829687500000002132, 18.74963715492169669, -11.50000000000000000 ) ) ;
#4441 = CARTESIAN_POINT ( 'NONE',  ( -8.698480058893435896, 21.71153982016292616, -11.49000000000000199 ) ) ;
#4442 = CARTESIAN_POINT ( 'NONE',  ( -6.525469500613163554, 19.23361178888550072, -11.50000000000000178 ) ) ;
#4443 = FACE_OUTER_BOUND ( 'NONE', #4405, .T. ) ;
#4444 = CARTESIAN_POINT ( 'NONE',  ( 16.65210122212639021, 17.92618804603922200, -11.49000000000000021 ) ) ;
#4445 = VECTOR ( 'NONE', #4175, 1000.000000000000000 ) ;
#4446 = ADVANCED_FACE ( 'NONE', ( #5640 ), #6096, .T. ) ;
#4447 = CARTESIAN_POINT ( 'NONE',  ( -9.239051575198530486, 22.03343905326714136, -11.48999999999999844 ) ) ;
#4448 = CARTESIAN_POINT ( 'NONE',  ( 4.644140624999998579, 16.27463715492169527, -11.50000000000000000 ) ) ;
#4449 = CARTESIAN_POINT ( 'NONE',  ( 14.59921875000000746, 21.38518402992169598, -11.49999999999999467 ) ) ;
#4450 = ORIENTED_EDGE ( 'NONE', *, *, #3513, .F. ) ;
#4451 = VECTOR ( 'NONE', #5019, 1000.000000000000000 ) ;
#4452 = CARTESIAN_POINT ( 'NONE',  ( -5.635547780162532661, 20.94899522190213403, -11.50000000000000178 ) ) ;
#4453 = CARTESIAN_POINT ( 'NONE',  ( -7.653529185121802136, 16.75426107756801741, -11.49000000000000377 ) ) ;
#4454 = CARTESIAN_POINT ( 'NONE',  ( -12.83332415477597799, 17.39551538233477856, -11.50000000000000000 ) ) ;
#4455 = VECTOR ( 'NONE', #642, 1000.000000000000000 ) ;
#4456 = CARTESIAN_POINT ( 'NONE',  ( -6.122010092366260814, 16.90434448849215343, -11.50000000000000000 ) ) ;
#4457 = ORIENTED_EDGE ( 'NONE', *, *, #3376, .T. ) ;
#4458 = CARTESIAN_POINT ( 'NONE',  ( 11.00625000000000675, 18.86916840492169456, -11.49000000000000021 ) ) ;
#4459 = EDGE_CURVE ( 'NONE', #1556, #3606, #708, .T. ) ;
#4460 = CARTESIAN_POINT ( 'NONE',  ( 7.229352108643287700, 20.48254218286534822, -11.50000000000000000 ) ) ;
#4461 = CARTESIAN_POINT ( 'NONE',  ( -17.00000000000000000, 1.500000000000000000, 0.000000000000000000 ) ) ;
#4462 = CARTESIAN_POINT ( 'NONE',  ( -7.650000000000001243, 16.89221527992170024, -11.49000000000000021 ) ) ;
#4463 = EDGE_CURVE ( 'NONE', #3038, #2943, #1572, .T. ) ;
#4464 = CARTESIAN_POINT ( 'NONE',  ( -16.90869067316672414, 16.45330422135798543, -11.49000000000000021 ) ) ;
#4465 = PRODUCT_DEFINITION_SHAPE ( 'NONE', 'NONE',  #5358 ) ;
#4466 = CARTESIAN_POINT ( 'NONE',  ( 13.14212261506954071, 22.02920297055969456, -11.49000000000000199 ) ) ;
#4467 = CARTESIAN_POINT ( 'NONE',  ( 14.70985875586571368, 21.74938832204977857, -11.50000000000000000 ) ) ;
#4468 = EDGE_CURVE ( 'NONE', #556, #120, #113, .T. ) ;
#4469 = ORIENTED_EDGE ( 'NONE', *, *, #2874, .F. ) ;
#4470 = DIRECTION ( 'NONE',  ( -1.000000000000000000, 0.000000000000000000, 0.000000000000000000 ) ) ;
#4471 = CARTESIAN_POINT ( 'NONE',  ( 11.92148437500000568, 18.59494965492169172, -11.50000000000000000 ) ) ;
#4472 = VERTEX_POINT ( 'NONE', #5078 ) ;
#4473 = CARTESIAN_POINT ( 'NONE',  ( 0.5930308893832794137, 22.17986309398338562, -11.49999999999999822 ) ) ;
#4474 = CARTESIAN_POINT ( 'NONE',  ( 13.68154744953442581, 17.98608703667548170, -11.50000000000000000 ) ) ;
#4475 = FACE_OUTER_BOUND ( 'NONE', #308, .T. ) ;
#4476 = CARTESIAN_POINT ( 'NONE',  ( -8.175000000000002487, 22.27463715492169527, -11.50000000000000000 ) ) ;
#4477 = PLANE ( 'NONE',  #2878 ) ;
#4478 = CARTESIAN_POINT ( 'NONE',  ( 12.47480317757794310, 22.25879699077334095, -11.49999999999999822 ) ) ;
#4479 = CARTESIAN_POINT ( 'NONE',  ( 15.91774760726179849, 21.89899350930524236, -11.49000000000000021 ) ) ;
#4480 = CARTESIAN_POINT ( 'NONE',  ( 1.305304343314096505, 16.32060099906073347, -11.49000000000000377 ) ) ;
#4481 = DIRECTION ( 'NONE',  ( 0.000000000000000000, 0.000000000000000000, -1.000000000000000000 ) ) ;
#4482 = CARTESIAN_POINT ( 'NONE',  ( 15.12269613614999564, 22.24854966569141368, -11.49000000000000021 ) ) ;
#4483 = EDGE_LOOP ( 'NONE', ( #5430, #6260, #3224, #5080 ) ) ;
#4484 = DIRECTION ( 'NONE',  ( 1.000000000000000000, 0.000000000000000000, 0.000000000000000000 ) ) ;
#4485 = CARTESIAN_POINT ( 'NONE',  ( -5.290674572090559025, 21.33113639242762716, -11.49999999999999822 ) ) ;
#4486 = CARTESIAN_POINT ( 'NONE',  ( 16.09335937500000924, 21.43205902992169243, -11.49000000000000021 ) ) ;
#4487 = CARTESIAN_POINT ( 'NONE',  ( -12.36955917167179386, 16.94947326950667232, -11.50000000000000000 ) ) ;
#4488 = CARTESIAN_POINT ( 'NONE',  ( 7.606576601614577271, 22.19126925024180252, -11.50000000000000000 ) ) ;
#4489 = VERTEX_POINT ( 'NONE', #4471 ) ;
#4490 = CARTESIAN_POINT ( 'NONE',  ( 10.39054351177346369, 20.55973984468463556, -11.50000000000000178 ) ) ;
#4491 = CARTESIAN_POINT ( 'NONE',  ( 8.281640625000004974, 21.44963715492169243, -11.50000000000000000 ) ) ;
#4492 = CARTESIAN_POINT ( 'NONE',  ( 11.82157030913059437, 18.28903783219836043, -11.50000000000000355 ) ) ;
#4493 = CARTESIAN_POINT ( 'NONE',  ( 10.87500000000000711, 18.37112152992169456, -11.50000000000000000 ) ) ;
#4494 = VERTEX_POINT ( 'NONE', #6031 ) ;
#4495 = EDGE_LOOP ( 'NONE', ( #1115, #827, #217, #6337 ) ) ;
#4496 = CARTESIAN_POINT ( 'NONE',  ( -3.711868579981655980, 18.43935834200401302, -11.49999999999999645 ) ) ;
#4497 = ORIENTED_EDGE ( 'NONE', *, *, #5065, .T. ) ;
#4498 = CARTESIAN_POINT ( 'NONE',  ( 16.18030937158670923, 18.20056477732554256, -11.49000000000000199 ) ) ;
#4499 = ORIENTED_EDGE ( 'NONE', *, *, #3837, .F. ) ;
#4500 = CARTESIAN_POINT ( 'NONE',  ( 8.281640625000004974, 22.27463715492169172, -11.49000000000000021 ) ) ;
#4501 = CARTESIAN_POINT ( 'NONE',  ( -6.500040872281249271, 19.07190413629842851, -11.49999999999999645 ) ) ;
#4502 = CARTESIAN_POINT ( 'NONE',  ( -11.30204918220549004, 18.35325170355640978, -11.50000000000000000 ) ) ;
#4503 = EDGE_LOOP ( 'NONE', ( #5002, #2846, #1146, #805 ) ) ;
#4504 = CARTESIAN_POINT ( 'NONE',  ( 15.91774760726179849, 21.89899350930524236, -11.50000000000000000 ) ) ;
#4505 = CARTESIAN_POINT ( 'NONE',  ( -17.24534533951316817, 16.80912159573162157, -11.48999999999999844 ) ) ;
#4506 = CARTESIAN_POINT ( 'NONE',  ( -6.660937500000002842, 20.82854340492169953, -11.49999999999999645 ) ) ;
#4507 = CARTESIAN_POINT ( 'NONE',  ( -17.24830029323340241, 16.94944571224085195, -11.49000000000000021 ) ) ;
#4508 = CARTESIAN_POINT ( 'NONE',  ( -3.120681532251910806, 16.44856275220585218, -11.49999999999999645 ) ) ;
#4509 = DIRECTION ( 'NONE',  ( 0.000000000000000000, 0.000000000000000000, 1.000000000000000000 ) ) ;
#4510 = CARTESIAN_POINT ( 'NONE',  ( -9.853854499799099997, 22.25661288457864018, -11.49000000000000021 ) ) ;
#4511 = CARTESIAN_POINT ( 'NONE',  ( -4.687500000000002665, 21.52463715492169882, -11.50000000000000000 ) ) ;
#4512 = EDGE_CURVE ( 'NONE', #1825, #3294, #5162, .T. ) ;
#4513 = CARTESIAN_POINT ( 'NONE',  ( 14.88703448171409072, 22.08856147267063719, -11.49000000000000377 ) ) ;
#4514 = CARTESIAN_POINT ( 'NONE',  ( -4.741641710527512821, 21.52264260869467094, -11.50000000000000000 ) ) ;
#4515 = CARTESIAN_POINT ( 'NONE',  ( -6.141059994618748519, 17.00129816493694790, -11.48999999999999844 ) ) ;
#4516 = DIRECTION ( 'NONE',  ( -0.000000000000000000, -0.000000000000000000, -1.000000000000000000 ) ) ;
#4517 = CARTESIAN_POINT ( 'NONE',  ( -10.74675990051817287, 19.38947832300114271, -11.49999999999999822 ) ) ;
#4518 = CARTESIAN_POINT ( 'NONE',  ( -5.948997874438055611, 16.57053386110310456, -11.50000000000000000 ) ) ;
#4519 = ORIENTED_EDGE ( 'NONE', *, *, #4788, .T. ) ;
#4520 = CARTESIAN_POINT ( 'NONE',  ( -10.46968631994979937, 21.21258500222463894, -11.49999999999999645 ) ) ;
#4521 = EDGE_CURVE ( 'NONE', #5249, #4574, #3723, .T. ) ;
#4522 = CARTESIAN_POINT ( 'NONE',  ( 8.281640625000004974, 21.44963715492169243, -11.49000000000000021 ) ) ;
#4523 = DIRECTION ( 'NONE',  ( 1.224646799147352714E-16, -0.000000000000000000, 1.000000000000000000 ) ) ;
#4524 = CARTESIAN_POINT ( 'NONE',  ( 4.124999999999998224, 16.94729340492169456, -11.49000000000000021 ) ) ;
#4525 = CARTESIAN_POINT ( 'NONE',  ( 14.36101119564740358, 18.03798145675266440, -11.49000000000000021 ) ) ;
#4526 = ORIENTED_EDGE ( 'NONE', *, *, #2993, .T. ) ;
#4527 = ORIENTED_EDGE ( 'NONE', *, *, #2047, .F. ) ;
#4528 = EDGE_CURVE ( 'NONE', #3082, #1290, #4973, .T. ) ;
#4529 = CARTESIAN_POINT ( 'NONE',  ( -3.138175803223215432, 18.83772705072663456, -11.49000000000000199 ) ) ;
#4530 = CARTESIAN_POINT ( 'NONE',  ( -5.152737660890937654, 21.41766468056890105, -11.49000000000000199 ) ) ;
#4531 = CARTESIAN_POINT ( 'NONE',  ( 6.593477191016892114, 21.51841372079043424, -11.49999999999999645 ) ) ;
#4532 = CARTESIAN_POINT ( 'NONE',  ( 16.07295420159014654, 18.55469024525502419, -11.49000000000000021 ) ) ;
#4533 = VERTEX_POINT ( 'NONE', #1682 ) ;
#4534 = CARTESIAN_POINT ( 'NONE',  ( 6.155536353556755103, 20.33234832607919884, -11.49000000000000021 ) ) ;
#4535 = DIRECTION ( 'NONE',  ( 0.000000000000000000, 0.000000000000000000, 1.000000000000000000 ) ) ;
#4536 = CARTESIAN_POINT ( 'NONE',  ( -5.859087889574419172, 20.54964524589858499, -11.49000000000000554 ) ) ;
#4537 = ORIENTED_EDGE ( 'NONE', *, *, #1914, .F. ) ;
#4538 = CARTESIAN_POINT ( 'NONE',  ( -14.28327111833988994, 21.87580489291487496, -11.49999999999999467 ) ) ;
#4539 = CARTESIAN_POINT ( 'NONE',  ( -15.29173676146719529, 21.99883603846322089, -11.49000000000000199 ) ) ;
#4540 = CARTESIAN_POINT ( 'NONE',  ( 9.372422829845032055, 20.25305048525301999, -11.49000000000000377 ) ) ;
#4541 = AXIS2_PLACEMENT_3D ( 'NONE', #4113, #2236, #5756 ) ;
#4542 = CARTESIAN_POINT ( 'NONE',  ( 17.00000000000000000, 1.500000000000000000, -6.499999999999997335 ) ) ;
#4543 = ADVANCED_FACE ( 'NONE', ( #6220 ), #3191, .T. ) ;
#4544 = CARTESIAN_POINT ( 'NONE',  ( -5.245037279278144560, 19.26118431703111256, -11.50000000000000178 ) ) ;
#4545 = VECTOR ( 'NONE', #2615, 1000.000000000000000 ) ;
#4546 = CARTESIAN_POINT ( 'NONE',  ( -8.759765625000000000, 20.10549652992169811, -11.49000000000000021 ) ) ;
#4547 = CARTESIAN_POINT ( 'NONE',  ( -9.829687500000002132, 18.74963715492169669, -11.49000000000000021 ) ) ;
#4548 = CARTESIAN_POINT ( 'NONE',  ( 14.67348885180630269, 21.63995497113232247, -11.49000000000000377 ) ) ;
#4549 = VECTOR ( 'NONE', #1979, 1000.000000000000000 ) ;
#4550 = CARTESIAN_POINT ( 'NONE',  ( 18.49999999999999645, 29.50000000000000355, -4.347496136973101704E-15 ) ) ;
#4551 = EDGE_CURVE ( 'NONE', #1105, #3038, #2225, .T. ) ;
#4552 = FACE_OUTER_BOUND ( 'NONE', #2016, .T. ) ;
#4553 = CARTESIAN_POINT ( 'NONE',  ( -6.076814439569946380, 16.77180227520353384, -11.49999999999999822 ) ) ;
#4554 = ORIENTED_EDGE ( 'NONE', *, *, #4046, .T. ) ;
#4555 = CARTESIAN_POINT ( 'NONE',  ( 6.592874234935999667, 18.66761064298979278, -11.48999999999999844 ) ) ;
#4556 = CARTESIAN_POINT ( 'NONE',  ( 13.68154744953442581, 17.98608703667548170, -11.49000000000000021 ) ) ;
#4557 = CARTESIAN_POINT ( 'NONE',  ( 13.98164062500000604, 19.27463715492169527, -11.49000000000000021 ) ) ;
#4558 = CARTESIAN_POINT ( 'NONE',  ( -9.781893155354641323, 18.75182330661102981, -11.49000000000000377 ) ) ;
#4559 = EDGE_CURVE ( 'NONE', #3262, #1268, #4764, .T. ) ;
#4560 = ADVANCED_FACE ( 'NONE', ( #3159, #6252 ), #581, .F. ) ;
#4561 = CARTESIAN_POINT ( 'NONE',  ( 11.35429687500000639, 17.92463715492169385, -11.50000000000000000 ) ) ;
#4562 = B_SPLINE_CURVE_WITH_KNOTS ( 'NONE', 3,
 ( #4247, #4674, #2760, #3256, #2182, #2699, #704, #4276, #4768, #5272, #1291, #275, #1686, #6163, #1654, #2277, #6281, #1787, #5793, #3286, #147, #1168, #5671 ),
 .UNSPECIFIED., .F., .F.,
 ( 4, 1, 1, 1, 1, 1, 1, 1, 1, 1, 1, 1, 1, 1, 1, 1, 1, 1, 1, 1, 4 ),
 ( 0.000000000000000000, 0.08555296514202580249, 0.1686555273878581618, 0.2497345523834831604, 0.3304999182622664899, 0.3708183740751191948, 0.4104389214578824108, 0.4498607567959730380, 0.4892778107353520922, 0.5288840841578640317, 0.5688708239712109149, 0.6092142042626437215, 0.6503212202130232988, 0.6918796828475827221, 0.7339191274285105093, 0.7761970110408114021, 0.8189477832778142563, 0.8624719199818281501, 0.9069399687947112820, 0.9528333461798221826, 1.000000000000000000 ),
 .UNSPECIFIED. ) ;
#4563 = VERTEX_POINT ( 'NONE', #2242 ) ;
#4564 = ORIENTED_EDGE ( 'NONE', *, *, #3475, .F. ) ;
#4565 = FACE_OUTER_BOUND ( 'NONE', #2058, .T. ) ;
#4566 = CARTESIAN_POINT ( 'NONE',  ( -5.290674572090559025, 21.33113639242762716, -11.49999999999999822 ) ) ;
#4567 = B_SPLINE_CURVE_WITH_KNOTS ( 'NONE', 3,
 ( #428, #3907, #3451, #3944, #2821, #5880, #2358, #2918, #891, #4894, #4826 ),
 .UNSPECIFIED., .F., .F.,
 ( 4, 1, 1, 1, 1, 1, 1, 1, 4 ),
 ( 0.000000000000000000, 0.1595205061521181855, 0.2994015266574611145, 0.4239452041548865679, 0.5371820796466389991, 0.6439591882597508476, 0.7534828433016990124, 0.8704726202576643646, 1.000000000000000000 ),
 .UNSPECIFIED. ) ;
#4568 = CARTESIAN_POINT ( 'NONE',  ( 9.372422829845032055, 20.25305048525301999, -11.50000000000000355 ) ) ;
#4569 = CARTESIAN_POINT ( 'NONE',  ( 4.034213794921617691, 22.08602481236270165, -11.49000000000000377 ) ) ;
#4570 = ORIENTED_EDGE ( 'NONE', *, *, #4468, .T. ) ;
#4571 = CARTESIAN_POINT ( 'NONE',  ( -6.126169280474252687, 19.70011769672222357, -11.50000000000000000 ) ) ;
#4572 = CARTESIAN_POINT ( 'NONE',  ( 1.844531249999998623, 16.97893402992169598, -11.50000000000000000 ) ) ;
#4573 = DIRECTION ( 'NONE',  ( 0.000000000000000000, 1.000000000000000000, -3.739789574593973184E-13 ) ) ;
#4574 = VERTEX_POINT ( 'NONE', #3783 ) ;
#4575 = CARTESIAN_POINT ( 'NONE',  ( -4.687500000000002665, 21.52463715492169882, -11.49000000000000021 ) ) ;
#4576 = CARTESIAN_POINT ( 'NONE',  ( 13.98164062500000604, 19.27463715492169527, -11.49000000000000021 ) ) ;
#4577 = CARTESIAN_POINT ( 'NONE',  ( -6.240804485100220234, 20.40106512649411741, -11.49000000000000021 ) ) ;
#4578 = CARTESIAN_POINT ( 'NONE',  ( -17.17086632422997639, 17.19714476655947166, -11.49000000000000021 ) ) ;
#4579 = ORIENTED_EDGE ( 'NONE', *, *, #2905, .T. ) ;
#4580 = CARTESIAN_POINT ( 'NONE',  ( -9.069979096322967393, 19.10763857231545515, -11.49999999999999822 ) ) ;
#4581 = B_SPLINE_SURFACE_WITH_KNOTS ( 'NONE', 3, 1, ( 
 ( #68, #2587 ),
 ( #3973, #5978 ),
 ( #6079, #4006 ),
 ( #1480, #3480 ),
 ( #4993, #4488 ),
 ( #6503, #6014 ),
 ( #3584, #1216 ),
 ( #3177, #6268 ),
 ( #226, #6206 ),
 ( #1668, #3681 ),
 ( #3242, #3271 ),
 ( #623, #5256 ),
 ( #1247, #1734 ),
 ( #4136, #4655 ),
 ( #5684, #2621 ),
 ( #127, #5197 ),
 ( #719, #4616 ),
 ( #1699, #163 ),
 ( #1181, #6150 ) ),
 .UNSPECIFIED., .F., .F., .F.,
 ( 4, 1, 1, 1, 1, 1, 1, 1, 1, 1, 1, 1, 1, 1, 1, 1, 4 ),
 ( 2, 2 ),
 ( 0.000000000000000000, 0.06945078666391373001, 0.1356413501941019506, 0.1994944797129651892, 0.2613337093531583610, 0.3219079846616211271, 0.3815333281089831607, 0.4404012180668454568, 0.4994326619208531159, 0.5585412646284166893, 0.6179142131050436859, 0.6777479330811915226, 0.7387058888884415753, 0.8010898271693356332, 0.8651266308210512346, 0.9312323912455648944, 1.000000000000000000 ),
 ( 0.000000000000000000, 1.000000000000000000 ),
 .UNSPECIFIED. ) ;
#4582 = DIRECTION ( 'NONE',  ( -0.3259373945820195906, 0.9453913553725170615, 0.000000000000000000 ) ) ;
#4583 = CARTESIAN_POINT ( 'NONE',  ( 7.204436493285377274, 19.90518940627664435, -11.49000000000000021 ) ) ;
#4584 = CARTESIAN_POINT ( 'NONE',  ( -3.371874930950579774, 21.84501905551244150, -11.48999999999999844 ) ) ;
#4585 = CARTESIAN_POINT ( 'NONE',  ( -3.678686576999430802, 20.12602326098062733, -11.49000000000000021 ) ) ;
#4586 = EDGE_CURVE ( 'NONE', #120, #433, #5760, .T. ) ;
#4587 = CARTESIAN_POINT ( 'NONE',  ( -3.090216484405088782, 21.57014439761217517, -11.50000000000000355 ) ) ;
#4588 = ORIENTED_EDGE ( 'NONE', *, *, #6453, .T. ) ;
#4589 = CARTESIAN_POINT ( 'NONE',  ( 6.478384336949902789, 18.83469517903398582, -11.48999999999999844 ) ) ;
#4590 = CARTESIAN_POINT ( 'NONE',  ( -3.877378409351003974, 19.53275925554877190, -11.49999999999999822 ) ) ;
#4591 = DIRECTION ( 'NONE',  ( 0.9463208056064611462, -0.3232289171413017526, 0.000000000000000000 ) ) ;
#4592 = CARTESIAN_POINT ( 'NONE',  ( -8.282642056855713975, 22.27044609263822394, -11.50000000000000178 ) ) ;
#4593 = DIRECTION ( 'NONE',  ( 0.000000000000000000, -1.000000000000000000, 0.000000000000000000 ) ) ;
#4594 = EDGE_LOOP ( 'NONE', ( #4537, #6115, #5894, #6414 ) ) ;
#4595 = CARTESIAN_POINT ( 'NONE',  ( -3.880475438579894742, 18.37748784495739329, -11.50000000000000711 ) ) ;
#4596 = CARTESIAN_POINT ( 'NONE',  ( 16.62070312500000924, 17.92463715492169740, -11.50000000000000355 ) ) ;
#4597 = CARTESIAN_POINT ( 'NONE',  ( 5.037900082325959872, 16.44081030542728072, -11.50000000000000888 ) ) ;
#4598 = DIRECTION ( 'NONE',  ( -0.000000000000000000, -0.000000000000000000, -1.000000000000000000 ) ) ;
#4599 = EDGE_CURVE ( 'NONE', #3911, #1856, #4246, .T. ) ;
#4600 = ORIENTED_EDGE ( 'NONE', *, *, #3203, .F. ) ;
#4601 = DIRECTION ( 'NONE',  ( -0.000000000000000000, -0.000000000000000000, -1.000000000000000000 ) ) ;
#4602 = CARTESIAN_POINT ( 'NONE',  ( -2.833996959853145814, 19.27364433807817790, -11.50000000000000355 ) ) ;
#4603 = ORIENTED_EDGE ( 'NONE', *, *, #20, .F. ) ;
#4604 = CARTESIAN_POINT ( 'NONE',  ( -14.25000000000000178, 21.56682465492170664, -11.49000000000000021 ) ) ;
#4605 = LINE ( 'NONE', #5610, #771 ) ;
#4606 = CARTESIAN_POINT ( 'NONE',  ( 8.919912428387313241, 21.24975857824126635, -11.50000000000000178 ) ) ;
#4607 = CARTESIAN_POINT ( 'NONE',  ( 14.70703125000000711, 18.76487152992169527, -11.49000000000000021 ) ) ;
#4608 = CARTESIAN_POINT ( 'NONE',  ( -9.541920045361832692, 21.41645914881732082, -11.48999999999999844 ) ) ;
#4609 = ORIENTED_EDGE ( 'NONE', *, *, #3955, .F. ) ;
#4610 = CARTESIAN_POINT ( 'NONE',  ( -3.377343750000002309, 16.42463715492170095, -11.50000000000000000 ) ) ;
#4611 = CARTESIAN_POINT ( 'NONE',  ( -10.80354622670535214, 19.55059263573445705, -11.49000000000000199 ) ) ;
#4612 = CARTESIAN_POINT ( 'NONE',  ( -17.00000000000000000, 0.000000000000000000, 0.000000000000000000 ) ) ;
#4613 = CARTESIAN_POINT ( 'NONE',  ( -6.513721957103495441, 19.15429765030213716, -11.49000000000000199 ) ) ;
#4614 = CARTESIAN_POINT ( 'NONE',  ( -3.675000000000002487, 20.30471527992169811, -11.49999999999999645 ) ) ;
#4615 = CARTESIAN_POINT ( 'NONE',  ( -4.166268401887866624, 19.25410625409588405, -11.49000000000000021 ) ) ;
#4616 = CARTESIAN_POINT ( 'NONE',  ( 6.155536353556755103, 20.33234832607919884, -11.50000000000000000 ) ) ;
#4617 = CARTESIAN_POINT ( 'NONE',  ( -19.50000000000000000, 30.50000000000000355, 3.061616997868379197E-16 ) ) ;
#4618 = CARTESIAN_POINT ( 'NONE',  ( 0.9369617017400514447, 22.27275749764154256, -11.50000000000000000 ) ) ;
#4619 = B_SPLINE_CURVE_WITH_KNOTS ( 'NONE', 3,
 ( #1188, #85, #5203, #1039, #2092, #2688, #1495, #5235, #3497, #53, #726 ),
 .UNSPECIFIED., .F., .F.,
 ( 4, 1, 1, 1, 1, 1, 1, 1, 4 ),
 ( 0.000000000000000000, 0.1492571092527161802, 0.2811873988367548094, 0.3971424075277983357, 0.5024248458486634261, 0.6056597735655098180, 0.7188715579523693444, 0.8495578167366056865, 1.000000000000000000 ),
 .UNSPECIFIED. ) ;
#4620 = CARTESIAN_POINT ( 'NONE',  ( 4.145924946380954879, 22.17514465346754449, -11.49999999999999645 ) ) ;
#4621 = CARTESIAN_POINT ( 'NONE',  ( -9.352853084971570752, 22.09659720433811714, -11.50000000000000178 ) ) ;
#4622 = CARTESIAN_POINT ( 'NONE',  ( 9.334363265969326307, 20.53525498882111933, -11.49000000000000377 ) ) ;
#4623 = ORIENTED_EDGE ( 'NONE', *, *, #5224, .T. ) ;
#4624 = CARTESIAN_POINT ( 'NONE',  ( -3.402861480413754691, 18.61073442318547677, -11.49000000000000021 ) ) ;
#4625 = CARTESIAN_POINT ( 'NONE',  ( -7.963844958759336734, 22.23966824943973108, -11.49999999999999822 ) ) ;
#4626 = CARTESIAN_POINT ( 'NONE',  ( -8.700000000000001066, 18.59846527992169740, -11.49000000000000021 ) ) ;
#4627 = ORIENTED_EDGE ( 'NONE', *, *, #1824, .T. ) ;
#4628 = CARTESIAN_POINT ( 'NONE',  ( 0.3754396508897155926, 17.08045379477224301, -11.49000000000000021 ) ) ;
#4629 = EDGE_CURVE ( 'NONE', #694, #4494, #2633, .T. ) ;
#4630 = CARTESIAN_POINT ( 'NONE',  ( -6.655804203083348192, 20.75161854880603229, -11.49000000000000021 ) ) ;
#4631 = CARTESIAN_POINT ( 'NONE',  ( 15.88025924523223509, 21.97378603077995152, -11.49000000000000377 ) ) ;
#4632 = B_SPLINE_SURFACE_WITH_KNOTS ( 'NONE', 3, 1, ( 
 ( #717, #4614 ),
 ( #4227, #2586 ),
 ( #4585, #4200 ),
 ( #3679, #1733 ),
 ( #2223, #1180 ),
 ( #3174, #5194 ),
 ( #96, #5747 ),
 ( #4101, #6112 ),
 ( #653, #683 ),
 ( #3650, #2681 ),
 ( #5130, #3210 ),
 ( #3146, #5657 ),
 ( #1214, #6204 ),
 ( #4685, #2134 ),
 ( #1605, #2712 ) ),
 .UNSPECIFIED., .F., .F., .F.,
 ( 4, 1, 1, 1, 1, 1, 1, 1, 1, 1, 1, 1, 4 ),
 ( 2, 2 ),
 ( 0.000000000000000000, 0.1053170067694430417, 0.2028952206295982497, 0.2956484031323112771, 0.3833243530292900769, 0.4667276985721513505, 0.5460500017882785606, 0.6223769304329064278, 0.6974086367486476146, 0.7719080132070598177, 0.8467697858114046072, 0.9222969557096715176, 1.000000000000000000 ),
 ( 0.000000000000000000, 1.000000000000000000 ),
 .UNSPECIFIED. ) ;
#4633 = EDGE_CURVE ( 'NONE', #1487, #5432, #700, .T. ) ;
#4634 = ORIENTED_EDGE ( 'NONE', *, *, #4375, .F. ) ;
#4635 = CARTESIAN_POINT ( 'NONE',  ( 15.83377010459917322, 22.04048003581086945, -11.50000000000000178 ) ) ;
#4636 = CARTESIAN_POINT ( 'NONE',  ( -4.422656250000001954, 18.29963715492169740, -11.49000000000000021 ) ) ;
#4637 = CARTESIAN_POINT ( 'NONE',  ( -8.290955673831540196, 16.27965551395862320, -11.49000000000000021 ) ) ;
#4638 = CARTESIAN_POINT ( 'NONE',  ( 8.919912428387313241, 21.24975857824126635, -11.49000000000000732 ) ) ;
#4639 = CARTESIAN_POINT ( 'NONE',  ( 14.59921875000000746, 21.38518402992169598, -11.49000000000000021 ) ) ;
#4640 = CARTESIAN_POINT ( 'NONE',  ( -5.929940225151561606, 19.69661177925062034, -11.50000000000000178 ) ) ;
#4641 = ORIENTED_EDGE ( 'NONE', *, *, #5099, .T. ) ;
#4642 = EDGE_CURVE ( 'NONE', #2862, #1068, #46, .T. ) ;
#4643 = ORIENTED_EDGE ( 'NONE', *, *, #5411, .F. ) ;
#4644 = CARTESIAN_POINT ( 'NONE',  ( 4.958220513396885742, 16.36567967246961075, -11.48999999999999488 ) ) ;
#4645 = VECTOR ( 'NONE', #4423, 1000.000000000000000 ) ;
#4646 = CARTESIAN_POINT ( 'NONE',  ( 17.00000000000000000, 1.500000000000000000, 0.000000000000000000 ) ) ;
#4647 = DIRECTION ( 'NONE',  ( -0.000000000000000000, -0.000000000000000000, -1.000000000000000000 ) ) ;
#4648 = B_SPLINE_CURVE_WITH_KNOTS ( 'NONE', 3,
 ( #5390, #320, #5424, #4322, #3308, #5846, #3412, #3336, #846, #2842, #883, #2877, #5909, #390, #1414, #4886, #2388, #4390, #2912 ),
 .UNSPECIFIED., .F., .F.,
 ( 4, 1, 1, 1, 1, 1, 1, 1, 1, 1, 1, 1, 1, 1, 1, 1, 4 ),
 ( 0.000000000000000000, 0.05995852439492303787, 0.1187699002918759655, 0.1760815479608247303, 0.2338585274550120663, 0.2915794445317002603, 0.3491775348295567127, 0.4074358133993448705, 0.4672794854007256693, 0.5283349030081821995, 0.5903842081227581584, 0.6538223996110089642, 0.7196892810252822903, 0.7873065047549158146, 0.8559650902523796567, 0.9268652257306448927, 0.9999999999999998890 ),
 .UNSPECIFIED. ) ;
#4649 = CARTESIAN_POINT ( 'NONE',  ( -16.50000000000000000, 0.000000000000000000, -6.999999999999997335 ) ) ;
#4650 = DIRECTION ( 'NONE',  ( 1.000000000000000000, 0.000000000000000000, 0.000000000000000000 ) ) ;
#4651 = CARTESIAN_POINT ( 'NONE',  ( 10.87500000000000711, 18.37112152992169456, -11.49000000000000021 ) ) ;
#4652 = AXIS2_PLACEMENT_3D ( 'NONE', #4646, #4097, #3580 ) ;
#4653 = PLANE ( 'NONE',  #4232 ) ;
#4654 = B_SPLINE_CURVE_WITH_KNOTS ( 'NONE', 3,
 ( #1251, #2233, #3717, #5262, #3121, #259, #1704, #5137, #4722, #2687, #4691 ),
 .UNSPECIFIED., .F., .F.,
 ( 4, 1, 1, 1, 1, 1, 1, 1, 4 ),
 ( 0.000000000000000000, 0.1646896275994997050, 0.3087619883682764521, 0.4375205225063653613, 0.5554491469078201016, 0.6657293143991136475, 0.7727167918055647400, 0.8825316542860207614, 0.9999999999999998890 ),
 .UNSPECIFIED. ) ;
#4655 = CARTESIAN_POINT ( 'NONE',  ( 6.293843824198493309, 20.97819722926810471, -11.50000000000000355 ) ) ;
#4656 = LINE ( 'NONE', #2080, #2451 ) ;
#4657 = AXIS2_PLACEMENT_3D ( 'NONE', #5558, #4481, #5942 ) ;
#4658 = CARTESIAN_POINT ( 'NONE',  ( -9.005375435992664990, 18.30064833457423035, -11.50000000000000000 ) ) ;
#4659 = CARTESIAN_POINT ( 'NONE',  ( 13.39024841483031558, 18.37204293820096268, -11.50000000000000355 ) ) ;
#4660 = LINE ( 'NONE', #3277, #5208 ) ;
#4661 = VECTOR ( 'NONE', #2425, 1000.000000000000000 ) ;
#4662 = VERTEX_POINT ( 'NONE', #1232 ) ;
#4663 = DIRECTION ( 'NONE',  ( 0.000000000000000000, 0.000000000000000000, 1.000000000000000000 ) ) ;
#4664 = LINE ( 'NONE', #729, #2858 ) ;
#4665 = AXIS2_PLACEMENT_3D ( 'NONE', #2460, #1583, #5567 ) ;
#4666 = B_SPLINE_CURVE_WITH_KNOTS ( 'NONE', 3,
 ( #5364, #5302, #3873, #4297, #1349, #3379, #1779, #5878, #3782, #1811, #5788, #3313, #1286, #4824, #2881, #324, #358 ),
 .UNSPECIFIED., .F., .F.,
 ( 4, 1, 1, 1, 1, 1, 1, 1, 1, 1, 1, 1, 1, 1, 4 ),
 ( 0.000000000000000000, 0.06952526283086382652, 0.1350321394894558047, 0.1964270880322805113, 0.2551415696006418821, 0.3123978050361139180, 0.3704773493750311841, 0.4290144337463325797, 0.4894966988637881600, 0.6185386916283001080, 0.7617700716588313714, 0.8336740435006251282, 0.8962363008806067954, 0.9527852987148628383, 1.000000000000000000 ),
 .UNSPECIFIED. ) ;
#4667 = ORIENTED_EDGE ( 'NONE', *, *, #1566, .F. ) ;
#4668 = CARTESIAN_POINT ( 'NONE',  ( 0.4053699551450306027, 16.77034599543786797, -11.49000000000000021 ) ) ;
#4669 = DIRECTION ( 'NONE',  ( 1.000000000000000000, 0.000000000000000000, 0.000000000000000000 ) ) ;
#4670 = ADVANCED_FACE ( 'NONE', ( #5242 ), #733, .T. ) ;
#4671 = CARTESIAN_POINT ( 'NONE',  ( 9.081015748687265798, 19.10507550753715833, -11.49999999999999645 ) ) ;
#4672 = VECTOR ( 'NONE', #5766, 1000.000000000000227 ) ;
#4673 = CARTESIAN_POINT ( 'NONE',  ( -4.760578548752510741, 22.27423519200771906, -11.50000000000000000 ) ) ;
#4674 = CARTESIAN_POINT ( 'NONE',  ( -2.627725258457772828, 20.28187517191947364, -11.50000000000000000 ) ) ;
#4675 = CARTESIAN_POINT ( 'NONE',  ( 17.09405659969967317, 18.28432754084831302, -11.49999999999999822 ) ) ;
#4676 = CARTESIAN_POINT ( 'NONE',  ( -2.629308924077561116, 19.99222013020360578, -11.48999999999999844 ) ) ;
#4677 = CARTESIAN_POINT ( 'NONE',  ( -6.478115190613704222, 21.42376273697907507, -11.50000000000000000 ) ) ;
#4678 = CARTESIAN_POINT ( 'NONE',  ( -6.031640625000002309, 19.70588715492169740, -11.49000000000000021 ) ) ;
#4679 = ORIENTED_EDGE ( 'NONE', *, *, #1894, .F. ) ;
#4680 = CARTESIAN_POINT ( 'NONE',  ( -8.899391913865002834, 19.37794772099131535, -11.50000000000000000 ) ) ;
#4681 = CARTESIAN_POINT ( 'NONE',  ( -10.11764130073946610, 18.78722046708015014, -11.50000000000000000 ) ) ;
#4682 = CARTESIAN_POINT ( 'NONE',  ( 10.88210612089360652, 18.46394279804733785, -11.49000000000000377 ) ) ;
#4683 = ADVANCED_FACE ( 'NONE', ( #4858 ), #3786, .T. ) ;
#4684 = CARTESIAN_POINT ( 'NONE',  ( 12.40106300108341308, 22.23836528860310935, -11.50000000000000178 ) ) ;
#4685 = CARTESIAN_POINT ( 'NONE',  ( -4.626067247867202248, 19.12619216221774465, -11.49000000000000199 ) ) ;
#4686 = PLANE ( 'NONE',  #2966 ) ;
#4687 = CARTESIAN_POINT ( 'NONE',  ( 8.828560469697620761, 18.88723824422438469, -11.48999999999999844 ) ) ;
#4688 = CARTESIAN_POINT ( 'NONE',  ( 16.23222717183030284, 18.10399496886857307, -11.50000000000000178 ) ) ;
#4689 = CARTESIAN_POINT ( 'NONE',  ( 9.700102789821784199, 18.38957295595699293, -11.50000000000000355 ) ) ;
#4690 = DIRECTION ( 'NONE',  ( -0.000000000000000000, -0.000000000000000000, -1.000000000000000000 ) ) ;
#4691 = CARTESIAN_POINT ( 'NONE',  ( 4.644140624999998579, 16.27463715492169527, -11.49000000000000021 ) ) ;
#4692 = CARTESIAN_POINT ( 'NONE',  ( -5.983615971477499684, 20.45169023723473600, -11.49000000000000021 ) ) ;
#4693 = ORIENTED_EDGE ( 'NONE', *, *, #503, .F. ) ;
#4694 = CARTESIAN_POINT ( 'NONE',  ( -10.32570411504692665, 22.26843204853954816, -11.49999999999999822 ) ) ;
#4695 = CARTESIAN_POINT ( 'NONE',  ( -8.491007065006353827, 16.36977716927213677, -11.49000000000000554 ) ) ;
#4696 = CARTESIAN_POINT ( 'NONE',  ( -9.961947827984577231, 21.44461292238598205, -11.49999999999999822 ) ) ;
#4697 = VERTEX_POINT ( 'NONE', #5851 ) ;
#4698 = LINE ( 'NONE', #4213, #257 ) ;
#4699 = DIRECTION ( 'NONE',  ( 0.000000000000000000, 0.000000000000000000, -1.000000000000000000 ) ) ;
#4700 = CARTESIAN_POINT ( 'NONE',  ( 9.334592541953572464, 19.66435456421250549, -11.50000000000000355 ) ) ;
#4701 = B_SPLINE_CURVE_WITH_KNOTS ( 'NONE', 3,
 ( #5087, #3138, #90, #5052, #6072, #5999, #4544, #2068, #3072, #3043, #2546, #3605, #4640, #2579, #2126 ),
 .UNSPECIFIED., .F., .F.,
 ( 4, 1, 1, 1, 1, 1, 1, 1, 1, 1, 1, 1, 4 ),
 ( 0.000000000000000000, 0.1044505287143838029, 0.1932768430453082609, 0.2679379246443071572, 0.3285622982869245701, 0.3910330280111284917, 0.4691087535087041238, 0.5600905202646608849, 0.6668181364838309255, 0.7719307987940909888, 0.8619210891673909636, 0.9367821740221169424, 1.000000000000000000 ),
 .UNSPECIFIED. ) ;
#4702 = CARTESIAN_POINT ( 'NONE',  ( -5.482887342620917259, 22.17446163889772492, -11.49999999999999645 ) ) ;
#4703 = CARTESIAN_POINT ( 'NONE',  ( -17.01281333951005337, 16.49365857278321457, -11.50000000000000000 ) ) ;
#4704 = LINE ( 'NONE', #2157, #2244 ) ;
#4705 = CARTESIAN_POINT ( 'NONE',  ( 9.537003382638534532, 18.26744206656223213, -11.48999999999999844 ) ) ;
#4706 = CARTESIAN_POINT ( 'NONE',  ( -6.370742939318219555, 21.58790833981658608, -11.50000000000000000 ) ) ;
#4707 = FACE_OUTER_BOUND ( 'NONE', #4483, .T. ) ;
#4708 = ORIENTED_EDGE ( 'NONE', *, *, #6063, .F. ) ;
#4709 = CARTESIAN_POINT ( 'NONE',  ( -9.821484375000002487, 21.44963715492169598, -11.50000000000000178 ) ) ;
#4710 = CARTESIAN_POINT ( 'NONE',  ( -12.36957164648891627, 16.87948564495039605, -11.49000000000000199 ) ) ;
#4711 = CARTESIAN_POINT ( 'NONE',  ( -5.999701318474866873, 19.70297419620044010, -11.49000000000000021 ) ) ;
#4712 = CARTESIAN_POINT ( 'NONE',  ( -5.728916883907746893, 20.75235868499174785, -11.49000000000000021 ) ) ;
#4713 = CARTESIAN_POINT ( 'NONE',  ( -2.937188643478044980, 21.35729660627103854, -11.49000000000000021 ) ) ;
#4714 = CARTESIAN_POINT ( 'NONE',  ( -6.616573678335733177, 21.10886382018544438, -11.49000000000000021 ) ) ;
#4715 = LINE ( 'NONE', #2226, #5490 ) ;
#4716 = EDGE_CURVE ( 'NONE', #4965, #4856, #5686, .T. ) ;
#4717 = EDGE_LOOP ( 'NONE', ( #3804, #4337, #3334, #5000 ) ) ;
#4718 = DIRECTION ( 'NONE',  ( -0.000000000000000000, -0.000000000000000000, -1.000000000000000000 ) ) ;
#4719 = DIRECTION ( 'NONE',  ( -0.000000000000000000, 1.000000000000000000, 0.000000000000000000 ) ) ;
#4720 = CARTESIAN_POINT ( 'NONE',  ( 8.961834834935039851, 18.00779237120190146, -11.49999999999999467 ) ) ;
#4721 = CARTESIAN_POINT ( 'NONE',  ( 3.835206915666061978, 21.85397674549829361, -11.49999999999999822 ) ) ;
#4722 = CARTESIAN_POINT ( 'NONE',  ( 4.533298619178486533, 16.27996192419572097, -11.48999999999999666 ) ) ;
#4723 = CARTESIAN_POINT ( 'NONE',  ( -2.787192358532365688, 16.97413742900285172, -11.50000000000000178 ) ) ;
#4724 = EDGE_CURVE ( 'NONE', #4002, #4271, #1420, .T. ) ;
#4725 = CARTESIAN_POINT ( 'NONE',  ( 10.42500000000000426, 20.10198090492169598, -11.49000000000000021 ) ) ;
#4726 = ORIENTED_EDGE ( 'NONE', *, *, #2046, .F. ) ;
#4727 = LINE ( 'NONE', #1254, #6141 ) ;
#4728 = CARTESIAN_POINT ( 'NONE',  ( -7.651666075856811133, 21.70563348504878576, -11.49000000000000021 ) ) ;
#4729 = CARTESIAN_POINT ( 'NONE',  ( -9.868514474352137356, 21.44795493687634647, -11.50000000000000000 ) ) ;
#4730 = CARTESIAN_POINT ( 'NONE',  ( 16.97695312500000497, 18.86916840492169456, -11.49000000000000021 ) ) ;
#4731 = ORIENTED_EDGE ( 'NONE', *, *, #1422, .T. ) ;
#4732 = CARTESIAN_POINT ( 'NONE',  ( 1.041796874999998401, 16.27463715492169527, -11.50000000000000000 ) ) ;
#4733 = CARTESIAN_POINT ( 'NONE',  ( -18.50000000000000000, 29.50000000000000355, 0.000000000000000000 ) ) ;
#4734 = CARTESIAN_POINT ( 'NONE',  ( 8.322315517354361702, 18.75083326998012723, -11.50000000000000000 ) ) ;
#4735 = CARTESIAN_POINT ( 'NONE',  ( -6.228111042179024892, 21.74282246962721388, -11.50000000000000000 ) ) ;
#4736 = CARTESIAN_POINT ( 'NONE',  ( -10.19933945604134884, 22.27255551053279348, -11.50000000000000000 ) ) ;
#4737 = CARTESIAN_POINT ( 'NONE',  ( 11.82157030913059437, 18.28903783219836043, -11.50000000000000711 ) ) ;
#4738 = CARTESIAN_POINT ( 'NONE',  ( -8.700000000000001066, 21.66526215492169882, -11.49000000000000021 ) ) ;
#4739 = CARTESIAN_POINT ( 'NONE',  ( -2.860835143954505888, 17.13919680494282005, -11.50000000000000178 ) ) ;
#4740 = B_SPLINE_CURVE_WITH_KNOTS ( 'NONE', 3,
 ( #158, #1728, #618, #3113, #3705, #3676, #6145, #713, #1636, #2101, #5093, #2709, #4583, #5160, #648 ),
 .UNSPECIFIED., .F., .F.,
 ( 4, 1, 1, 1, 1, 1, 1, 1, 1, 1, 1, 1, 4 ),
 ( 0.000000000000000000, 0.08057587374943657454, 0.1577999761605090312, 0.2324163316081811481, 0.3068126613554346127, 0.3817277918317791285, 0.4577315428509047823, 0.5368112335535605295, 0.6202969151742295795, 0.7083999362007823430, 0.8004096836703722406, 0.8972723587901967335, 1.000000000000000000 ),
 .UNSPECIFIED. ) ;
#4741 = VERTEX_POINT ( 'NONE', #3314 ) ;
#4742 = ORIENTED_EDGE ( 'NONE', *, *, #4327, .F. ) ;
#4743 = CARTESIAN_POINT ( 'NONE',  ( -9.410578371771427086, 21.37033190675194660, -11.50000000000000178 ) ) ;
#4744 = CARTESIAN_POINT ( 'NONE',  ( -17.25000000000000711, 16.91448090492170664, -11.50000000000000178 ) ) ;
#4745 = EDGE_CURVE ( 'NONE', #8, #2704, #300, .T. ) ;
#4746 = DIRECTION ( 'NONE',  ( 0.000000000000000000, 1.000000000000000000, 0.000000000000000000 ) ) ;
#4747 = DIRECTION ( 'NONE',  ( -0.000000000000000000, -0.000000000000000000, -1.000000000000000000 ) ) ;
#4748 = CARTESIAN_POINT ( 'NONE',  ( 7.609176704832911753, 18.00736422230127332, -11.49999999999999822 ) ) ;
#4749 = CARTESIAN_POINT ( 'NONE',  ( -4.638096359612625896, 21.52315844254486166, -11.49000000000000021 ) ) ;
#4750 = CARTESIAN_POINT ( 'NONE',  ( 8.627992460462129642, 18.79777871199867079, -11.48999999999999844 ) ) ;
#4751 = LINE ( 'NONE', #3772, #3720 ) ;
#4752 = CARTESIAN_POINT ( 'NONE',  ( 8.516990831320482513, 17.92898548259511671, -11.48999999999999844 ) ) ;
#4753 = AXIS2_PLACEMENT_3D ( 'NONE', #2390, #5980, #6016 ) ;
#4754 = EDGE_CURVE ( 'NONE', #106, #2309, #348, .T. ) ;
#4755 = ORIENTED_EDGE ( 'NONE', *, *, #2232, .T. ) ;
#4756 = CARTESIAN_POINT ( 'NONE',  ( 13.28376753509783370, 18.71090018480014550, -11.49000000000000199 ) ) ;
#4757 = CARTESIAN_POINT ( 'NONE',  ( -2.925625737489226275, 17.20542575748299896, -11.49999999999999645 ) ) ;
#4758 = CARTESIAN_POINT ( 'NONE',  ( 9.846848917169390702, 21.67865699665115287, -11.49999999999999289 ) ) ;
#4759 = CARTESIAN_POINT ( 'NONE',  ( -16.65703125000000284, 17.39963715492170238, -11.49000000000000021 ) ) ;
#4760 = CARTESIAN_POINT ( 'NONE',  ( -10.22927370390237201, 21.36529250791428680, -11.50000000000000000 ) ) ;
#4761 = ORIENTED_EDGE ( 'NONE', *, *, #5903, .F. ) ;
#4762 = CARTESIAN_POINT ( 'NONE',  ( 0.9457974436420290010, 16.27854184230771040, -11.49000000000000199 ) ) ;
#4763 = CONICAL_SURFACE ( 'NONE', #677, 1.250000000000001110, 0.7853981633974517207 ) ;
#4764 = LINE ( 'NONE', #2695, #5303 ) ;
#4765 = CARTESIAN_POINT ( 'NONE',  ( 9.358396125141601019, 19.80204003858042583, -11.49999999999999822 ) ) ;
#4766 = CARTESIAN_POINT ( 'NONE',  ( -3.742116957818668155, 20.78931219368587691, -11.49999999999999467 ) ) ;
#4767 = VECTOR ( 'NONE', #5536, 1000.000000000000000 ) ;
#4768 = CARTESIAN_POINT ( 'NONE',  ( -3.090216484405088782, 21.57014439761217517, -11.50000000000000355 ) ) ;
#4769 = CARTESIAN_POINT ( 'NONE',  ( 11.47274266619591288, 17.92892278137730599, -11.49000000000000199 ) ) ;
#4770 = FACE_OUTER_BOUND ( 'NONE', #5301, .T. ) ;
#4771 = CARTESIAN_POINT ( 'NONE',  ( -5.343467871011468695, 22.21260215394732640, -11.50000000000000000 ) ) ;
#4772 = FACE_OUTER_BOUND ( 'NONE', #5931, .T. ) ;
#4773 = EDGE_LOOP ( 'NONE', ( #1620, #6430, #3754, #5725 ) ) ;
#4774 = ORIENTED_EDGE ( 'NONE', *, *, #5998, .F. ) ;
#4775 = EDGE_LOOP ( 'NONE', ( #5005, #5964, #4519, #1363 ) ) ;
#4776 = CARTESIAN_POINT ( 'NONE',  ( 7.588071800801412969, 21.19895008522265556, -11.49000000000000021 ) ) ;
#4777 = CARTESIAN_POINT ( 'NONE',  ( -12.60071971234430777, 16.49585230908272138, -11.49999999999999822 ) ) ;
#4778 = CARTESIAN_POINT ( 'NONE',  ( 0.4359374999999983680, 16.67776215492169101, -11.49000000000000021 ) ) ;
#4779 = CARTESIAN_POINT ( 'NONE',  ( 6.150000000000004796, 20.09963715492169456, -11.49000000000000021 ) ) ;
#4780 = B_SPLINE_SURFACE_WITH_KNOTS ( 'NONE', 3, 1, ( 
 ( #6059, #2086 ),
 ( #5541, #136 ),
 ( #3093, #5602 ),
 ( #5001, #2146 ),
 ( #498, #4595 ),
 ( #78, #4496 ),
 ( #3125, #1617 ),
 ( #4624, #7 ),
 ( #2994, #3488 ),
 ( #4529, #5109 ),
 ( #4080, #1525 ),
 ( #2497, #3627 ),
 ( #5635, #1097 ),
 ( #5984, #600 ),
 ( #5571, #2629 ),
 ( #4016, #107 ),
 ( #6025, #6125 ),
 ( #2017, #1486 ),
 ( #5498, #3527 ) ),
 .UNSPECIFIED., .F., .F., .F.,
 ( 4, 1, 1, 1, 1, 1, 1, 1, 1, 1, 1, 1, 1, 1, 1, 1, 4 ),
 ( 2, 2 ),
 ( 0.000000000000000000, 0.06416375008924010692, 0.1269196678298463998, 0.1888941989930075505, 0.2507375392148806226, 0.3118410051105598990, 0.3721214685993888271, 0.4318605608761109660, 0.4917327418408968809, 0.5517539565477405095, 0.6128042311681409782, 0.6743434511083384875, 0.7374864361561789261, 0.8017222967161407032, 0.8663401305134581509, 0.9322312402758758942, 1.000000000000000000 ),
 ( 0.000000000000000000, 1.000000000000000000 ),
 .UNSPECIFIED. ) ;
#4781 = CARTESIAN_POINT ( 'NONE',  ( -15.37107034416750118, 21.72765607360880580, -11.50000000000000533 ) ) ;
#4782 = CARTESIAN_POINT ( 'NONE',  ( 6.230353741950482416, 19.41723129868203301, -11.50000000000000533 ) ) ;
#4783 = CARTESIAN_POINT ( 'NONE',  ( 16.07295420159014654, 18.55469024525502419, -11.50000000000000000 ) ) ;
#4784 = CARTESIAN_POINT ( 'NONE',  ( -9.499918979281561704, 18.01160706822178170, -11.48999999999999488 ) ) ;
#4785 = CARTESIAN_POINT ( 'NONE',  ( 9.982302117551995480, 18.67851055476619138, -11.50000000000000355 ) ) ;
#4786 = ORIENTED_EDGE ( 'NONE', *, *, #4586, .F. ) ;
#4787 = CARTESIAN_POINT ( 'NONE',  ( 13.54473664887492390, 18.09649581664553963, -11.50000000000000355 ) ) ;
#4788 = EDGE_CURVE ( 'NONE', #3262, #5317, #6465, .T. ) ;
#4789 = CARTESIAN_POINT ( 'NONE',  ( 19.50000000000000000, 30.00000000000000355, 0.000000000000000000 ) ) ;
#4790 = CARTESIAN_POINT ( 'NONE',  ( 0.9369617017400514447, 22.27275749764154256, -11.50000000000000000 ) ) ;
#4791 = CARTESIAN_POINT ( 'NONE',  ( -17.10454055895327485, 17.27000616987065840, -11.49000000000000199 ) ) ;
#4792 = ORIENTED_EDGE ( 'NONE', *, *, #6168, .F. ) ;
#4793 = CARTESIAN_POINT ( 'NONE',  ( 0.5308966515765166649, 16.51497920461360280, -11.49000000000000021 ) ) ;
#4794 = CARTESIAN_POINT ( 'NONE',  ( -14.92681667888047237, 22.26943110957635596, -11.49999999999999467 ) ) ;
#4795 = CARTESIAN_POINT ( 'NONE',  ( 0.3749999999999983902, 21.60198090492169243, -11.50000000000000000 ) ) ;
#4796 = ADVANCED_FACE ( 'NONE', ( #2953 ), #1027, .T. ) ;
#4797 = CARTESIAN_POINT ( 'NONE',  ( -4.151403305691701462, 21.36916494720013660, -11.49999999999999645 ) ) ;
#4798 = EDGE_LOOP ( 'NONE', ( #5348, #5924, #3764, #4792 ) ) ;
#4799 = CARTESIAN_POINT ( 'NONE',  ( 17.06933418779022560, 18.58653415671409448, -11.49999999999999645 ) ) ;
#4800 = CARTESIAN_POINT ( 'NONE',  ( 6.873239806760560455, 18.38189381231955011, -11.50000000000000355 ) ) ;
#4801 = LINE ( 'NONE', #305, #5296 ) ;
#4802 = CARTESIAN_POINT ( 'NONE',  ( -5.578123772527476376, 19.49859874929644477, -11.49999999999999645 ) ) ;
#4803 = ORIENTED_EDGE ( 'NONE', *, *, #6095, .F. ) ;
#4804 = ORIENTED_EDGE ( 'NONE', *, *, #1519, .T. ) ;
#4805 = ORIENTED_EDGE ( 'NONE', *, *, #3044, .T. ) ;
#4806 = EDGE_CURVE ( 'NONE', #4343, #5347, #2014, .T. ) ;
#4807 = CARTESIAN_POINT ( 'NONE',  ( 9.700102789821784199, 18.38957295595699293, -11.50000000000000355 ) ) ;
#4808 = CARTESIAN_POINT ( 'NONE',  ( -2.815604608661716135, 16.68173815301979701, -11.50000000000000355 ) ) ;
#4809 = CARTESIAN_POINT ( 'NONE',  ( -11.43175737287695171, 18.48449308510192779, -11.49000000000000021 ) ) ;
#4810 = CARTESIAN_POINT ( 'NONE',  ( 11.16701347192316085, 17.95556968100999384, -11.48999999999999666 ) ) ;
#4811 = EDGE_CURVE ( 'NONE', #5885, #3367, #4812, .T. ) ;
#4812 = B_SPLINE_CURVE_WITH_KNOTS ( 'NONE', 3,
 ( #2492, #3024, #5032, #103, #3088, #3450, #40, #2045, #6476, #1059, #3484 ),
 .UNSPECIFIED., .F., .F.,
 ( 4, 1, 1, 1, 1, 1, 1, 1, 4 ),
 ( 0.000000000000000000, 0.1445011226731097165, 0.2817940905082269021, 0.4136652199223511128, 0.5391365845347640962, 0.6610715303572058943, 0.7776846572542785996, 0.8908332520504091967, 0.9999999999999998890 ),
 .UNSPECIFIED. ) ;
#4813 = CARTESIAN_POINT ( 'NONE',  ( 9.303920161294756852, 19.53449771710463878, -11.49999999999998579 ) ) ;
#4814 = CARTESIAN_POINT ( 'NONE',  ( 16.53207856197129288, 17.92782571650990775, -11.50000000000000178 ) ) ;
#4815 = CARTESIAN_POINT ( 'NONE',  ( -9.005375435992664990, 18.30064833457423035, -11.49000000000000021 ) ) ;
#4816 = CARTESIAN_POINT ( 'NONE',  ( 8.281640625000004974, 17.92463715492169385, -11.50000000000000000 ) ) ;
#4817 = CARTESIAN_POINT ( 'NONE',  ( 13.98164062500000604, 19.27463715492169527, -11.50000000000000000 ) ) ;
#4818 = CARTESIAN_POINT ( 'NONE',  ( 13.87226145303271352, 17.92769838464855781, -11.49000000000000021 ) ) ;
#4819 = LINE ( 'NONE', #5947, #3528 ) ;
#4820 = CARTESIAN_POINT ( 'NONE',  ( -9.499918979281561704, 18.01160706822178170, -11.49999999999999467 ) ) ;
#4821 = CARTESIAN_POINT ( 'NONE',  ( -16.65703125000000284, 16.42463715492170451, -11.49000000000000021 ) ) ;
#4822 = CARTESIAN_POINT ( 'NONE',  ( -8.491007065006353827, 16.36977716927213677, -11.50000000000000533 ) ) ;
#4823 = EDGE_LOOP ( 'NONE', ( #6407, #2335, #4254, #6034, #4933, #3493, #4904, #3919, #5314, #1425, #6140, #1881, #2631, #3011, #5799, #916, #2856, #3280, #3091 ) ) ;
#4824 = CARTESIAN_POINT ( 'NONE',  ( 11.92481178049725443, 21.55503392263432261, -11.48999999999999844 ) ) ;
#4825 = CARTESIAN_POINT ( 'NONE',  ( -15.37364064140721709, 21.62245995233733709, -11.49000000000000199 ) ) ;
#4826 = CARTESIAN_POINT ( 'NONE',  ( 4.552734374999999112, 22.27463715492169172, -11.49000000000000021 ) ) ;
#4827 = EDGE_LOOP ( 'NONE', ( #111, #5546, #5089, #1330 ) ) ;
#4828 = CARTESIAN_POINT ( 'NONE',  ( -6.652791355525552675, 20.96537313272962066, -11.50000000000000000 ) ) ;
#4829 = B_SPLINE_SURFACE_WITH_KNOTS ( 'NONE', 3, 1, ( 
 ( #1813, #4962 ),
 ( #3813, #5338 ),
 ( #3875, #6406 ),
 ( #1387, #5915 ),
 ( #3847, #2427 ),
 ( #1351, #5396 ),
 ( #462, #4427 ),
 ( #5824, #1423 ),
 ( #326, #3524 ),
 ( #5538, #3089 ),
 ( #5568, #1982 ) ),
 .UNSPECIFIED., .F., .F., .F.,
 ( 4, 1, 1, 1, 1, 1, 1, 1, 4 ),
 ( 2, 2 ),
 ( 0.000000000000000000, 0.1286385819702421107, 0.2460129349981672320, 0.3573756046128249708, 0.4679829689395426651, 0.5831388492855265060, 0.7073917427520987067, 0.8448451700221077942, 1.000000000000000000 ),
 ( 0.000000000000000000, 1.000000000000000000 ),
 .UNSPECIFIED. ) ;
#4830 = ORIENTED_EDGE ( 'NONE', *, *, #6429, .F. ) ;
#4831 = CARTESIAN_POINT ( 'NONE',  ( 19.50000000000000000, 7.364218330839950255, 0.000000000000000000 ) ) ;
#4832 = CARTESIAN_POINT ( 'NONE',  ( 14.52063880125106365, 18.22393252298225619, -11.50000000000000000 ) ) ;
#4833 = EDGE_CURVE ( 'NONE', #2873, #5518, #561, .T. ) ;
#4834 = VERTEX_POINT ( 'NONE', #3978 ) ;
#4835 = ADVANCED_BREP_SHAPE_REPRESENTATION ( 'Shell Right', ( #5521, #696 ), #1016 ) ;
#4836 = CARTESIAN_POINT ( 'NONE',  ( 1.180092494667325909, 16.28051855963171235, -11.49999999999999645 ) ) ;
#4837 = CARTESIAN_POINT ( 'NONE',  ( 16.97695312500000497, 18.86916840492169456, -11.49000000000000021 ) ) ;
#4838 = EDGE_CURVE ( 'NONE', #248, #6184, #1677, .T. ) ;
#4839 = ORIENTED_EDGE ( 'NONE', *, *, #3945, .T. ) ;
#4840 = ORIENTED_EDGE ( 'NONE', *, *, #140, .T. ) ;
#4841 = EDGE_LOOP ( 'NONE', ( #803, #2400, #2539, #2755 ) ) ;
#4842 = CARTESIAN_POINT ( 'NONE',  ( -8.791893240778668073, 20.51442646725793750, -11.50000000000000178 ) ) ;
#4843 = CARTESIAN_POINT ( 'NONE',  ( 7.200000000000005507, 20.10198090492169953, -11.49000000000000199 ) ) ;
#4844 = CARTESIAN_POINT ( 'NONE',  ( -9.069979096322967393, 19.10763857231545515, -11.50000000000000000 ) ) ;
#4845 = DIRECTION ( 'NONE',  ( -1.000000000000000000, 0.000000000000000000, -6.859890861424213907E-14 ) ) ;
#4846 = CARTESIAN_POINT ( 'NONE',  ( -18.50000000000000000, 29.50000000000000355, 1.836970198721025743E-16 ) ) ;
#4847 = CARTESIAN_POINT ( 'NONE',  ( 6.184107084450109149, 19.63588733241189743, -11.49999999999999645 ) ) ;
#4848 = CARTESIAN_POINT ( 'NONE',  ( 7.200000000000004619, 20.10198090492169598, -11.49000000000000021 ) ) ;
#4849 = APPLICATION_PROTOCOL_DEFINITION ( 'draft international standard', 'automotive_design', 1998, #4154 ) ;
#4850 = CARTESIAN_POINT ( 'NONE',  ( 8.281640625000004974, 18.74963715492169314, -11.49999999999999822 ) ) ;
#4851 = VECTOR ( 'NONE', #4718, 1000.000000000000000 ) ;
#4852 = DIRECTION ( 'NONE',  ( 1.000000000000000000, -0.000000000000000000, 0.000000000000000000 ) ) ;
#4853 = CARTESIAN_POINT ( 'NONE',  ( -3.947038845884647706, 21.18124755587875541, -11.49000000000000199 ) ) ;
#4854 = CARTESIAN_POINT ( 'NONE',  ( 1.424999999999998490, 21.60549652992169456, -11.50000000000000000 ) ) ;
#4855 = VECTOR ( 'NONE', #139, 1000.000000000000000 ) ;
#4856 = VERTEX_POINT ( 'NONE', #3055 ) ;
#4857 = FACE_OUTER_BOUND ( 'NONE', #1298, .T. ) ;
#4858 = FACE_OUTER_BOUND ( 'NONE', #5156, .T. ) ;
#4859 = CARTESIAN_POINT ( 'NONE',  ( 0.4506146691972099938, 22.00585104791197111, -11.49000000000000377 ) ) ;
#4860 = VECTOR ( 'NONE', #1455, 1000.000000000000000 ) ;
#4861 = CARTESIAN_POINT ( 'NONE',  ( 0.000000000000000000, 30.50000000000000355, 0.000000000000000000 ) ) ;
#4862 = ORIENTED_EDGE ( 'NONE', *, *, #1925, .F. ) ;
#4863 = CARTESIAN_POINT ( 'NONE',  ( 10.34591587078296726, 20.77666316169456096, -11.49000000000000377 ) ) ;
#4864 = CARTESIAN_POINT ( 'NONE',  ( 6.230353741950482416, 19.41723129868203301, -11.49000000000000554 ) ) ;
#4865 = CARTESIAN_POINT ( 'NONE',  ( 11.88164062500000639, 21.43205902992169243, -11.49000000000000021 ) ) ;
#4866 = VECTOR ( 'NONE', #6349, 1000.000000000000000 ) ;
#4867 = ORIENTED_EDGE ( 'NONE', *, *, #3775, .F. ) ;
#4868 = CARTESIAN_POINT ( 'NONE',  ( 1.670283239466187730, 16.69270847560313697, -11.49999999999999822 ) ) ;
#4869 = EDGE_CURVE ( 'NONE', #784, #5467, #4075, .T. ) ;
#4870 = CARTESIAN_POINT ( 'NONE',  ( -8.700000000000001066, 21.66526215492169882, -11.49000000000000021 ) ) ;
#4871 = EDGE_LOOP ( 'NONE', ( #6342, #5730, #1939, #3102 ) ) ;
#4872 = VERTEX_POINT ( 'NONE', #5493 ) ;
#4873 = ORIENTED_EDGE ( 'NONE', *, *, #4937, .T. ) ;
#4874 = CARTESIAN_POINT ( 'NONE',  ( 0.6846958929770288194, 22.23534323398394363, -11.50000000000000178 ) ) ;
#4875 = CARTESIAN_POINT ( 'NONE',  ( -5.458593750000002132, 18.61838715492169882, -11.49000000000000021 ) ) ;
#4876 = CARTESIAN_POINT ( 'NONE',  ( -11.92500000000000249, 20.05276215492170166, -11.49000000000000199 ) ) ;
#4877 = CARTESIAN_POINT ( 'NONE',  ( 9.374141560286401997, 20.04999761399213298, -11.48999999999999844 ) ) ;
#4878 = CARTESIAN_POINT ( 'NONE',  ( 19.00000000000000000, 30.50000000000000355, 0.000000000000000000 ) ) ;
#4879 = CARTESIAN_POINT ( 'NONE',  ( 8.049525161160048015, 17.92948125563997408, -11.50000000000000355 ) ) ;
#4880 = CARTESIAN_POINT ( 'NONE',  ( 1.586818704055152685, 16.56893540662995434, -11.49000000000000377 ) ) ;
#4881 = EDGE_CURVE ( 'NONE', #1068, #3038, #3555, .T. ) ;
#4882 = CARTESIAN_POINT ( 'NONE',  ( 7.832518902798166316, 21.36212991629943048, -11.50000000000000355 ) ) ;
#4883 = VERTEX_POINT ( 'NONE', #3589 ) ;
#4884 = SHAPE_DEFINITION_REPRESENTATION ( #4465, #4835 ) ;
#4885 = LINE ( 'NONE', #1772, #2568 ) ;
#4886 = CARTESIAN_POINT ( 'NONE',  ( -11.89620805941402359, 20.50897159075244858, -11.48999999999999666 ) ) ;
#4887 = PRODUCT ( 'Shell Right', 'Shell Right', '', ( #3369 ) ) ;
#4888 = FACE_OUTER_BOUND ( 'NONE', #91, .T. ) ;
#4889 = CARTESIAN_POINT ( 'NONE',  ( -10.22927370390237201, 21.36529250791428680, -11.50000000000000000 ) ) ;
#4890 = CARTESIAN_POINT ( 'NONE',  ( -7.650000000000001243, 21.65705902992169740, -11.50000000000000000 ) ) ;
#4891 = B_SPLINE_CURVE_WITH_KNOTS ( 'NONE', 3,
 ( #2959, #6483, #5959, #2924, #5988, #4257, #3238, #5435, #6264, #3950, #1919 ),
 .UNSPECIFIED., .F., .F.,
 ( 4, 1, 1, 1, 1, 1, 1, 1, 4 ),
 ( 0.000000000000000000, 0.1624462383803301213, 0.3068042622769462935, 0.4351149757490645475, 0.5513211882827103727, 0.6601349943945631349, 0.7677456018977869556, 0.8790418766546687079, 1.000000000000000000 ),
 .UNSPECIFIED. ) ;
#4892 = CARTESIAN_POINT ( 'NONE',  ( 5.174999999999998934, 16.94729340492169456, -11.49000000000000021 ) ) ;
#4893 = CARTESIAN_POINT ( 'NONE',  ( -15.37107034416750118, 21.72765607360880580, -11.50000000000000178 ) ) ;
#4894 = CARTESIAN_POINT ( 'NONE',  ( 4.601447461994734311, 22.27278984943204776, -11.49000000000000021 ) ) ;
#4895 = EDGE_CURVE ( 'NONE', #3057, #4856, #990, .T. ) ;
#4896 = CARTESIAN_POINT ( 'NONE',  ( 14.42273208467083734, 18.09813800467484413, -11.48999999999999666 ) ) ;
#4897 = ORIENTED_EDGE ( 'NONE', *, *, #5973, .T. ) ;
#4898 = CARTESIAN_POINT ( 'NONE',  ( 10.42330323072810927, 20.18020130943468970, -11.49000000000000199 ) ) ;
#4899 = CARTESIAN_POINT ( 'NONE',  ( 6.151715332939258651, 20.02025101726003342, -11.50000000000000355 ) ) ;
#4900 = CARTESIAN_POINT ( 'NONE',  ( -8.059521093145789905, 16.27905058727511900, -11.49999999999999822 ) ) ;
#4901 = EDGE_LOOP ( 'NONE', ( #6, #486, #3852, #637 ) ) ;
#4902 = CARTESIAN_POINT ( 'NONE',  ( -11.85788815893836023, 20.72614638611195303, -11.49000000000000377 ) ) ;
#4903 = CARTESIAN_POINT ( 'NONE',  ( -17.00000000000000000, 0.000000000000000000, -6.499999999999997335 ) ) ;
#4904 = ORIENTED_EDGE ( 'NONE', *, *, #3762, .F. ) ;
#4905 = ORIENTED_EDGE ( 'NONE', *, *, #4919, .T. ) ;
#4906 = CARTESIAN_POINT ( 'NONE',  ( -6.524392741289948283, 19.27134616380669740, -11.49000000000000199 ) ) ;
#4907 = CARTESIAN_POINT ( 'NONE',  ( -16.90869067316672414, 16.45330422135798543, -11.49000000000000021 ) ) ;
#4908 = CARTESIAN_POINT ( 'NONE',  ( -11.80522867098453510, 19.16015149425048492, -11.48999999999999666 ) ) ;
#4909 = CARTESIAN_POINT ( 'NONE',  ( -9.879071186629873935, 18.75166455874640192, -11.48999999999999844 ) ) ;
#4910 = CARTESIAN_POINT ( 'NONE',  ( -14.80898437500000320, 22.27463715492170238, -11.49000000000000021 ) ) ;
#4911 = CARTESIAN_POINT ( 'NONE',  ( 12.55460966622137775, 22.27191862467599037, -11.49000000000000021 ) ) ;
#4912 = CARTESIAN_POINT ( 'NONE',  ( -8.175000000000002487, 16.27463715492169882, -11.49000000000000021 ) ) ;
#4913 = DIRECTION ( 'NONE',  ( -0.000000000000000000, 0.000000000000000000, -1.000000000000000000 ) ) ;
#4914 = CARTESIAN_POINT ( 'NONE',  ( 4.124999999999998224, 16.94729340492169456, -11.50000000000000000 ) ) ;
#4915 = ORIENTED_EDGE ( 'NONE', *, *, #6183, .T. ) ;
#4916 = EDGE_CURVE ( 'NONE', #1524, #4489, #5060, .T. ) ;
#4917 = CARTESIAN_POINT ( 'NONE',  ( 4.338142347667802490, 16.36528115376999892, -11.50000000000000178 ) ) ;
#4918 = CARTESIAN_POINT ( 'NONE',  ( 7.838484333614810673, 18.83516455200612327, -11.49000000000000554 ) ) ;
#4919 = EDGE_CURVE ( 'NONE', #1778, #3157, #6232, .T. ) ;
#4920 = CARTESIAN_POINT ( 'NONE',  ( 16.65210122212639021, 17.92618804603922200, -11.49000000000000021 ) ) ;
#4921 = CARTESIAN_POINT ( 'NONE',  ( 6.150000000000004796, 20.09963715492169456, -11.49000000000000021 ) ) ;
#4922 = LINE ( 'NONE', #2013, #4661 ) ;
#4923 = CARTESIAN_POINT ( 'NONE',  ( 12.79796584546752491, 22.26200302222999383, -11.50000000000000178 ) ) ;
#4924 = ADVANCED_FACE ( 'NONE', ( #169, #5661, #3655, #1158, #232, #1224, #1740, #658, #6211 ), #3246, .T. ) ;
#4925 = CARTESIAN_POINT ( 'NONE',  ( -5.233593750000003375, 17.32463715492169598, -11.49000000000000021 ) ) ;
#4926 = ORIENTED_EDGE ( 'NONE', *, *, #1154, .F. ) ;
#4927 = FACE_OUTER_BOUND ( 'NONE', #2672, .T. ) ;
#4928 = ORIENTED_EDGE ( 'NONE', *, *, #749, .T. ) ;
#4929 = DIRECTION ( 'NONE',  ( -0.000000000000000000, -1.000000000000000000, -0.000000000000000000 ) ) ;
#4930 = CARTESIAN_POINT ( 'NONE',  ( 14.70703125000000711, 18.76487152992169527, -11.50000000000000000 ) ) ;
#4931 = CARTESIAN_POINT ( 'NONE',  ( 0.3885671984234903009, 16.87571053512525410, -11.49000000000000199 ) ) ;
#4932 = LINE ( 'NONE', #5841, #1191 ) ;
#4933 = ORIENTED_EDGE ( 'NONE', *, *, #1710, .F. ) ;
#4934 = CARTESIAN_POINT ( 'NONE',  ( -11.54847046412175793, 21.48910819615096202, -11.49999999999999467 ) ) ;
#4935 = CARTESIAN_POINT ( 'NONE',  ( -3.138175803223215432, 18.83772705072663456, -11.50000000000000178 ) ) ;
#4936 = ORIENTED_EDGE ( 'NONE', *, *, #4153, .F. ) ;
#4937 = EDGE_CURVE ( 'NONE', #4343, #3855, #4654, .T. ) ;
#4938 = B_SPLINE_CURVE_WITH_KNOTS ( 'NONE', 3,
 ( #2612, #4124, #22, #4608, #6139, #5740, #1238, #5217, #5275, #3735, #5186, #3701, #6227, #2160, #279 ),
 .UNSPECIFIED., .F., .F.,
 ( 4, 1, 1, 1, 1, 1, 1, 1, 1, 1, 1, 1, 4 ),
 ( 0.000000000000000000, 0.07433125880460952906, 0.1462283265474874916, 0.2177568673662739207, 0.2903599286591333484, 0.3630850718339861949, 0.4378872412596144237, 0.5165596629887888591, 0.6001169684285653227, 0.6890797924103815308, 0.7843348404502343829, 0.8880284049398760038, 1.000000000000000000 ),
 .UNSPECIFIED. ) ;
#4939 = ORIENTED_EDGE ( 'NONE', *, *, #586, .F. ) ;
#4940 = CARTESIAN_POINT ( 'NONE',  ( -5.715234375000003197, 20.78284027992169669, -11.50000000000000000 ) ) ;
#4941 = CARTESIAN_POINT ( 'NONE',  ( 13.98164062500000604, 17.92463715492169385, -11.50000000000000000 ) ) ;
#4942 = CARTESIAN_POINT ( 'NONE',  ( -11.30204918220549004, 18.35325170355640978, -11.49999999999999645 ) ) ;
#4943 = B_SPLINE_SURFACE_WITH_KNOTS ( 'NONE', 3, 1, ( 
 ( #5416, #1967 ),
 ( #2032, #6003 ),
 ( #5556, #4031 ),
 ( #414, #5448 ),
 ( #448, #636 ),
 ( #4479, #3131 ),
 ( #4631, #2153 ),
 ( #2634, #4152 ),
 ( #5940, #6042 ),
 ( #1444, #2938 ),
 ( #5477, #6425 ),
 ( #2904, #2411 ),
 ( #2478, #4413 ),
 ( #2445, #3470 ),
 ( #3963, #5970 ) ),
 .UNSPECIFIED., .F., .F., .F.,
 ( 4, 1, 1, 1, 1, 1, 1, 1, 1, 1, 1, 1, 4 ),
 ( 2, 2 ),
 ( 0.000000000000000000, 0.1303310970757134701, 0.2420448722122615082, 0.3348272005478172275, 0.4081765283158915181, 0.4724447669966172492, 0.5381690037351964939, 0.6056741181990638045, 0.6757075953646399791, 0.7485551821971687669, 0.8257836155669823208, 0.9084656348364386069, 1.000000000000000000 ),
 ( 0.000000000000000000, 1.000000000000000000 ),
 .UNSPECIFIED. ) ;
#4944 = CARTESIAN_POINT ( 'NONE',  ( -8.383387633934539451, 22.23789888721935171, -11.49999999999999467 ) ) ;
#4945 = CARTESIAN_POINT ( 'NONE',  ( 4.552734374999999112, 22.27463715492169172, -11.50000000000000000 ) ) ;
#4946 = DIRECTION ( 'NONE',  ( -1.000000000000000000, 0.000000000000000000, 0.000000000000000000 ) ) ;
#4947 = CARTESIAN_POINT ( 'NONE',  ( 21.50000000000000000, 0.000000000000000000, -11.50000000000000000 ) ) ;
#4948 = CARTESIAN_POINT ( 'NONE',  ( 4.408171892307494844, 22.26854095515639997, -11.49999999999999645 ) ) ;
#4949 = CARTESIAN_POINT ( 'NONE',  ( 4.197558161947356759, 16.53810778296968209, -11.49000000000000021 ) ) ;
#4950 = CARTESIAN_POINT ( 'NONE',  ( 14.83134661669098442, 22.01520404768836059, -11.49999999999999112 ) ) ;
#4951 = ORIENTED_EDGE ( 'NONE', *, *, #5693, .F. ) ;
#4952 = CARTESIAN_POINT ( 'NONE',  ( -16.74999999999999645, 29.00000000000000000, -9.500000000000000000 ) ) ;
#4953 = EDGE_CURVE ( 'NONE', #5503, #2203, #3575, .T. ) ;
#4954 = CARTESIAN_POINT ( 'NONE',  ( -6.018958645089335313, 16.66161069363419145, -11.50000000000000000 ) ) ;
#4955 = CARTESIAN_POINT ( 'NONE',  ( -5.038268136323370783, 22.25942409961326263, -11.48999999999999844 ) ) ;
#4956 = LINE ( 'NONE', #3479, #3635 ) ;
#4957 = CARTESIAN_POINT ( 'NONE',  ( 16.65210122212639021, 17.92618804603922200, -11.50000000000000000 ) ) ;
#4958 = ORIENTED_EDGE ( 'NONE', *, *, #3730, .T. ) ;
#4959 = CARTESIAN_POINT ( 'NONE',  ( -9.868514474352137356, 21.44795493687634647, -11.50000000000000000 ) ) ;
#4960 = CARTESIAN_POINT ( 'NONE',  ( -12.96914062500000320, 16.42463715492170451, -11.49000000000000021 ) ) ;
#4961 = DIRECTION ( 'NONE',  ( -0.000000000000000000, -1.000000000000000000, -0.000000000000000000 ) ) ;
#4962 = CARTESIAN_POINT ( 'NONE',  ( -8.175000000000002487, 16.27463715492169882, -11.49999999999999822 ) ) ;
#4963 = VECTOR ( 'NONE', #686, 1000.000000000000000 ) ;
#4964 = CARTESIAN_POINT ( 'NONE',  ( -6.557632891912091644, 21.26193617631491506, -11.49999999999999822 ) ) ;
#4965 = VERTEX_POINT ( 'NONE', #3748 ) ;
#4966 = B_SPLINE_CURVE_WITH_KNOTS ( 'NONE', 3,
 ( #314, #3330, #3894, #4351, #5902, #2259, #6359, #4260, #1865, #3862, #2972 ),
 .UNSPECIFIED., .F., .F.,
 ( 4, 1, 1, 1, 1, 1, 1, 1, 4 ),
 ( 0.000000000000000000, 0.1197447793484517492, 0.2303856984482507975, 0.3395890249734021538, 0.4505540722587590974, 0.5680202414917119302, 0.6954301908412547917, 0.8389213343369693598, 0.9999999999999998890 ),
 .UNSPECIFIED. ) ;
#4967 = DIRECTION ( 'NONE',  ( -0.000000000000000000, -0.000000000000000000, -1.000000000000000000 ) ) ;
#4968 = CARTESIAN_POINT ( 'NONE',  ( 14.61194338230581558, 21.43054484736052245, -11.49999999999999645 ) ) ;
#4969 = ORIENTED_EDGE ( 'NONE', *, *, #5252, .T. ) ;
#4970 = DIRECTION ( 'NONE',  ( -0.000000000000000000, -0.000000000000000000, -1.000000000000000000 ) ) ;
#4971 = AXIS2_PLACEMENT_3D ( 'NONE', #3385, #1917, #303 ) ;
#4972 = CARTESIAN_POINT ( 'NONE',  ( -5.805190189173284665, 20.61612007757050335, -11.49999999999999645 ) ) ;
#4973 = B_SPLINE_CURVE_WITH_KNOTS ( 'NONE', 3,
 ( #3495, #1492, #271, #5269, #2729, #1780, #1650, #5176, #143, #4214, #2274 ),
 .UNSPECIFIED., .F., .F.,
 ( 4, 1, 1, 1, 1, 1, 1, 1, 4 ),
 ( 0.000000000000000000, 0.1656951908862869527, 0.3098979787940825958, 0.4387581063098267564, 0.5560349031630623662, 0.6666270742929939486, 0.7752138413749879442, 0.8835023845613376725, 1.000000000000000000 ),
 .UNSPECIFIED. ) ;
#4974 = ORIENTED_EDGE ( 'NONE', *, *, #2232, .F. ) ;
#4975 = FACE_OUTER_BOUND ( 'NONE', #4841, .T. ) ;
#4976 = VECTOR ( 'NONE', #5312, 1000.000000000000000 ) ;
#4977 = CARTESIAN_POINT ( 'NONE',  ( 13.77105343746183230, 17.95087079556474308, -11.50000000000000355 ) ) ;
#4978 = PLANE ( 'NONE',  #4347 ) ;
#4979 = CARTESIAN_POINT ( 'NONE',  ( -8.383387633934539451, 22.23789888721935171, -11.48999999999999488 ) ) ;
#4980 = CARTESIAN_POINT ( 'NONE',  ( -14.48606917854440468, 22.17920082762401535, -11.49999999999999467 ) ) ;
#4981 = CARTESIAN_POINT ( 'NONE',  ( 12.27416268687857048, 22.16914315059938900, -11.49999999999999822 ) ) ;
#4982 = ORIENTED_EDGE ( 'NONE', *, *, #622, .F. ) ;
#4983 = CARTESIAN_POINT ( 'NONE',  ( 16.80365708340396580, 17.95435594431774007, -11.49000000000000377 ) ) ;
#4984 = AXIS2_PLACEMENT_3D ( 'NONE', #5675, #6197, #1295 ) ;
#4985 = FACE_OUTER_BOUND ( 'NONE', #1087, .T. ) ;
#4986 = CARTESIAN_POINT ( 'NONE',  ( 4.261106747313721854, 16.44172364572177258, -11.49000000000000199 ) ) ;
#4987 = CARTESIAN_POINT ( 'NONE',  ( 0.3754396508897155926, 17.08045379477224301, -11.50000000000000000 ) ) ;
#4988 = ORIENTED_EDGE ( 'NONE', *, *, #1809, .T. ) ;
#4989 = VERTEX_POINT ( 'NONE', #6399 ) ;
#4990 = FACE_OUTER_BOUND ( 'NONE', #3051, .T. ) ;
#4991 = CARTESIAN_POINT ( 'NONE',  ( -12.92215854091367078, 17.39821133767034667, -11.49999999999999822 ) ) ;
#4992 = AXIS2_PLACEMENT_3D ( 'NONE', #6038, #4062, #6490 ) ;
#4993 = CARTESIAN_POINT ( 'NONE',  ( 7.606576601614577271, 22.19126925024180252, -11.49000000000000021 ) ) ;
#4994 = ORIENTED_EDGE ( 'NONE', *, *, #4724, .T. ) ;
#4995 = CARTESIAN_POINT ( 'NONE',  ( -9.821484375000004263, 21.44963715492169953, -11.50000000000000178 ) ) ;
#4996 = LINE ( 'NONE', #3023, #3931 ) ;
#4997 = ADVANCED_FACE ( 'NONE', ( #3686 ), #2782, .T. ) ;
#4998 = CARTESIAN_POINT ( 'NONE',  ( 11.72477191656355444, 18.07731762046731916, -11.50000000000000000 ) ) ;
#4999 = CARTESIAN_POINT ( 'NONE',  ( 8.322314336554322622, 21.44843876535955829, -11.48999999999999844 ) ) ;
#5000 = ORIENTED_EDGE ( 'NONE', *, *, #4629, .F. ) ;
#5001 = CARTESIAN_POINT ( 'NONE',  ( -4.055989938216007396, 18.33297227497380177, -11.48999999999999488 ) ) ;
#5002 = ORIENTED_EDGE ( 'NONE', *, *, #1270, .F. ) ;
#5003 = CARTESIAN_POINT ( 'NONE',  ( -5.635547780162532661, 20.94899522190213403, -11.50000000000000178 ) ) ;
#5004 = CARTESIAN_POINT ( 'NONE',  ( 8.047182398148033045, 22.26988925139868414, -11.50000000000000178 ) ) ;
#5005 = ORIENTED_EDGE ( 'NONE', *, *, #6008, .F. ) ;
#5006 = CARTESIAN_POINT ( 'NONE',  ( -11.92500000000000071, 20.05276215492169811, -11.49000000000000021 ) ) ;
#5007 = CARTESIAN_POINT ( 'NONE',  ( -5.983615971477499684, 20.45169023723473600, -11.50000000000000000 ) ) ;
#5008 = EDGE_CURVE ( 'NONE', #5432, #388, #5534, .T. ) ;
#5009 = DIRECTION ( 'NONE',  ( -1.000000000000000000, 0.000000000000000000, 0.000000000000000000 ) ) ;
#5010 = ORIENTED_EDGE ( 'NONE', *, *, #1413, .T. ) ;
#5011 = CARTESIAN_POINT ( 'NONE',  ( 15.88025924523223509, 21.97378603077995152, -11.50000000000000355 ) ) ;
#5012 = CARTESIAN_POINT ( 'NONE',  ( -5.052346283893371925, 18.42323720534990628, -11.50000000000000178 ) ) ;
#5013 = CARTESIAN_POINT ( 'NONE',  ( -17.21617046574060694, 16.71084741516531835, -11.49000000000000199 ) ) ;
#5014 = CARTESIAN_POINT ( 'NONE',  ( -6.240804485100220234, 20.40106512649411741, -11.49999999999999645 ) ) ;
#5015 = DIRECTION ( 'NONE',  ( -0.000000000000000000, -0.000000000000000000, -1.000000000000000000 ) ) ;
#5016 = CARTESIAN_POINT ( 'NONE',  ( -3.120681532251910806, 16.44856275220585218, -11.48999999999999666 ) ) ;
#5017 = PLANE ( 'NONE',  #5285 ) ;
#5018 = EDGE_LOOP ( 'NONE', ( #2468, #5706, #3885, #4078 ) ) ;
#5019 = DIRECTION ( 'NONE',  ( -0.000000000000000000, -0.000000000000000000, -1.000000000000000000 ) ) ;
#5020 = CARTESIAN_POINT ( 'NONE',  ( 10.42500000000000426, 20.10198090492169598, -11.49000000000000021 ) ) ;
#5021 = CARTESIAN_POINT ( 'NONE',  ( 10.90889070362521274, 18.20581757880656681, -11.49000000000000377 ) ) ;
#5022 = CARTESIAN_POINT ( 'NONE',  ( 15.34101562500000782, 22.27463715492169172, -11.49999999999999467 ) ) ;
#5023 = CARTESIAN_POINT ( 'NONE',  ( -4.848931830824599665, 21.51869010880963273, -11.49999999999999645 ) ) ;
#5024 = LINE ( 'NONE', #3547, #5185 ) ;
#5025 = CARTESIAN_POINT ( 'NONE',  ( -7.952509825853343983, 16.30891634667927548, -11.49000000000000377 ) ) ;
#5026 = CARTESIAN_POINT ( 'NONE',  ( -9.879071186629873935, 18.75166455874640192, -11.49999999999999822 ) ) ;
#5027 = CARTESIAN_POINT ( 'NONE',  ( -5.743106858781476198, 16.45687290324648089, -11.50000000000000000 ) ) ;
#5028 = EDGE_LOOP ( 'NONE', ( #1985, #1457, #4731, #4928 ) ) ;
#5029 = CARTESIAN_POINT ( 'NONE',  ( 8.962470753568776871, 22.19249872428731507, -11.50000000000000178 ) ) ;
#5030 = CARTESIAN_POINT ( 'NONE',  ( -8.700000000000001066, 16.96369965492169740, -11.49000000000000021 ) ) ;
#5031 = CARTESIAN_POINT ( 'NONE',  ( 7.269930957599855859, 20.65591171887442812, -11.50000000000000000 ) ) ;
#5032 = CARTESIAN_POINT ( 'NONE',  ( -5.322249160307739757, 18.54310760582013984, -11.50000000000000000 ) ) ;
#5033 = LINE ( 'NONE', #4048, #2261 ) ;
#5034 = VERTEX_POINT ( 'NONE', #2319 ) ;
#5035 = EDGE_CURVE ( 'NONE', #4163, #3672, #918, .T. ) ;
#5036 = CARTESIAN_POINT ( 'NONE',  ( 14.62076624419650628, 18.48737583305426568, -11.48999999999999311 ) ) ;
#5037 = ORIENTED_EDGE ( 'NONE', *, *, #1752, .T. ) ;
#5038 = CARTESIAN_POINT ( 'NONE',  ( 16.53207856197129288, 17.92782571650990775, -11.49000000000000199 ) ) ;
#5039 = CARTESIAN_POINT ( 'NONE',  ( 12.63867187500000711, 22.27463715492169172, -11.49000000000000021 ) ) ;
#5040 = FACE_OUTER_BOUND ( 'NONE', #2227, .T. ) ;
#5041 = EDGE_LOOP ( 'NONE', ( #2450, #5335, #1850, #5148, #4609, #4994 ) ) ;
#5042 = CARTESIAN_POINT ( 'NONE',  ( 6.727410796471612109, 21.67126350660284473, -11.49000000000000377 ) ) ;
#5043 = B_SPLINE_CURVE_WITH_KNOTS ( 'NONE', 3,
 ( #5910, #3337, #4391, #920, #4820, #1415, #848, #353, #951, #2352, #3869 ),
 .UNSPECIFIED., .F., .F.,
 ( 4, 1, 1, 1, 1, 1, 1, 1, 4 ),
 ( 0.000000000000000000, 0.1383740440291235385, 0.2671651029094506691, 0.3873206901099074395, 0.5008494670709819907, 0.6150609520996563884, 0.7350006804250145409, 0.8635399875128016989, 0.9999999999999998890 ),
 .UNSPECIFIED. ) ;
#5044 = CARTESIAN_POINT ( 'NONE',  ( -6.525469500613163554, 19.23361178888550072, -11.50000000000000000 ) ) ;
#5045 = CARTESIAN_POINT ( 'NONE',  ( -5.715234375000003197, 20.78284027992169669, -11.49000000000000021 ) ) ;
#5046 = ORIENTED_EDGE ( 'NONE', *, *, #1165, .T. ) ;
#5047 = EDGE_CURVE ( 'NONE', #2860, #1138, #6333, .T. ) ;
#5048 = B_SPLINE_CURVE_WITH_KNOTS ( 'NONE', 3,
 ( #3454, #2920, #1951, #1984, #6445, #3316, #892, #4464, #362, #5853, #5955 ),
 .UNSPECIFIED., .F., .F.,
 ( 4, 1, 1, 1, 1, 1, 1, 1, 4 ),
 ( 0.000000000000000000, 0.1242212041897450547, 0.2378608803604690403, 0.3493140463833165343, 0.4616163146441877307, 0.5787683751934440401, 0.7049120183615951163, 0.8436782409666564453, 0.9999999999999998890 ),
 .UNSPECIFIED. ) ;
#5049 = CARTESIAN_POINT ( 'NONE',  ( 15.95378361361436959, 21.81154044396455660, -11.49999999999999645 ) ) ;
#5050 = CARTESIAN_POINT ( 'NONE',  ( 9.211527716056551185, 20.89556552361989361, -11.49999999999999467 ) ) ;
#5051 = EDGE_CURVE ( 'NONE', #114, #269, #4291, .T. ) ;
#5052 = CARTESIAN_POINT ( 'NONE',  ( -4.956022480473861513, 19.14295339970975007, -11.49999999999999645 ) ) ;
#5053 = CARTESIAN_POINT ( 'NONE',  ( -9.781893155354641323, 18.75182330661102981, -11.50000000000000178 ) ) ;
#5054 = B_SPLINE_CURVE_WITH_KNOTS ( 'NONE', 3,
 ( #1731, #6266, #1766, #5804, #3769, #3269, #775, #2773, #4781, #3298, #5321 ),
 .UNSPECIFIED., .F., .F.,
 ( 4, 1, 1, 1, 1, 1, 1, 1, 4 ),
 ( 0.000000000000000000, 0.1171078803654466843, 0.2270909441298507858, 0.3351846907160036526, 0.4468905851520978967, 0.5652262138635687494, 0.6924415323250240339, 0.8373408960808086388, 1.000000000000000000 ),
 .UNSPECIFIED. ) ;
#5055 = CARTESIAN_POINT ( 'NONE',  ( 4.155923524502698641, 16.65715673793820528, -11.48999999999999844 ) ) ;
#5056 = CARTESIAN_POINT ( 'NONE',  ( 14.95320852703139280, 22.15403947213438229, -11.49999999999999289 ) ) ;
#5057 = EDGE_CURVE ( 'NONE', #1348, #1504, #845, .T. ) ;
#5058 = CARTESIAN_POINT ( 'NONE',  ( -6.526171875000003730, 19.24182465492170024, -11.49000000000000199 ) ) ;
#5059 = CARTESIAN_POINT ( 'NONE',  ( -10.87500000000000178, 20.10549652992169811, -11.50000000000000000 ) ) ;
#5060 = B_SPLINE_CURVE_WITH_KNOTS ( 'NONE', 3,
 ( #3, #1453, #2082, #6084, #2989, #4998, #494, #4492, #6019, #1520, #529 ),
 .UNSPECIFIED., .F., .F.,
 ( 4, 1, 1, 1, 1, 1, 1, 1, 4 ),
 ( 0.000000000000000000, 0.1284222277394270473, 0.2374523557361945814, 0.3333799433695724401, 0.4240755959095701688, 0.5283993121412761118, 0.6599041794341742317, 0.8165843275163557902, 1.000000000000000000 ),
 .UNSPECIFIED. ) ;
#5061 = CARTESIAN_POINT ( 'NONE',  ( -3.973776528878409042, 22.16752030710372878, -11.50000000000000000 ) ) ;
#5062 = VERTEX_POINT ( 'NONE', #292 ) ;
#5063 = CARTESIAN_POINT ( 'NONE',  ( 11.35429687500000639, 17.92463715492169385, -11.49000000000000021 ) ) ;
#5064 = CARTESIAN_POINT ( 'NONE',  ( 1.008832239501081807, 22.26910257989773712, -11.49000000000000021 ) ) ;
#5065 = EDGE_CURVE ( 'NONE', #1072, #1608, #4885, .T. ) ;
#5066 = DIRECTION ( 'NONE',  ( -0.000000000000000000, -1.000000000000000000, 0.000000000000000000 ) ) ;
#5067 = CARTESIAN_POINT ( 'NONE',  ( -6.209765625000002842, 20.39963715492169882, -11.49000000000000021 ) ) ;
#5068 = CARTESIAN_POINT ( 'NONE',  ( 14.36101119564740358, 18.03798145675266440, -11.49999999999998934 ) ) ;
#5069 = ORIENTED_EDGE ( 'NONE', *, *, #4838, .T. ) ;
#5070 = ORIENTED_EDGE ( 'NONE', *, *, #5928, .T. ) ;
#5071 = CARTESIAN_POINT ( 'NONE',  ( 14.69163404697440711, 18.71323843085609084, -11.49000000000000377 ) ) ;
#5072 = UNCERTAINTY_MEASURE_WITH_UNIT (LENGTH_MEASURE( 1.000000000000000082E-05 ), #6190, 'distance_accuracy_value', 'NONE');
#5073 = ORIENTED_EDGE ( 'NONE', *, *, #3044, .F. ) ;
#5074 = CARTESIAN_POINT ( 'NONE',  ( -10.87139640127087148, 20.30873451133952656, -11.50000000000000000 ) ) ;
#5075 = ADVANCED_FACE ( 'NONE', ( #351 ), #907, .T. ) ;
#5076 = ORIENTED_EDGE ( 'NONE', *, *, #3601, .F. ) ;
#5077 = CARTESIAN_POINT ( 'NONE',  ( -6.031640625000002309, 19.70588715492169740, -11.50000000000000000 ) ) ;
#5078 = CARTESIAN_POINT ( 'NONE',  ( -14.25000000000000178, 17.39963715492170238, -11.50000000000000000 ) ) ;
#5079 = CARTESIAN_POINT ( 'NONE',  ( -10.50398501798016859, 17.95682100496516753, -11.50000000000000355 ) ) ;
#5080 = ORIENTED_EDGE ( 'NONE', *, *, #2264, .T. ) ;
#5081 = CARTESIAN_POINT ( 'NONE',  ( -14.69261124398759755, 22.26964420624811325, -11.50000000000000000 ) ) ;
#5082 = CARTESIAN_POINT ( 'NONE',  ( -15.13590226505831993, 22.17888236798963320, -11.49000000000000021 ) ) ;
#5083 = CARTESIAN_POINT ( 'NONE',  ( 8.731847664092043715, 21.36274876172665671, -11.49999999999999645 ) ) ;
#5084 = ADVANCED_FACE ( 'NONE', ( #5560, #4990 ), #4419, .F. ) ;
#5085 = AXIS2_PLACEMENT_3D ( 'NONE', #3257, #3698, #4158 ) ;
#5086 = DIRECTION ( 'NONE',  ( 0.000000000000000000, 0.000000000000000000, 1.000000000000000000 ) ) ;
#5087 = CARTESIAN_POINT ( 'NONE',  ( -4.671093750000002487, 19.12463715492169669, -11.50000000000000000 ) ) ;
#5088 = EDGE_CURVE ( 'NONE', #861, #1556, #3048, .T. ) ;
#5089 = ORIENTED_EDGE ( 'NONE', *, *, #5551, .T. ) ;
#5090 = AXIS2_PLACEMENT_3D ( 'NONE', #5417, #2906, #4913 ) ;
#5091 = CARTESIAN_POINT ( 'NONE',  ( -8.836140597093088189, 19.53839994174161276, -11.49999999999999645 ) ) ;
#5092 = CARTESIAN_POINT ( 'NONE',  ( -10.58802372573859429, 19.11542728239666644, -11.49000000000000021 ) ) ;
#5093 = CARTESIAN_POINT ( 'NONE',  ( 7.271256188249282104, 19.54104818700781010, -11.49000000000000021 ) ) ;
#5094 = AXIS2_PLACEMENT_3D ( 'NONE', #3226, #3253, #3694 ) ;
#5095 = CARTESIAN_POINT ( 'NONE',  ( 12.10900760619829164, 21.98764271085438082, -11.50000000000000711 ) ) ;
#5096 = CARTESIAN_POINT ( 'NONE',  ( -6.658322533928020093, 20.87246664946742669, -11.48999999999999844 ) ) ;
#5097 = CARTESIAN_POINT ( 'NONE',  ( 16.50000000000000000, 0.000000000000000000, -6.999999999999997335 ) ) ;
#5098 = CARTESIAN_POINT ( 'NONE',  ( -3.371874930950579774, 21.84501905551244150, -11.48999999999999844 ) ) ;
#5099 = EDGE_CURVE ( 'NONE', #1971, #5695, #4034, .T. ) ;
#5100 = VERTEX_POINT ( 'NONE', #5453 ) ;
#5101 = PLANE ( 'NONE',  #3923 ) ;
#5102 = CARTESIAN_POINT ( 'NONE',  ( 1.394106651868799451, 21.89206927103810330, -11.49999999999999822 ) ) ;
#5103 = DIRECTION ( 'NONE',  ( -0.3232289171413016970, -0.9463208056064610352, 0.000000000000000000 ) ) ;
#5104 = VECTOR ( 'NONE', #2883, 1000.000000000000000 ) ;
#5105 = CARTESIAN_POINT ( 'NONE',  ( -8.554825918658504946, 22.11797208773593937, -11.49999999999999822 ) ) ;
#5106 = CARTESIAN_POINT ( 'NONE',  ( 11.16701347192316085, 17.95556968100999384, -11.49999999999999645 ) ) ;
#5107 = EDGE_LOOP ( 'NONE', ( #6064, #5615, #2908, #1853 ) ) ;
#5108 = ORIENTED_EDGE ( 'NONE', *, *, #3376, .F. ) ;
#5109 = CARTESIAN_POINT ( 'NONE',  ( -3.138175803223215432, 18.83772705072663456, -11.50000000000000178 ) ) ;
#5110 = VERTEX_POINT ( 'NONE', #5976 ) ;
#5111 = CARTESIAN_POINT ( 'NONE',  ( 13.38281250000000711, 21.38518402992169598, -11.49000000000000021 ) ) ;
#5112 = CARTESIAN_POINT ( 'NONE',  ( -17.25000000000000711, 16.91448090492170664, -11.50000000000000178 ) ) ;
#5113 = VERTEX_POINT ( 'NONE', #2946 ) ;
#5114 = CARTESIAN_POINT ( 'NONE',  ( 6.475916560188448301, 21.35152559102378689, -11.49000000000000732 ) ) ;
#5115 = CARTESIAN_POINT ( 'NONE',  ( -6.513721957103495441, 19.15429765030213716, -11.50000000000000178 ) ) ;
#5116 = ORIENTED_EDGE ( 'NONE', *, *, #1122, .T. ) ;
#5117 = CARTESIAN_POINT ( 'NONE',  ( 12.63867187500000711, 22.27463715492169172, -11.49000000000000021 ) ) ;
#5118 = CARTESIAN_POINT ( 'NONE',  ( -5.458593750000002132, 18.61838715492169882, -11.49000000000000021 ) ) ;
#5119 = CARTESIAN_POINT ( 'NONE',  ( 8.744564583403981572, 17.96146060564673519, -11.49000000000000377 ) ) ;
#5120 = CARTESIAN_POINT ( 'NONE',  ( -6.659232681935821851, 20.80299590856220249, -11.49999999999999645 ) ) ;
#5121 = FACE_OUTER_BOUND ( 'NONE', #5018, .T. ) ;
#5122 = ORIENTED_EDGE ( 'NONE', *, *, #4869, .F. ) ;
#5123 = ORIENTED_EDGE ( 'NONE', *, *, #218, .T. ) ;
#5124 = CARTESIAN_POINT ( 'NONE',  ( 5.144895762723087351, 16.65668133566483888, -11.49000000000000021 ) ) ;
#5125 = B_SPLINE_SURFACE_WITH_KNOTS ( 'NONE', 3, 1, ( 
 ( #3656, #3152 ),
 ( #1741, #2751 ),
 ( #5234, #4723 ),
 ( #4267, #170 ),
 ( #5753, #2173 ),
 ( #5688, #4757 ),
 ( #1773, #4177 ),
 ( #6182, #3687 ),
 ( #2812, #4421 ),
 ( #6435, #6366 ),
 ( #423, #4292 ) ),
 .UNSPECIFIED., .F., .F., .F.,
 ( 4, 1, 1, 1, 1, 1, 1, 1, 4 ),
 ( 2, 2 ),
 ( 0.000000000000000000, 0.1167177931766946730, 0.2264714021850093295, 0.3332044739792578980, 0.4447606415483560394, 0.5636775577731490960, 0.6930940638054658987, 0.8376492646978677126, 1.000000000000000000 ),
 ( 0.000000000000000000, 1.000000000000000000 ),
 .UNSPECIFIED. ) ;
#5126 = CARTESIAN_POINT ( 'NONE',  ( -10.74675990051817287, 19.38947832300114271, -11.48999999999999844 ) ) ;
#5127 = EDGE_CURVE ( 'NONE', #3911, #6418, #5946, .T. ) ;
#5128 = CARTESIAN_POINT ( 'NONE',  ( -5.342470074420690551, 19.32579746774075957, -11.48999999999999844 ) ) ;
#5129 = CARTESIAN_POINT ( 'NONE',  ( -6.526171875000003730, 19.24182465492170024, -11.49000000000000199 ) ) ;
#5130 = CARTESIAN_POINT ( 'NONE',  ( -4.283626720598410209, 19.19721421368677028, -11.49000000000000021 ) ) ;
#5131 = CARTESIAN_POINT ( 'NONE',  ( -4.650758484747682608, 22.27364388943000861, -11.50000000000000000 ) ) ;
#5132 = CARTESIAN_POINT ( 'NONE',  ( 7.036181982906076549, 18.26302225966687942, -11.48999999999999844 ) ) ;
#5133 = EDGE_CURVE ( 'NONE', #1608, #4472, #3938, .T. ) ;
#5134 = DIRECTION ( 'NONE',  ( 1.000000000000000000, 0.000000000000000000, 0.000000000000000000 ) ) ;
#5135 = DIRECTION ( 'NONE',  ( 0.3232289171413016970, 0.9463208056064610352, 0.000000000000000000 ) ) ;
#5136 = EDGE_CURVE ( 'NONE', #3157, #2321, #1510, .T. ) ;
#5137 = CARTESIAN_POINT ( 'NONE',  ( 4.430245875737025329, 16.31322607072156217, -11.49000000000000199 ) ) ;
#5138 = CARTESIAN_POINT ( 'NONE',  ( 14.52063880125106365, 18.22393252298225619, -11.49999999999998934 ) ) ;
#5139 = EDGE_LOOP ( 'NONE', ( #3526, #2403, #5570, #6099 ) ) ;
#5140 = ORIENTED_EDGE ( 'NONE', *, *, #6429, .T. ) ;
#5141 = CARTESIAN_POINT ( 'NONE',  ( 14.66310399458702918, 18.61756553371917278, -11.49000000000000377 ) ) ;
#5142 = CARTESIAN_POINT ( 'NONE',  ( -7.650000000000001243, 21.65705902992169740, -11.50000000000000178 ) ) ;
#5143 = CARTESIAN_POINT ( 'NONE',  ( 3.649218749999998845, 21.58557465492169669, -11.49000000000000021 ) ) ;
#5144 = EDGE_LOOP ( 'NONE', ( #4667, #4071, #4457, #5605 ) ) ;
#5145 = CARTESIAN_POINT ( 'NONE',  ( -15.37500000000000355, 17.39963715492170238, -11.50000000000000000 ) ) ;
#5146 = DIRECTION ( 'NONE',  ( -0.000000000000000000, -0.000000000000000000, -1.000000000000000000 ) ) ;
#5147 = CARTESIAN_POINT ( 'NONE',  ( 4.124999999999998224, 16.94729340492169456, -11.50000000000000000 ) ) ;
#5148 = ORIENTED_EDGE ( 'NONE', *, *, #5816, .F. ) ;
#5149 = CARTESIAN_POINT ( 'NONE',  ( -14.33171717360125363, 22.00034184864777842, -11.50000000000000533 ) ) ;
#5150 = CARTESIAN_POINT ( 'NONE',  ( -5.322249160307739757, 18.54310760582013984, -11.50000000000000000 ) ) ;
#5151 = CARTESIAN_POINT ( 'NONE',  ( 11.92148437500000746, 18.59494965492169527, -11.50000000000000533 ) ) ;
#5152 = CARTESIAN_POINT ( 'NONE',  ( -2.758924034649033796, 19.44092828958730124, -11.48999999999999311 ) ) ;
#5153 = CARTESIAN_POINT ( 'NONE',  ( -4.760578548752510741, 22.27423519200771906, -11.50000000000000178 ) ) ;
#5154 = EDGE_CURVE ( 'NONE', #5797, #5854, #6501, .T. ) ;
#5155 = CARTESIAN_POINT ( 'NONE',  ( -16.70402319970808946, 17.39827376699367889, -11.48999999999999844 ) ) ;
#5156 = EDGE_LOOP ( 'NONE', ( #865, #5076, #5989, #4570 ) ) ;
#5157 = VERTEX_POINT ( 'NONE', #4486 ) ;
#5158 = CARTESIAN_POINT ( 'NONE',  ( -8.978135172654242879, 19.23404641708368956, -11.49000000000000021 ) ) ;
#5159 = CARTESIAN_POINT ( 'NONE',  ( 19.50000000000000000, 7.364218330839949367, 0.000000000000000000 ) ) ;
#5160 = CARTESIAN_POINT ( 'NONE',  ( 7.201507520407191443, 20.03511115417818544, -11.49000000000000199 ) ) ;
#5161 = LINE ( 'NONE', #650, #5612 ) ;
#5162 = B_SPLINE_CURVE_WITH_KNOTS ( 'NONE', 3,
 ( #5506, #2060, #5991, #4117, #3987, #540, #4057, #2571, #1623, #6066, #4572 ),
 .UNSPECIFIED., .F., .F.,
 ( 4, 1, 1, 1, 1, 1, 1, 1, 4 ),
 ( 0.000000000000000000, 0.1271052120871691837, 0.2393331978188892872, 0.3445037136012251699, 0.4497356368522706371, 0.5646559603716174713, 0.6990609695258557243, 0.8462335713485241717, 1.000000000000000000 ),
 .UNSPECIFIED. ) ;
#5163 = DIRECTION ( 'NONE',  ( 0.000000000000000000, -0.000000000000000000, 1.000000000000000000 ) ) ;
#5164 = CARTESIAN_POINT ( 'NONE',  ( -6.053329962992404667, 21.88684310271047195, -11.48999999999999844 ) ) ;
#5165 = CARTESIAN_POINT ( 'NONE',  ( -4.537275095268996417, 19.12925863282021766, -11.49000000000000199 ) ) ;
#5166 = LINE ( 'NONE', #2714, #137 ) ;
#5167 = CARTESIAN_POINT ( 'NONE',  ( 13.28376753509783370, 18.71090018480014550, -11.49000000000000199 ) ) ;
#5168 = EDGE_CURVE ( 'NONE', #5062, #1565, #2258, .T. ) ;
#5169 = CARTESIAN_POINT ( 'NONE',  ( -8.750189832162305947, 18.54395769554942675, -11.49999999999999822 ) ) ;
#5170 = CARTESIAN_POINT ( 'NONE',  ( 13.35509179096004040, 18.47828959862163600, -11.49999999999999822 ) ) ;
#5171 = ORIENTED_EDGE ( 'NONE', *, *, #4207, .F. ) ;
#5172 = CARTESIAN_POINT ( 'NONE',  ( -17.25000000000000711, 16.91448090492170664, -11.50000000000000000 ) ) ;
#5173 = CARTESIAN_POINT ( 'NONE',  ( 5.173238964690442643, 16.89445050024333383, -11.50000000000000178 ) ) ;
#5174 = ORIENTED_EDGE ( 'NONE', *, *, #5903, .T. ) ;
#5175 = DIRECTION ( 'NONE',  ( -0.000000000000000000, -0.000000000000000000, 1.000000000000000000 ) ) ;
#5176 = CARTESIAN_POINT ( 'NONE',  ( -14.58342433311496222, 22.23476350499957377, -11.49000000000000199 ) ) ;
#5177 = PLANE ( 'NONE',  #6339 ) ;
#5178 = B_SPLINE_SURFACE_WITH_KNOTS ( 'NONE', 3, 1, ( 
 ( #4725, #2063 ),
 ( #1004, #4058 ),
 ( #6067, #4088 ),
 ( #6098, #1874 ),
 ( #3247, #2353 ),
 ( #4358, #6335 ),
 ( #5817, #3310 ),
 ( #5754, #3375 ),
 ( #6368, #3870 ),
 ( #4294, #4758 ),
 ( #5391, #262 ),
 ( #2268, #4268 ),
 ( #2752, #1345 ),
 ( #5362, #754 ),
 ( #1253, #5876 ),
 ( #2844, #1380 ),
 ( #5264, #3807 ),
 ( #3278, #3338 ),
 ( #5295, #354 ) ),
 .UNSPECIFIED., .F., .F., .F.,
 ( 4, 1, 1, 1, 1, 1, 1, 1, 1, 1, 1, 1, 1, 1, 1, 1, 4 ),
 ( 2, 2 ),
 ( 0.000000000000000000, 0.06820370906750718165, 0.1341360900712697535, 0.1982262477971829528, 0.2611601166963591902, 0.3226805882728116526, 0.3826180038067752420, 0.4415197816465669112, 0.5002122391095799037, 0.5588215515223005081, 0.6175693736443571558, 0.6768278463850028182, 0.7373743075393104363, 0.7995480922435619364, 0.8637830171476860164, 0.9304343744537811878, 1.000000000000000000 ),
 ( 0.000000000000000000, 1.000000000000000000 ),
 .UNSPECIFIED. ) ;
#5179 = EDGE_CURVE ( 'NONE', #784, #5563, #1545, .T. ) ;
#5180 = CARTESIAN_POINT ( 'NONE',  ( -8.700000000000001066, 18.59846527992169740, -11.49000000000000021 ) ) ;
#5181 = DIRECTION ( 'NONE',  ( -0.000000000000000000, -0.000000000000000000, -1.000000000000000000 ) ) ;
#5182 = CARTESIAN_POINT ( 'NONE',  ( 11.35429687500000639, 17.92463715492169385, -11.49000000000000021 ) ) ;
#5183 = CARTESIAN_POINT ( 'NONE',  ( -2.782031250000002398, 16.88049652992170024, -11.49000000000000021 ) ) ;
#5184 = CARTESIAN_POINT ( 'NONE',  ( 11.00625000000000675, 18.86916840492169456, -11.50000000000000000 ) ) ;
#5185 = VECTOR ( 'NONE', #2036, 1000.000000000000000 ) ;
#5186 = CARTESIAN_POINT ( 'NONE',  ( -8.835392768518167017, 20.69467861808650255, -11.48999999999999844 ) ) ;
#5187 = ORIENTED_EDGE ( 'NONE', *, *, #6191, .T. ) ;
#5188 = CARTESIAN_POINT ( 'NONE',  ( 4.864489993417287828, 16.31259690574108845, -11.49000000000000021 ) ) ;
#5189 = VECTOR ( 'NONE', #2457, 1000.000000000000000 ) ;
#5190 = CARTESIAN_POINT ( 'NONE',  ( 1.844531249999998623, 16.97893402992169598, -11.49000000000000021 ) ) ;
#5191 = CARTESIAN_POINT ( 'NONE',  ( -4.821622146406688181, 19.12590786895257366, -11.49000000000000199 ) ) ;
#5192 = FACE_OUTER_BOUND ( 'NONE', #3662, .T. ) ;
#5193 = CARTESIAN_POINT ( 'NONE',  ( 11.98986131379897557, 21.73622748731846244, -11.50000000000000178 ) ) ;
#5194 = CARTESIAN_POINT ( 'NONE',  ( -3.804723423627094370, 19.65863967383754130, -11.49999999999999822 ) ) ;
#5195 = VECTOR ( 'NONE', #4024, 1000.000000000000000 ) ;
#5196 = CARTESIAN_POINT ( 'NONE',  ( 4.758361942802976863, 16.28008225954177846, -11.49999999999999822 ) ) ;
#5197 = CARTESIAN_POINT ( 'NONE',  ( 6.182310319998257420, 20.55848398189078807, -11.49999999999999822 ) ) ;
#5198 = CARTESIAN_POINT ( 'NONE',  ( 4.934869554255670643, 22.17201425467807141, -11.50000000000000533 ) ) ;
#5199 = VECTOR ( 'NONE', #2694, 1000.000000000000000 ) ;
#5200 = CARTESIAN_POINT ( 'NONE',  ( -2.786518862491108361, 16.77660964672996613, -11.50000000000000000 ) ) ;
#5201 = CARTESIAN_POINT ( 'NONE',  ( 3.741818177132875345, 21.72194020795464553, -11.50000000000000000 ) ) ;
#5202 = CARTESIAN_POINT ( 'NONE',  ( -5.290674572090559025, 21.33113639242762716, -11.48999999999999844 ) ) ;
#5203 = CARTESIAN_POINT ( 'NONE',  ( -6.122010092366260814, 16.90434448849215343, -11.49000000000000021 ) ) ;
#5204 = EDGE_LOOP ( 'NONE', ( #2810, #1585, #1030, #5236 ) ) ;
#5205 = CARTESIAN_POINT ( 'NONE',  ( -10.19933945604134884, 22.27255551053279348, -11.49999999999999645 ) ) ;
#5206 = CARTESIAN_POINT ( 'NONE',  ( -7.963844958759336734, 22.23966824943973108, -11.48999999999999666 ) ) ;
#5207 = EDGE_CURVE ( 'NONE', #1490, #2862, #1144, .T. ) ;
#5208 = VECTOR ( 'NONE', #1673, 1000.000000000000000 ) ;
#5209 = ORIENTED_EDGE ( 'NONE', *, *, #2003, .T. ) ;
#5210 = CARTESIAN_POINT ( 'NONE',  ( -6.482812500000002309, 18.96994965492169527, -11.50000000000000000 ) ) ;
#5211 = CARTESIAN_POINT ( 'NONE',  ( -19.50000000000000000, 1.500000000000000000, 0.000000000000000000 ) ) ;
#5212 = CARTESIAN_POINT ( 'NONE',  ( -3.675000000000002487, 20.30471527992169811, -11.49000000000000021 ) ) ;
#5213 = CARTESIAN_POINT ( 'NONE',  ( -4.422656250000001954, 18.29963715492169740, -11.50000000000000000 ) ) ;
#5214 = CARTESIAN_POINT ( 'NONE',  ( 16.88537668153920634, 17.99822999966291803, -11.49999999999999822 ) ) ;
#5215 = CARTESIAN_POINT ( 'NONE',  ( 10.39044536315832801, 19.64150640895621081, -11.48999999999999844 ) ) ;
#5216 = PLANE ( 'NONE',  #2062 ) ;
#5217 = CARTESIAN_POINT ( 'NONE',  ( -9.068191780750217035, 21.11965191184379975, -11.49000000000000021 ) ) ;
#5218 = ADVANCED_FACE ( 'NONE', ( #6234 ), #4632, .T. ) ;
#5219 = ORIENTED_EDGE ( 'NONE', *, *, #2708, .F. ) ;
#5220 = CARTESIAN_POINT ( 'NONE',  ( -8.759765625000000000, 20.10549652992169811, -11.50000000000000178 ) ) ;
#5221 = CARTESIAN_POINT ( 'NONE',  ( -5.455078125000002665, 16.42463715492170095, -11.49000000000000021 ) ) ;
#5222 = CARTESIAN_POINT ( 'NONE',  ( -4.956022480473861513, 19.14295339970975007, -11.48999999999999666 ) ) ;
#5223 = CARTESIAN_POINT ( 'NONE',  ( -5.805190189173284665, 20.61612007757050335, -11.48999999999999666 ) ) ;
#5224 = EDGE_CURVE ( 'NONE', #4119, #5100, #421, .T. ) ;
#5225 = LINE ( 'NONE', #2222, #1928 ) ;
#5226 = CARTESIAN_POINT ( 'NONE',  ( 17.10000000000000853, 18.37112152992169456, -11.49000000000000021 ) ) ;
#5227 = DIRECTION ( 'NONE',  ( -1.000000000000000000, 0.000000000000000000, 0.000000000000000000 ) ) ;
#5228 = CARTESIAN_POINT ( 'NONE',  ( 9.358396125141601019, 19.80204003858042583, -11.48999999999999844 ) ) ;
#5229 = CARTESIAN_POINT ( 'NONE',  ( 5.173552347271637153, 21.57047335887136086, -11.50000000000000000 ) ) ;
#5230 = CARTESIAN_POINT ( 'NONE',  ( 8.516990831320482513, 17.92898548259511671, -11.49999999999999822 ) ) ;
#5231 = CARTESIAN_POINT ( 'NONE',  ( -8.700000000000001066, 18.59846527992169740, -11.49000000000000021 ) ) ;
#5232 = ADVANCED_FACE ( 'NONE', ( #3116 ), #621, .T. ) ;
#5233 = CARTESIAN_POINT ( 'NONE',  ( -9.992980421275921898, 22.27233302081862476, -11.49999999999999467 ) ) ;
#5234 = CARTESIAN_POINT ( 'NONE',  ( -2.787192358532365688, 16.97413742900285172, -11.49000000000000377 ) ) ;
#5235 = CARTESIAN_POINT ( 'NONE',  ( -5.743106858781476198, 16.45687290324648089, -11.49000000000000021 ) ) ;
#5236 = ORIENTED_EDGE ( 'NONE', *, *, #496, .T. ) ;
#5237 = CARTESIAN_POINT ( 'NONE',  ( -10.51093868869121017, 22.23729332867304365, -11.49999999999999467 ) ) ;
#5238 = CARTESIAN_POINT ( 'NONE',  ( -7.654799601594815428, 21.79699145337189492, -11.50000000000000355 ) ) ;
#5239 = CARTESIAN_POINT ( 'NONE',  ( -9.868514474352137356, 21.44795493687634647, -11.49000000000000021 ) ) ;
#5240 = VERTEX_POINT ( 'NONE', #125 ) ;
#5241 = CARTESIAN_POINT ( 'NONE',  ( 15.30225495327341356, 22.27294516771391741, -11.49000000000000021 ) ) ;
#5242 = FACE_OUTER_BOUND ( 'NONE', #4798, .T. ) ;
#5243 = CARTESIAN_POINT ( 'NONE',  ( 9.003103298529818943, 19.02219998715845151, -11.50000000000000533 ) ) ;
#5244 = CARTESIAN_POINT ( 'NONE',  ( -5.038268136323370783, 22.25942409961326263, -11.48999999999999844 ) ) ;
#5245 = CARTESIAN_POINT ( 'NONE',  ( -10.13554687500000107, 22.27463715492169527, -11.50000000000000000 ) ) ;
#5246 = LINE ( 'NONE', #6164, #2446 ) ;
#5247 = CARTESIAN_POINT ( 'NONE',  ( -6.616573678335733177, 21.10886382018544438, -11.50000000000000000 ) ) ;
#5248 = CARTESIAN_POINT ( 'NONE',  ( -5.245037279278144560, 19.26118431703111256, -11.49999999999999645 ) ) ;
#5249 = VERTEX_POINT ( 'NONE', #4133 ) ;
#5250 = CARTESIAN_POINT ( 'NONE',  ( 10.28096605858949175, 19.21880296564263091, -11.50000000000000000 ) ) ;
#5251 = DIRECTION ( 'NONE',  ( 0.000000000000000000, -0.000000000000000000, -1.000000000000000000 ) ) ;
#5252 = EDGE_CURVE ( 'NONE', #1134, #4697, #739, .T. ) ;
#5253 = CARTESIAN_POINT ( 'NONE',  ( 0.4261989482513494076, 16.70725855465655130, -11.49000000000000021 ) ) ;
#5254 = LINE ( 'NONE', #5283, #1934 ) ;
#5255 = CARTESIAN_POINT ( 'NONE',  ( 0.6846958929770288194, 22.23534323398394363, -11.50000000000000000 ) ) ;
#5256 = CARTESIAN_POINT ( 'NONE',  ( 6.475916560188448301, 21.35152559102378689, -11.50000000000000711 ) ) ;
#5257 = CARTESIAN_POINT ( 'NONE',  ( 9.081015748687265798, 19.10507550753715833, -11.48999999999999666 ) ) ;
#5258 = EDGE_CURVE ( 'NONE', #2161, #5240, #3241, .T. ) ;
#5259 = ADVANCED_FACE ( 'NONE', ( #1767 ), #321, .T. ) ;
#5260 = CARTESIAN_POINT ( 'NONE',  ( 16.18030937158670923, 18.20056477732554256, -11.50000000000000178 ) ) ;
#5261 = CARTESIAN_POINT ( 'NONE',  ( -2.783576665202361689, 16.84472063150613863, -11.50000000000000000 ) ) ;
#5262 = CARTESIAN_POINT ( 'NONE',  ( 4.155923524502698641, 16.65715673793820528, -11.48999999999999844 ) ) ;
#5263 = LINE ( 'NONE', #6272, #1118 ) ;
#5264 = CARTESIAN_POINT ( 'NONE',  ( 8.517667236178775525, 22.26992136905658981, -11.49000000000000021 ) ) ;
#5265 = CARTESIAN_POINT ( 'NONE',  ( -10.19933945604134884, 22.27255551053279348, -11.49000000000000021 ) ) ;
#5266 = CARTESIAN_POINT ( 'NONE',  ( 16.97695312500000497, 18.86916840492169456, -11.49000000000000021 ) ) ;
#5267 = ORIENTED_EDGE ( 'NONE', *, *, #4314, .F. ) ;
#5268 = FACE_OUTER_BOUND ( 'NONE', #698, .T. ) ;
#5269 = CARTESIAN_POINT ( 'NONE',  ( -14.28327111833988994, 21.87580489291487496, -11.48999999999999488 ) ) ;
#5270 = CARTESIAN_POINT ( 'NONE',  ( 8.281640625000004974, 18.74963715492169314, -11.49999999999999822 ) ) ;
#5271 = CARTESIAN_POINT ( 'NONE',  ( -3.947038845884647706, 21.18124755587875541, -11.49999999999999822 ) ) ;
#5272 = CARTESIAN_POINT ( 'NONE',  ( -3.177157780505493800, 21.66765410768149636, -11.49999999999999645 ) ) ;
#5273 = CARTESIAN_POINT ( 'NONE',  ( 17.06793357018974788, 18.20042368537402666, -11.50000000000000178 ) ) ;
#5274 = CARTESIAN_POINT ( 'NONE',  ( 10.88210612089360652, 18.46394279804733785, -11.49000000000000377 ) ) ;
#5275 = CARTESIAN_POINT ( 'NONE',  ( -8.978038478356866747, 20.99635906604876467, -11.49000000000000021 ) ) ;
#5276 = ORIENTED_EDGE ( 'NONE', *, *, #4352, .T. ) ;
#5277 = ORIENTED_EDGE ( 'NONE', *, *, #5703, .F. ) ;
#5278 = ORIENTED_EDGE ( 'NONE', *, *, #4463, .T. ) ;
#5279 = EDGE_CURVE ( 'NONE', #1396, #1040, #1275, .T. ) ;
#5280 = CARTESIAN_POINT ( 'NONE',  ( -8.791893240778668073, 20.51442646725793750, -11.49000000000000021 ) ) ;
#5281 = DIRECTION ( 'NONE',  ( -0.000000000000000000, -0.000000000000000000, -1.000000000000000000 ) ) ;
#5282 = CARTESIAN_POINT ( 'NONE',  ( 0.4261989482513494076, 16.70725855465655130, -11.50000000000000000 ) ) ;
#5283 = CARTESIAN_POINT ( 'NONE',  ( 10.42500000000000426, 20.10198090492169598, -11.49000000000000021 ) ) ;
#5284 = CARTESIAN_POINT ( 'NONE',  ( 0.8622409255989462729, 22.27284244780192424, -11.49000000000000021 ) ) ;
#5285 = AXIS2_PLACEMENT_3D ( 'NONE', #381, #3893, #3437 ) ;
#5286 = CARTESIAN_POINT ( 'NONE',  ( 9.211482446583874051, 19.30137134904422780, -11.49999999999999112 ) ) ;
#5287 = CARTESIAN_POINT ( 'NONE',  ( 16.09382447827800178, 18.47990686763179013, -11.50000000000000000 ) ) ;
#5288 = CARTESIAN_POINT ( 'NONE',  ( 7.704285760216722956, 21.28986466351141971, -11.49999999999999467 ) ) ;
#5289 = CARTESIAN_POINT ( 'NONE',  ( 12.62695312500000711, 20.99963715492169669, -11.49000000000000021 ) ) ;
#5290 = AXIS2_PLACEMENT_3D ( 'NONE', #2202, #574, #4573 ) ;
#5291 = CARTESIAN_POINT ( 'NONE',  ( -16.65703125000000284, 17.39963715492170238, -11.49000000000000021 ) ) ;
#5292 = CARTESIAN_POINT ( 'NONE',  ( 7.329112315012817014, 19.37908913106395659, -11.50000000000000000 ) ) ;
#5293 = EDGE_CURVE ( 'NONE', #3951, #1988, #1913, .T. ) ;
#5294 = LINE ( 'NONE', #352, #6352 ) ;
#5295 = CARTESIAN_POINT ( 'NONE',  ( 8.281640625000004974, 22.27463715492169172, -11.49000000000000021 ) ) ;
#5296 = VECTOR ( 'NONE', #3917, 1000.000000000000000 ) ;
#5297 = CARTESIAN_POINT ( 'NONE',  ( -10.08745798081444356, 22.27385995062028812, -11.49000000000000199 ) ) ;
#5298 = CARTESIAN_POINT ( 'NONE',  ( -10.80139871359291703, 20.67815149495830696, -11.50000000000000178 ) ) ;
#5299 = CARTESIAN_POINT ( 'NONE',  ( 17.09310710739239525, 18.47192907373263537, -11.49000000000000021 ) ) ;
#5300 = B_SPLINE_CURVE_WITH_KNOTS ( 'NONE', 3,
 ( #2116, #4532, #2088, #3630, #1528, #4498, #5637, #3531, #11, #1100, #2020, #3061, #5574 ),
 .UNSPECIFIED., .F., .F.,
 ( 4, 1, 1, 1, 1, 1, 1, 1, 1, 1, 4 ),
 ( 0.000000000000000000, 0.1299538274699381379, 0.2413941544034929054, 0.3343466416945235498, 0.4088560542118862551, 0.5370903790313471537, 0.6720494957059842678, 0.7437957190666060203, 0.8195711707194278661, 0.9050770133593268874, 0.9999999999999998890 ),
 .UNSPECIFIED. ) ;
#5301 = EDGE_LOOP ( 'NONE', ( #945, #6318, #4623, #1845 ) ) ;
#5302 = CARTESIAN_POINT ( 'NONE',  ( 12.61010069110158760, 22.27371317696879771, -11.49000000000000199 ) ) ;
#5303 = VECTOR ( 'NONE', #6279, 1000.000000000000000 ) ;
#5304 = CARTESIAN_POINT ( 'NONE',  ( 13.26512525271082232, 21.76506473514104556, -11.50000000000000000 ) ) ;
#5305 = CARTESIAN_POINT ( 'NONE',  ( 9.211482446583874051, 19.30137134904422780, -11.50000000000000178 ) ) ;
#5306 = CARTESIAN_POINT ( 'NONE',  ( -3.742116957818668155, 20.78931219368587691, -11.48999999999999844 ) ) ;
#5307 = VERTEX_POINT ( 'NONE', #6295 ) ;
#5308 = VECTOR ( 'NONE', #2664, 1000.000000000000000 ) ;
#5309 = CARTESIAN_POINT ( 'NONE',  ( -7.650000000000001243, 16.89221527992170024, -11.50000000000000000 ) ) ;
#5310 = CARTESIAN_POINT ( 'NONE',  ( 6.184107084450109149, 19.63588733241189743, -11.48999999999999666 ) ) ;
#5311 = CARTESIAN_POINT ( 'NONE',  ( 11.98986131379897557, 21.73622748731846244, -11.49000000000000199 ) ) ;
#5312 = DIRECTION ( 'NONE',  ( -0.000000000000000000, -0.000000000000000000, -1.000000000000000000 ) ) ;
#5313 = CARTESIAN_POINT ( 'NONE',  ( -5.929940225151561606, 19.69661177925062034, -11.49999999999999645 ) ) ;
#5314 = ORIENTED_EDGE ( 'NONE', *, *, #1422, .F. ) ;
#5315 = EDGE_LOOP ( 'NONE', ( #5741 ) ) ;
#5316 = VECTOR ( 'NONE', #5662, 1000.000000000000000 ) ;
#5317 = VERTEX_POINT ( 'NONE', #747 ) ;
#5318 = CARTESIAN_POINT ( 'NONE',  ( 7.972830449779078954, 21.41236489300782253, -11.48999999999999844 ) ) ;
#5319 = LINE ( 'NONE', #4843, #2864 ) ;
#5320 = B_SPLINE_SURFACE_WITH_KNOTS ( 'NONE', 3, 1, ( 
 ( #4547, #2675 ),
 ( #188, #1694 ),
 ( #5709, #2071 ),
 ( #5588, #4681 ),
 ( #4065, #2164 ),
 ( #1082, #4165 ),
 ( #4130, #3075 ),
 ( #5092, #2583 ),
 ( #93, #2100 ),
 ( #5126, #617 ),
 ( #4611, #3646 ),
 ( #5653, #1662 ),
 ( #1149, #6173 ),
 ( #6231, #838 ),
 ( #1334, #6354 ) ),
 .UNSPECIFIED., .F., .F., .F.,
 ( 4, 1, 1, 1, 1, 1, 1, 1, 1, 1, 1, 1, 4 ),
 ( 2, 2 ),
 ( 0.000000000000000000, 0.07716152741540437121, 0.1515658628076227699, 0.2256384830828539190, 0.3001230117867475511, 0.3756793511916671213, 0.4530919209662164215, 0.5327188968406317837, 0.6174029985480533611, 0.7062792281873133682, 0.7993191176729341763, 0.8966800654675439741, 1.000000000000000000 ),
 ( 0.000000000000000000, 1.000000000000000000 ),
 .UNSPECIFIED. ) ;
#5321 = CARTESIAN_POINT ( 'NONE',  ( -15.37500000000000355, 21.56682465492170664, -11.50000000000000000 ) ) ;
#5322 = CARTESIAN_POINT ( 'NONE',  ( 0.6846958929770288194, 22.23534323398394363, -11.49000000000000199 ) ) ;
#5323 = EDGE_CURVE ( 'NONE', #5797, #1072, #4966, .T. ) ;
#5324 = CARTESIAN_POINT ( 'NONE',  ( 9.261099002415482673, 19.41412685225029122, -11.49000000000000199 ) ) ;
#5325 = CARTESIAN_POINT ( 'NONE',  ( 5.173552347271637153, 21.57047335887136086, -11.49000000000000021 ) ) ;
#5326 = CARTESIAN_POINT ( 'NONE',  ( -2.782031250000002398, 16.88049652992170024, -11.49000000000000021 ) ) ;
#5327 = CARTESIAN_POINT ( 'NONE',  ( -8.138068385043759179, 22.27304800026706033, -11.49000000000000199 ) ) ;
#5328 = CARTESIAN_POINT ( 'NONE',  ( 7.271256188249282104, 19.54104818700781010, -11.50000000000000000 ) ) ;
#5329 = EDGE_CURVE ( 'NONE', #1971, #2588, #911, .T. ) ;
#5330 = LINE ( 'NONE', #1344, #6017 ) ;
#5331 = CARTESIAN_POINT ( 'NONE',  ( -12.51703134806053974, 17.27004626163477141, -11.50000000000000000 ) ) ;
#5332 = B_SPLINE_CURVE_WITH_KNOTS ( 'NONE', 3,
 ( #1823, #306, #3428, #1395, #1463, #2894, #1360, #2369, #2306, #863, #4870 ),
 .UNSPECIFIED., .F., .F.,
 ( 4, 1, 1, 1, 1, 1, 1, 1, 4 ),
 ( 0.000000000000000000, 0.1207647259581532823, 0.2345280218828251495, 0.3468699610545343814, 0.4633449700776289815, 0.5844418861673634780, 0.7101572165996402619, 0.8469849829579410017, 1.000000000000000000 ),
 .UNSPECIFIED. ) ;
#5333 = CARTESIAN_POINT ( 'NONE',  ( 16.99547017043334307, 18.81739572709903285, -11.50000000000000178 ) ) ;
#5334 = ADVANCED_FACE ( 'NONE', ( #517 ), #1405, .T. ) ;
#5335 = ORIENTED_EDGE ( 'NONE', *, *, #4375, .T. ) ;
#5336 = DIRECTION ( 'NONE',  ( 0.000000000000000000, -1.000000000000000000, 0.000000000000000000 ) ) ;
#5337 = CARTESIAN_POINT ( 'NONE',  ( -9.290032555609498033, 18.90767562850403749, -11.48999999999999844 ) ) ;
#5338 = CARTESIAN_POINT ( 'NONE',  ( -8.135349705920312147, 16.27615253028747944, -11.49999999999999645 ) ) ;
#5339 = CARTESIAN_POINT ( 'NONE',  ( -8.791893240778668073, 20.51442646725793750, -11.50000000000000000 ) ) ;
#5340 = ORIENTED_EDGE ( 'NONE', *, *, #3475, .T. ) ;
#5341 = CARTESIAN_POINT ( 'NONE',  ( 16.07295420159014654, 18.55469024525502419, -11.50000000000000178 ) ) ;
#5342 = CARTESIAN_POINT ( 'NONE',  ( 6.150000000000004796, 20.09963715492169456, -11.50000000000000178 ) ) ;
#5343 = ORIENTED_EDGE ( 'NONE', *, *, #6240, .T. ) ;
#5344 = CARTESIAN_POINT ( 'NONE',  ( -11.80292114192588571, 20.93425989543029075, -11.49999999999999645 ) ) ;
#5345 = CARTESIAN_POINT ( 'NONE',  ( -11.85778711336511115, 19.36432776348755169, -11.48999999999999666 ) ) ;
#5346 = VERTEX_POINT ( 'NONE', #24 ) ;
#5347 = VERTEX_POINT ( 'NONE', #5147 ) ;
#5348 = ORIENTED_EDGE ( 'NONE', *, *, #4724, .F. ) ;
#5349 = CARTESIAN_POINT ( 'NONE',  ( -9.821484375000002487, 21.44963715492169598, -11.49000000000000021 ) ) ;
#5350 = B_SPLINE_CURVE_WITH_KNOTS ( 'NONE', 3,
 ( #1580, #3586, #2079, #1123, #3618, #3118, #4072, #4589, #4555, #2622, #5626, #5132, #4137, #3083, #70, #100, #2107, #1088, #624 ),
 .UNSPECIFIED., .F., .F.,
 ( 4, 1, 1, 1, 1, 1, 1, 1, 1, 1, 1, 1, 1, 1, 1, 1, 4 ),
 ( 0.000000000000000000, 0.06934509125474609681, 0.1360691705493932147, 0.2010092768273394614, 0.2643775462364398310, 0.3258711864582053974, 0.3856138469976116423, 0.4442254057350418783, 0.5025060483271270861, 0.5604830316174098659, 0.6188555617617289561, 0.6783402378718559333, 0.7393029713830031602, 0.8019082134091650715, 0.8655882822637813723, 0.9316781120365649205, 1.000000000000000000 ),
 .UNSPECIFIED. ) ;
#5351 = CARTESIAN_POINT ( 'NONE',  ( -12.96914062500000320, 16.42463715492170451, -11.49999999999999822 ) ) ;
#5352 = ADVANCED_FACE ( 'NONE', ( #144 ), #4943, .T. ) ;
#5353 = CARTESIAN_POINT ( 'NONE',  ( -11.80522867098453510, 19.16015149425048492, -11.49999999999999289 ) ) ;
#5354 = CARTESIAN_POINT ( 'NONE',  ( -12.55190843221992125, 17.29297759713420390, -11.49000000000000021 ) ) ;
#5355 = CARTESIAN_POINT ( 'NONE',  ( 6.150000000000004796, 20.09963715492169456, -11.50000000000000000 ) ) ;
#5356 = B_SPLINE_CURVE_WITH_KNOTS ( 'NONE', 3,
 ( #3677, #6233, #745, #1150, #1244, #6146, #5679, #1274, #1178, #4131, #1730 ),
 .UNSPECIFIED., .F., .F.,
 ( 4, 1, 1, 1, 1, 1, 1, 1, 4 ),
 ( 0.000000000000000000, 0.1616195376548245632, 0.3061485460751108278, 0.4339200094182578127, 0.5535782189349170990, 0.6659759716831326060, 0.7755952180477280189, 0.8845927291216275634, 1.000000000000000000 ),
 .UNSPECIFIED. ) ;
#5357 = CARTESIAN_POINT ( 'NONE',  ( 9.374141560286401997, 20.04999761399213298, -11.48999999999999844 ) ) ;
#5358 = PRODUCT_DEFINITION ( 'UNKNOWN', '', #5418, #1785 ) ;
#5359 = CARTESIAN_POINT ( 'NONE',  ( 7.201507520407191443, 20.03511115417818544, -11.50000000000000178 ) ) ;
#5360 = DIRECTION ( 'NONE',  ( -1.000000000000000000, 0.000000000000000000, 0.000000000000000000 ) ) ;
#5361 = CARTESIAN_POINT ( 'NONE',  ( 17.10000000000000853, 18.37112152992169456, -11.49000000000000021 ) ) ;
#5362 = CARTESIAN_POINT ( 'NONE',  ( 9.165875709068485477, 22.12369967496892897, -11.48999999999999311 ) ) ;
#5363 = ORIENTED_EDGE ( 'NONE', *, *, #4355, .F. ) ;
#5364 = CARTESIAN_POINT ( 'NONE',  ( 12.63867187500000711, 22.27463715492169172, -11.49000000000000021 ) ) ;
#5365 = CARTESIAN_POINT ( 'NONE',  ( 13.32568884334423664, 21.58412694597043924, -11.50000000000000178 ) ) ;
#5366 = CARTESIAN_POINT ( 'NONE',  ( 0.6846958929770288194, 22.23534323398394363, -11.49000000000000199 ) ) ;
#5367 = B_SPLINE_SURFACE_WITH_KNOTS ( 'NONE', 3, 1, ( 
 ( #722, #4816 ),
 ( #5843, #5751 ),
 ( #4752, #5230 ),
 ( #3214, #752 ),
 ( #814, #4720 ),
 ( #6330, #2291 ),
 ( #230, #6239 ),
 ( #1737, #1309 ),
 ( #1770, #4689 ),
 ( #3245, #2685 ),
 ( #198, #4785 ),
 ( #1837, #2809 ),
 ( #1339, #2719 ),
 ( #2780, #2230 ),
 ( #2747, #6299 ),
 ( #3275, #4231 ),
 ( #1803, #2263 ),
 ( #4264, #2198 ),
 ( #4204, #6270 ) ),
 .UNSPECIFIED., .F., .F., .F.,
 ( 4, 1, 1, 1, 1, 1, 1, 1, 1, 1, 1, 1, 1, 1, 1, 1, 4 ),
 ( 2, 2 ),
 ( 0.000000000000000000, 0.06915441726730239824, 0.1357820402137707994, 0.1999513382522090377, 0.2624929154416992816, 0.3234279476882707116, 0.3832140737395441921, 0.4421038990113637102, 0.5006533320752819538, 0.5592858252427271859, 0.6179311624381841339, 0.6775095522109149115, 0.7385205988731275983, 0.8009629779693419049, 0.8653206954343649615, 0.9311857153332617765, 1.000000000000000000 ),
 ( 0.000000000000000000, 1.000000000000000000 ),
 .UNSPECIFIED. ) ;
#5368 = ORIENTED_EDGE ( 'NONE', *, *, #4833, .T. ) ;
#5369 = CARTESIAN_POINT ( 'NONE',  ( 8.361430355434400497, 22.27304296483828239, -11.49000000000000199 ) ) ;
#5370 = CARTESIAN_POINT ( 'NONE',  ( 7.214001632655594243, 18.16100044358286425, -11.50000000000000711 ) ) ;
#5371 = VERTEX_POINT ( 'NONE', #1933 ) ;
#5372 = CARTESIAN_POINT ( 'NONE',  ( -11.89620805941402359, 20.50897159075244858, -11.49999999999999289 ) ) ;
#5373 = DIRECTION ( 'NONE',  ( 0.1713411747512473826, -0.9852117548196744901, 0.000000000000000000 ) ) ;
#5374 = ORIENTED_EDGE ( 'NONE', *, *, #4881, .T. ) ;
#5375 = ORIENTED_EDGE ( 'NONE', *, *, #1797, .T. ) ;
#5376 = EDGE_CURVE ( 'NONE', #1096, #6307, #1541, .T. ) ;
#5377 = ORIENTED_EDGE ( 'NONE', *, *, #3601, .T. ) ;
#5378 = CARTESIAN_POINT ( 'NONE',  ( -6.126169280474252687, 19.70011769672222357, -11.49000000000000021 ) ) ;
#5379 = CARTESIAN_POINT ( 'NONE',  ( 13.35509179096004040, 18.47828959862163600, -11.49999999999999645 ) ) ;
#5380 = CARTESIAN_POINT ( 'NONE',  ( -4.638096359612625896, 21.52315844254486166, -11.50000000000000000 ) ) ;
#5381 = CARTESIAN_POINT ( 'NONE',  ( -8.695600969184141604, 21.79919949933740497, -11.50000000000000000 ) ) ;
#5382 = CARTESIAN_POINT ( 'NONE',  ( -14.80898437500000320, 22.27463715492170238, -11.49999999999999645 ) ) ;
#5383 = CARTESIAN_POINT ( 'NONE',  ( 8.203416954778555592, 17.92626963270166485, -11.50000000000000000 ) ) ;
#5384 = CARTESIAN_POINT ( 'NONE',  ( 3.741818177132875345, 21.72194020795464553, -11.49000000000000021 ) ) ;
#5385 = VERTEX_POINT ( 'NONE', #1137 ) ;
#5386 = VERTEX_POINT ( 'NONE', #6500 ) ;
#5387 = CARTESIAN_POINT ( 'NONE',  ( -7.963844958759336734, 22.23966824943973108, -11.48999999999999666 ) ) ;
#5388 = CARTESIAN_POINT ( 'NONE',  ( 8.281640625000004974, 18.74963715492169314, -11.50000000000000000 ) ) ;
#5389 = EDGE_CURVE ( 'NONE', #1134, #2309, #3438, .T. ) ;
#5390 = CARTESIAN_POINT ( 'NONE',  ( -10.13554687500000107, 22.27463715492169527, -11.49000000000000021 ) ) ;
#5391 = CARTESIAN_POINT ( 'NONE',  ( 9.697001082449906662, 21.81459937729084331, -11.49000000000000021 ) ) ;
#5392 = VECTOR ( 'NONE', #2854, 1000.000000000000000 ) ;
#5393 = VERTEX_POINT ( 'NONE', #4947 ) ;
#5394 = CARTESIAN_POINT ( 'NONE',  ( 0.4753182779646180078, 16.59221574932976040, -11.50000000000000000 ) ) ;
#5395 = DIRECTION ( 'NONE',  ( -1.000000000000000000, 0.000000000000000000, 0.000000000000000000 ) ) ;
#5396 = CARTESIAN_POINT ( 'NONE',  ( -7.781642829062185740, 16.42858451561368938, -11.50000000000000000 ) ) ;
#5397 = EDGE_CURVE ( 'NONE', #731, #4119, #1517, .T. ) ;
#5398 = CARTESIAN_POINT ( 'NONE',  ( -16.65703125000000284, 16.42463715492170451, -11.49000000000000021 ) ) ;
#5399 = CARTESIAN_POINT ( 'NONE',  ( 10.27985149866406012, 20.98289989755864227, -11.48999999999999488 ) ) ;
#5400 = FACE_OUTER_BOUND ( 'NONE', #4360, .T. ) ;
#5401 = CARTESIAN_POINT ( 'NONE',  ( -10.87500000000000178, 20.10549652992169811, -11.49000000000000021 ) ) ;
#5402 = AXIS2_PLACEMENT_3D ( 'NONE', #4435, #3461, #966 ) ;
#5403 = ORIENTED_EDGE ( 'NONE', *, *, #503, .T. ) ;
#5404 = CARTESIAN_POINT ( 'NONE',  ( -11.85788815893836023, 20.72614638611195303, -11.50000000000000000 ) ) ;
#5405 = DIRECTION ( 'NONE',  ( 1.000000000000000000, 0.000000000000000000, -0.000000000000000000 ) ) ;
#5406 = ORIENTED_EDGE ( 'NONE', *, *, #5620, .F. ) ;
#5407 = VECTOR ( 'NONE', #6078, 1000.000000000000000 ) ;
#5408 = CARTESIAN_POINT ( 'NONE',  ( -6.491194062537248399, 19.41521049992471148, -11.49999999999999822 ) ) ;
#5409 = CARTESIAN_POINT ( 'NONE',  ( 13.28376753509783370, 18.71090018480014550, -11.50000000000000178 ) ) ;
#5410 = CARTESIAN_POINT ( 'NONE',  ( -11.89849169857928857, 19.58105683815086095, -11.49000000000000377 ) ) ;
#5411 = EDGE_CURVE ( 'NONE', #1504, #4341, #1014, .T. ) ;
#5412 = VECTOR ( 'NONE', #1702, 1000.000000000000000 ) ;
#5413 = PLANE ( 'NONE',  #1207 ) ;
#5414 = CARTESIAN_POINT ( 'NONE',  ( 8.281640625000004974, 17.92463715492169385, -11.49000000000000021 ) ) ;
#5415 = CARTESIAN_POINT ( 'NONE',  ( 4.644140624999998579, 16.27463715492169527, -11.49000000000000021 ) ) ;
#5416 = CARTESIAN_POINT ( 'NONE',  ( 16.09335937500000924, 21.43205902992169243, -11.49000000000000021 ) ) ;
#5417 = CARTESIAN_POINT ( 'NONE',  ( -8.700000000000001066, 21.66526215492169882, -11.49000000000000021 ) ) ;
#5418 = PRODUCT_DEFINITION_FORMATION_WITH_SPECIFIED_SOURCE ( 'ANY', '', #4887, .NOT_KNOWN. ) ;
#5419 = FACE_OUTER_BOUND ( 'NONE', #1616, .T. ) ;
#5420 = CARTESIAN_POINT ( 'NONE',  ( 7.588071800801412969, 21.19895008522265556, -11.49999999999999822 ) ) ;
#5421 = ORIENTED_EDGE ( 'NONE', *, *, #5537, .F. ) ;
#5422 = CARTESIAN_POINT ( 'NONE',  ( -5.455078125000002665, 16.42463715492170095, -11.50000000000000000 ) ) ;
#5423 = CARTESIAN_POINT ( 'NONE',  ( 7.977668230894879642, 18.78597620387087019, -11.49999999999999822 ) ) ;
#5424 = CARTESIAN_POINT ( 'NONE',  ( -10.32570411504692665, 22.26843204853954816, -11.49000000000000199 ) ) ;
#5425 = B_SPLINE_SURFACE_WITH_KNOTS ( 'NONE', 3, 1, ( 
 ( #5182, #2761 ),
 ( #4218, #1264 ),
 ( #4769, #2278 ),
 ( #6136, #1627 ),
 ( #1655, #2247 ),
 ( #3668, #1169 ),
 ( #5672, #3164 ),
 ( #737, #4737 ),
 ( #5644, #1141 ),
 ( #3639, #4248 ),
 ( #3135, #5151 ) ),
 .UNSPECIFIED., .F., .F., .F.,
 ( 4, 1, 1, 1, 1, 1, 1, 1, 4 ),
 ( 2, 2 ),
 ( 0.000000000000000000, 0.1284222277394270473, 0.2374523557361945814, 0.3333799433695724401, 0.4240755959095701688, 0.5283993121412761118, 0.6599041794341742317, 0.8165843275163557902, 1.000000000000000000 ),
 ( 0.000000000000000000, 1.000000000000000000 ),
 .UNSPECIFIED. ) ;
#5426 = CARTESIAN_POINT ( 'NONE',  ( -10.87500000000000178, 20.10549652992169811, -11.50000000000000000 ) ) ;
#5427 = CARTESIAN_POINT ( 'NONE',  ( 0.4359374999999984235, 16.67776215492169456, -11.50000000000000000 ) ) ;
#5428 = CARTESIAN_POINT ( 'NONE',  ( -8.759765625000000000, 20.10549652992169811, -11.49000000000000021 ) ) ;
#5429 = CARTESIAN_POINT ( 'NONE',  ( 15.71672912366161867, 22.16366602970323996, -11.49000000000000199 ) ) ;
#5430 = ORIENTED_EDGE ( 'NONE', *, *, #4194, .F. ) ;
#5431 = CARTESIAN_POINT ( 'NONE',  ( 14.58598173495601458, 18.38111828290586658, -11.49000000000000377 ) ) ;
#5432 = VERTEX_POINT ( 'NONE', #5270 ) ;
#5433 = CARTESIAN_POINT ( 'NONE',  ( -10.51093868869121017, 22.23729332867304365, -11.49999999999999822 ) ) ;
#5434 = CARTESIAN_POINT ( 'NONE',  ( 6.873239806760560455, 18.38189381231955011, -11.49000000000000199 ) ) ;
#5435 = CARTESIAN_POINT ( 'NONE',  ( -8.398385123807107888, 16.31357058305135155, -11.49999999999999467 ) ) ;
#5436 = ORIENTED_EDGE ( 'NONE', *, *, #1554, .T. ) ;
#5437 = CARTESIAN_POINT ( 'NONE',  ( -11.30900298251753355, 21.79101038107327426, -11.49999999999999289 ) ) ;
#5438 = CARTESIAN_POINT ( 'NONE',  ( -11.92325902972039664, 19.97108364717388085, -11.49000000000000199 ) ) ;
#5439 = EDGE_CURVE ( 'NONE', #2829, #1496, #2791, .T. ) ;
#5440 = ORIENTED_EDGE ( 'NONE', *, *, #2738, .F. ) ;
#5441 = B_SPLINE_CURVE_WITH_KNOTS ( 'NONE', 3,
 ( #1365, #4437, #4377, #3357, #442, #1465, #3463, #2438, #6388, #1961, #5471 ),
 .UNSPECIFIED., .F., .F.,
 ( 4, 1, 1, 1, 1, 1, 1, 1, 4 ),
 ( 0.000000000000000000, 0.1624462383803301213, 0.3068042622769462935, 0.4351149757490645475, 0.5513211882827103727, 0.6601349943945631349, 0.7677456018977869556, 0.8790418766546687079, 1.000000000000000000 ),
 .UNSPECIFIED. ) ;
#5442 = CARTESIAN_POINT ( 'NONE',  ( -6.520845768079131410, 19.33020177458302058, -11.50000000000000355 ) ) ;
#5443 = CARTESIAN_POINT ( 'NONE',  ( -4.360447696482702362, 18.30147803142319418, -11.49000000000000199 ) ) ;
#5444 = CARTESIAN_POINT ( 'NONE',  ( -11.54681301622305156, 18.63268140073694212, -11.48999999999999844 ) ) ;
#5445 = CARTESIAN_POINT ( 'NONE',  ( -8.175000000000002487, 22.27463715492169527, -11.49000000000000021 ) ) ;
#5446 = CARTESIAN_POINT ( 'NONE',  ( -14.76926027062008728, 22.27293280605226755, -11.48999999999999844 ) ) ;
#5447 = CARTESIAN_POINT ( 'NONE',  ( 4.864489993417287828, 16.31259690574108845, -11.49000000000000021 ) ) ;
#5448 = CARTESIAN_POINT ( 'NONE',  ( 15.99420716304333645, 21.70488706071956386, -11.50000000000000178 ) ) ;
#5449 = CARTESIAN_POINT ( 'NONE',  ( 4.683049775448246521, 16.27649201353254327, -11.49999999999999645 ) ) ;
#5450 = CARTESIAN_POINT ( 'NONE',  ( 4.124999999999998224, 16.94729340492169456, -11.49000000000000021 ) ) ;
#5451 = CARTESIAN_POINT ( 'NONE',  ( 14.61194338230581558, 21.43054484736052245, -11.49999999999999112 ) ) ;
#5452 = CARTESIAN_POINT ( 'NONE',  ( 4.124999999999998224, 16.94729340492169456, -11.50000000000000000 ) ) ;
#5453 = CARTESIAN_POINT ( 'NONE',  ( 16.97695312500000497, 18.86916840492169456, -11.49000000000000021 ) ) ;
#5454 = CARTESIAN_POINT ( 'NONE',  ( -10.48832562776877175, 19.00424143510464958, -11.50000000000000355 ) ) ;
#5455 = CARTESIAN_POINT ( 'NONE',  ( 16.62070312500000568, 17.92463715492169385, -11.49000000000000021 ) ) ;
#5456 = ORIENTED_EDGE ( 'NONE', *, *, #1866, .F. ) ;
#5457 = LINE ( 'NONE', #5564, #1511 ) ;
#5458 = CARTESIAN_POINT ( 'NONE',  ( -8.138068385043759179, 22.27304800026706033, -11.50000000000000178 ) ) ;
#5459 = CARTESIAN_POINT ( 'NONE',  ( -2.549591630525155963E-31, 1.500000000000000000, -2.081899558550499885E-15 ) ) ;
#5460 = CARTESIAN_POINT ( 'NONE',  ( 17.00000000000000000, 1.500000000000000000, 0.000000000000000000 ) ) ;
#5461 = CARTESIAN_POINT ( 'NONE',  ( 15.37861852401159268, 22.27342130398659847, -11.49000000000000199 ) ) ;
#5462 = CARTESIAN_POINT ( 'NONE',  ( -9.286481581196520452, 21.30597294682259957, -11.50000000000000000 ) ) ;
#5463 = ORIENTED_EDGE ( 'NONE', *, *, #1413, .F. ) ;
#5464 = CARTESIAN_POINT ( 'NONE',  ( 16.06171875000000782, 18.59494965492169172, -11.50000000000000000 ) ) ;
#5465 = CARTESIAN_POINT ( 'NONE',  ( 9.374126544053826393, 20.15318149133715053, -11.50000000000000000 ) ) ;
#5466 = LINE ( 'NONE', #1764, #1197 ) ;
#5467 = VERTEX_POINT ( 'NONE', #1233 ) ;
#5468 = CARTESIAN_POINT ( 'NONE',  ( 12.93406848486647220, 22.21965552688389423, -11.49000000000000199 ) ) ;
#5469 = CARTESIAN_POINT ( 'NONE',  ( -11.43175737287695171, 18.48449308510192779, -11.49000000000000021 ) ) ;
#5470 = ORIENTED_EDGE ( 'NONE', *, *, #1265, .T. ) ;
#5471 = CARTESIAN_POINT ( 'NONE',  ( -8.175000000000002487, 16.27463715492169882, -11.49000000000000021 ) ) ;
#5472 = CARTESIAN_POINT ( 'NONE',  ( -5.052346283893371925, 18.42323720534990628, -11.49000000000000199 ) ) ;
#5473 = CARTESIAN_POINT ( 'NONE',  ( -4.151403305691701462, 21.36916494720013660, -11.50000000000000000 ) ) ;
#5474 = CARTESIAN_POINT ( 'NONE',  ( 8.731509191739529996, 18.83678588243721563, -11.49000000000000377 ) ) ;
#5475 = FACE_OUTER_BOUND ( 'NONE', #4901, .T. ) ;
#5476 = CARTESIAN_POINT ( 'NONE',  ( 12.33502657693186499, 22.20694513032061224, -11.50000000000000178 ) ) ;
#5477 = CARTESIAN_POINT ( 'NONE',  ( 15.64082517002227846, 22.21368734087629448, -11.49000000000000199 ) ) ;
#5478 = CARTESIAN_POINT ( 'NONE',  ( 10.42333687698099709, 20.02297681134472995, -11.48999999999999844 ) ) ;
#5479 = CARTESIAN_POINT ( 'NONE',  ( 10.87626321256946227, 18.34272488066211437, -11.48999999999999844 ) ) ;
#5480 = ADVANCED_FACE ( 'NONE', ( #241 ), #5177, .T. ) ;
#5481 = CARTESIAN_POINT ( 'NONE',  ( -3.309676284114030587, 17.32301322326613757, -11.49000000000000199 ) ) ;
#5482 = B_SPLINE_CURVE_WITH_KNOTS ( 'NONE', 3,
 ( #6474, #5911, #2523, #4490, #1024, #6052, #2950, #1416, #1977, #3975, #1451, #1515, #1550, #3448, #5029, #3482, #5489, #2915, #988 ),
 .UNSPECIFIED., .F., .F.,
 ( 4, 1, 1, 1, 1, 1, 1, 1, 1, 1, 1, 1, 1, 1, 1, 1, 4 ),
 ( 0.000000000000000000, 0.06820370906750718165, 0.1341360900712697535, 0.1982262477971829528, 0.2611601166963591902, 0.3226805882728116526, 0.3826180038067752420, 0.4415197816465669112, 0.5002122391095799037, 0.5588215515223005081, 0.6175693736443571558, 0.6768278463850028182, 0.7373743075393104363, 0.7995480922435619364, 0.8637830171476860164, 0.9304343744537811878, 1.000000000000000000 ),
 .UNSPECIFIED. ) ;
#5483 = CARTESIAN_POINT ( 'NONE',  ( -11.92500000000000071, 20.05276215492169811, -11.50000000000000000 ) ) ;
#5484 = CARTESIAN_POINT ( 'NONE',  ( -5.004703315335359726, 21.47923311584665385, -11.50000000000000000 ) ) ;
#5485 = CARTESIAN_POINT ( 'NONE',  ( -8.059521093145789905, 16.27905058727511900, -11.48999999999999844 ) ) ;
#5486 = CARTESIAN_POINT ( 'NONE',  ( -10.67453419621035060, 19.24405870663341744, -11.49999999999999822 ) ) ;
#5487 = CARTESIAN_POINT ( 'NONE',  ( -2.937188643478044980, 21.35729660627103854, -11.49000000000000021 ) ) ;
#5488 = ORIENTED_EDGE ( 'NONE', *, *, #1866, .T. ) ;
#5489 = CARTESIAN_POINT ( 'NONE',  ( 8.517667236178775525, 22.26992136905658981, -11.50000000000000000 ) ) ;
#5490 = VECTOR ( 'NONE', #748, 1000.000000000000000 ) ;
#5491 = CARTESIAN_POINT ( 'NONE',  ( -8.700000000000001066, 16.96369965492169740, -11.50000000000000000 ) ) ;
#5492 = EDGE_CURVE ( 'NONE', #903, #5572, #795, .T. ) ;
#5493 = CARTESIAN_POINT ( 'NONE',  ( 0.3749999999999983902, 21.60198090492169243, -11.49000000000000021 ) ) ;
#5494 = CARTESIAN_POINT ( 'NONE',  ( -10.87500000000000178, 20.10549652992169811, -11.49000000000000021 ) ) ;
#5495 = B_SPLINE_CURVE_WITH_KNOTS ( 'NONE', 3,
 ( #234, #6273, #1807, #6244, #5848, #5331, #819, #885, #1774, #2880, #2234 ),
 .UNSPECIFIED., .F., .F.,
 ( 4, 1, 1, 1, 1, 1, 1, 1, 4 ),
 ( 0.000000000000000000, 0.1197447793484517492, 0.2303856984482507975, 0.3395890249734021538, 0.4505540722587590974, 0.5680202414917119302, 0.6954301908412547917, 0.8389213343369693598, 0.9999999999999998890 ),
 .UNSPECIFIED. ) ;
#5496 = AXIS2_PLACEMENT_3D ( 'NONE', #5266, #2754, #265 ) ;
#5497 = EDGE_LOOP ( 'NONE', ( #5073, #1793, #76, #5377 ) ) ;
#5498 = CARTESIAN_POINT ( 'NONE',  ( -2.625000000000002220, 20.18752777992169811, -11.49000000000000021 ) ) ;
#5499 = ORIENTED_EDGE ( 'NONE', *, *, #4895, .T. ) ;
#5500 = CARTESIAN_POINT ( 'NONE',  ( 16.38026925728906491, 17.97069641648073102, -11.50000000000000178 ) ) ;
#5501 = CARTESIAN_POINT ( 'NONE',  ( 8.281640625000004974, 22.27463715492169172, -11.50000000000000000 ) ) ;
#5502 = CARTESIAN_POINT ( 'NONE',  ( 3.741818177132875345, 21.72194020795464553, -11.49000000000000021 ) ) ;
#5503 = VERTEX_POINT ( 'NONE', #5698 ) ;
#5504 = CARTESIAN_POINT ( 'NONE',  ( 8.047182398148033045, 22.26988925139868414, -11.49000000000000199 ) ) ;
#5505 = VECTOR ( 'NONE', #1182, 1000.000000000000000 ) ;
#5506 = CARTESIAN_POINT ( 'NONE',  ( 1.041796874999998401, 16.27463715492169527, -11.50000000000000000 ) ) ;
#5507 = CARTESIAN_POINT ( 'NONE',  ( -11.89849169857928857, 19.58105683815086095, -11.50000000000000355 ) ) ;
#5508 = ORIENTED_EDGE ( 'NONE', *, *, #3229, .T. ) ;
#5509 = CARTESIAN_POINT ( 'NONE',  ( -6.031640625000002309, 19.70588715492169740, -11.50000000000000000 ) ) ;
#5510 = VECTOR ( 'NONE', #643, 1000.000000000000227 ) ;
#5511 = CARTESIAN_POINT ( 'NONE',  ( -5.322249160307739757, 18.54310760582013984, -11.49000000000000021 ) ) ;
#5512 = CARTESIAN_POINT ( 'NONE',  ( -4.422656250000001954, 18.29963715492169740, -11.49000000000000021 ) ) ;
#5513 = PLANE ( 'NONE',  #2166 ) ;
#5514 = ADVANCED_FACE ( 'NONE', ( #3228 ), #760, .F. ) ;
#5515 = CARTESIAN_POINT ( 'NONE',  ( -17.01974375802461381, 17.32962027800230587, -11.48999999999999488 ) ) ;
#5516 = CARTESIAN_POINT ( 'NONE',  ( -3.243346690573825519, 16.42804776249486665, -11.50000000000000178 ) ) ;
#5517 = PLANE ( 'NONE',  #6434 ) ;
#5518 = VERTEX_POINT ( 'NONE', #1651 ) ;
#5519 = CARTESIAN_POINT ( 'NONE',  ( 17.10000000000000853, 18.37112152992169456, -11.49000000000000021 ) ) ;
#5520 = VECTOR ( 'NONE', #5952, 1000.000000000000000 ) ;
#5521 = MANIFOLD_SOLID_BREP ( 'Cut-Extrude3', #6323 ) ;
#5522 = CARTESIAN_POINT ( 'NONE',  ( -9.720644700415551398, 22.23106922483202297, -11.49000000000000199 ) ) ;
#5523 = FACE_OUTER_BOUND ( 'NONE', #4212, .T. ) ;
#5524 = CARTESIAN_POINT ( 'NONE',  ( 15.03081405279796634, 22.20883355357514333, -11.50000000000000000 ) ) ;
#5525 = AXIS2_PLACEMENT_3D ( 'NONE', #6463, #2514, #4509 ) ;
#5526 = CARTESIAN_POINT ( 'NONE',  ( 7.271256188249282104, 19.54104818700781010, -11.49000000000000021 ) ) ;
#5527 = CARTESIAN_POINT ( 'NONE',  ( -12.51703134806053974, 17.27004626163477141, -11.49999999999999822 ) ) ;
#5528 = VECTOR ( 'NONE', #6253, 1000.000000000000000 ) ;
#5529 = CARTESIAN_POINT ( 'NONE',  ( -2.937188643478044980, 21.35729660627103854, -11.50000000000000000 ) ) ;
#5530 = ORIENTED_EDGE ( 'NONE', *, *, #5389, .F. ) ;
#5531 = CARTESIAN_POINT ( 'NONE',  ( -10.66317891470030332, 20.98113773801523863, -11.50000000000000000 ) ) ;
#5532 = CARTESIAN_POINT ( 'NONE',  ( 13.41844816010667074, 18.28796422815718259, -11.48999999999999666 ) ) ;
#5533 = B_SPLINE_CURVE_WITH_KNOTS ( 'NONE', 3,
 ( #4120, #1594, #3602, #1653, #5552, #146, #638, #1041, #5609, #2123, #5642 ),
 .UNSPECIFIED., .F., .F.,
 ( 4, 1, 1, 1, 1, 1, 1, 1, 4 ),
 ( 0.000000000000000000, 0.1629640223582579650, 0.3060302079043858425, 0.4328252926454604355, 0.5497245847191163381, 0.6602507140783614448, 0.7694494457532936593, 0.8808330941005727555, 1.000000000000000000 ),
 .UNSPECIFIED. ) ;
#5534 = B_SPLINE_CURVE_WITH_KNOTS ( 'NONE', 3,
 ( #4850, #4389, #3805, #2911, #3411, #5873, #5845, #5813, #3306, #5292, #5328, #2876, #319, #5359, #6401 ),
 .UNSPECIFIED., .F., .F.,
 ( 4, 1, 1, 1, 1, 1, 1, 1, 1, 1, 1, 1, 4 ),
 ( 0.000000000000000000, 0.08057587374943657454, 0.1577999761605090312, 0.2324163316081811481, 0.3068126613554346127, 0.3817277918317791285, 0.4577315428509047823, 0.5368112335535605295, 0.6202969151742295795, 0.7083999362007823430, 0.8004096836703722406, 0.8972723587901967335, 1.000000000000000000 ),
 .UNSPECIFIED. ) ;
#5535 = CARTESIAN_POINT ( 'NONE',  ( 7.588071800801412969, 21.19895008522265556, -11.50000000000000000 ) ) ;
#5536 = DIRECTION ( 'NONE',  ( -0.000000000000000000, -0.000000000000000000, -1.000000000000000000 ) ) ;
#5537 = EDGE_CURVE ( 'NONE', #952, #5432, #3307, .T. ) ;
#5538 = CARTESIAN_POINT ( 'NONE',  ( -7.651222901425229317, 16.84441263289347646, -11.49000000000000021 ) ) ;
#5539 = EDGE_LOOP ( 'NONE', ( #2963, #4222, #6198, #1645 ) ) ;
#5540 = EDGE_CURVE ( 'NONE', #4472, #4372, #5762, .T. ) ;
#5541 = CARTESIAN_POINT ( 'NONE',  ( -4.360447696482702362, 18.30147803142319418, -11.49000000000000199 ) ) ;
#5542 = UNCERTAINTY_MEASURE_WITH_UNIT (LENGTH_MEASURE( 1.000000000000000082E-05 ), #387, 'distance_accuracy_value', 'NONE');
#5543 = ORIENTED_EDGE ( 'NONE', *, *, #2651, .F. ) ;
#5544 = LINE ( 'NONE', #5111, #5912 ) ;
#5545 = CARTESIAN_POINT ( 'NONE',  ( 4.552734374999999112, 22.27463715492169172, -11.49000000000000021 ) ) ;
#5546 = ORIENTED_EDGE ( 'NONE', *, *, #5051, .F. ) ;
#5547 = FACE_OUTER_BOUND ( 'NONE', #6169, .T. ) ;
#5548 = CARTESIAN_POINT ( 'NONE',  ( -2.655790273178302296, 19.80142899742116214, -11.50000000000000000 ) ) ;
#5549 = CARTESIAN_POINT ( 'NONE',  ( -10.31496787918401381, 17.92842897359839682, -11.50000000000000000 ) ) ;
#5550 = ORIENTED_EDGE ( 'NONE', *, *, #3026, .T. ) ;
#5551 = EDGE_CURVE ( 'NONE', #114, #4872, #3161, .T. ) ;
#5552 = CARTESIAN_POINT ( 'NONE',  ( -12.60071971234430777, 16.49585230908272138, -11.50000000000000000 ) ) ;
#5553 = CARTESIAN_POINT ( 'NONE',  ( 8.281640625000004974, 21.44963715492169243, -11.49999999999999467 ) ) ;
#5554 = CARTESIAN_POINT ( 'NONE',  ( -6.301682093579922928, 20.40386585738517766, -11.49000000000000021 ) ) ;
#5555 = CARTESIAN_POINT ( 'NONE',  ( -10.87500000000000178, 20.10549652992169811, -11.49000000000000021 ) ) ;
#5556 = CARTESIAN_POINT ( 'NONE',  ( 16.04255039043772157, 21.57622626171932012, -11.49000000000000021 ) ) ;
#5557 = CARTESIAN_POINT ( 'NONE',  ( -8.836140597093088189, 19.53839994174161276, -11.48999999999999844 ) ) ;
#5558 = CARTESIAN_POINT ( 'NONE',  ( -18.00000000000000000, 29.00000000000000000, 0.000000000000000000 ) ) ;
#5559 = CARTESIAN_POINT ( 'NONE',  ( -6.076814439569946380, 16.77180227520353384, -11.48999999999999844 ) ) ;
#5560 = FACE_OUTER_BOUND ( 'NONE', #3408, .T. ) ;
#5561 = CARTESIAN_POINT ( 'NONE',  ( -10.84592816874557464, 19.72438149625365966, -11.49999999999999822 ) ) ;
#5562 = CARTESIAN_POINT ( 'NONE',  ( -3.010395215092144028, 21.46673264986169016, -11.50000000000000355 ) ) ;
#5563 = VERTEX_POINT ( 'NONE', #5852 ) ;
#5564 = CARTESIAN_POINT ( 'NONE',  ( -10.11914062500000178, 17.92463715492169740, -11.49000000000000021 ) ) ;
#5565 = CARTESIAN_POINT ( 'NONE',  ( 1.283178581092863313, 22.10565127842870936, -11.49999999999999645 ) ) ;
#5566 = CARTESIAN_POINT ( 'NONE',  ( -5.233593750000003375, 17.32463715492169598, -11.50000000000000000 ) ) ;
#5567 = DIRECTION ( 'NONE',  ( 0.000000000000000000, -0.000000000000000000, 1.000000000000000000 ) ) ;
#5568 = CARTESIAN_POINT ( 'NONE',  ( -7.650000000000001243, 16.89221527992170024, -11.49000000000000021 ) ) ;
#5569 = EDGE_CURVE ( 'NONE', #2860, #1373, #4567, .T. ) ;
#5570 = ORIENTED_EDGE ( 'NONE', *, *, #3784, .T. ) ;
#5571 = CARTESIAN_POINT ( 'NONE',  ( -2.699502542370364910, 19.61758039561967948, -11.49000000000000199 ) ) ;
#5572 = VERTEX_POINT ( 'NONE', #824 ) ;
#5573 = CARTESIAN_POINT ( 'NONE',  ( 13.19896251363819495, 21.91786500217352796, -11.49999999999999822 ) ) ;
#5574 = CARTESIAN_POINT ( 'NONE',  ( 16.62070312500000924, 17.92463715492169740, -11.49000000000000199 ) ) ;
#5575 = ORIENTED_EDGE ( 'NONE', *, *, #3657, .T. ) ;
#5576 = CARTESIAN_POINT ( 'NONE',  ( 8.281640625000004974, 17.92463715492169385, -11.49000000000000021 ) ) ;
#5577 = CARTESIAN_POINT ( 'NONE',  ( -6.054451246166498102, 20.42085206762271810, -11.50000000000000178 ) ) ;
#5578 = CARTESIAN_POINT ( 'NONE',  ( -6.209765625000002842, 20.39963715492169882, -11.49000000000000021 ) ) ;
#5579 = ORIENTED_EDGE ( 'NONE', *, *, #5279, .F. ) ;
#5580 = CARTESIAN_POINT ( 'NONE',  ( -14.25000000000000178, 21.56682465492170664, -11.50000000000000000 ) ) ;
#5581 = CARTESIAN_POINT ( 'NONE',  ( -15.37364064140721709, 21.62245995233733709, -11.49000000000000199 ) ) ;
#5582 = DIRECTION ( 'NONE',  ( -0.000000000000000000, -1.000000000000000000, -0.000000000000000000 ) ) ;
#5583 = CARTESIAN_POINT ( 'NONE',  ( -6.388763680472631101, 20.43033893542257218, -11.48999999999999844 ) ) ;
#5584 = CARTESIAN_POINT ( 'NONE',  ( -10.87057193066886995, 19.91104000341688973, -11.49000000000000199 ) ) ;
#5585 = EDGE_CURVE ( 'NONE', #5346, #3794, #1454, .T. ) ;
#5586 = ORIENTED_EDGE ( 'NONE', *, *, #2496, .F. ) ;
#5587 = CARTESIAN_POINT ( 'NONE',  ( 5.174999999999998934, 16.94729340492169456, -11.49999999999999822 ) ) ;
#5588 = CARTESIAN_POINT ( 'NONE',  ( -10.11764130073946610, 18.78722046708015014, -11.49000000000000199 ) ) ;
#5589 = FACE_OUTER_BOUND ( 'NONE', #931, .T. ) ;
#5590 = CARTESIAN_POINT ( 'NONE',  ( 12.33502657693186499, 22.20694513032061224, -11.50000000000000178 ) ) ;
#5591 = CARTESIAN_POINT ( 'NONE',  ( 19.50000000000000000, 30.50000000000000355, -9.500000000000000000 ) ) ;
#5592 = CARTESIAN_POINT ( 'NONE',  ( -4.110244569507273127, 22.20595813148883124, -11.50000000000000178 ) ) ;
#5593 = ORIENTED_EDGE ( 'NONE', *, *, #4633, .F. ) ;
#5594 = LINE ( 'NONE', #5063, #1410 ) ;
#5595 = CARTESIAN_POINT ( 'NONE',  ( -3.678686576999430802, 20.12602326098062733, -11.50000000000000000 ) ) ;
#5596 = B_SPLINE_CURVE_WITH_KNOTS ( 'NONE', 3,
 ( #5746, #1211, #1765, #3172, #4682, #1638, #253 ),
 .UNSPECIFIED., .F., .F.,
 ( 4, 1, 1, 1, 4 ),
 ( 0.000000000000000000, 0.3406731380352455152, 0.6198067946432279651, 0.8404565610834890954, 1.000000000000000000 ),
 .UNSPECIFIED. ) ;
#5597 = CARTESIAN_POINT ( 'NONE',  ( -16.50000000000000000, 1.500000000000000000, -6.999999999999997335 ) ) ;
#5598 = CARTESIAN_POINT ( 'NONE',  ( -8.383387633934539451, 22.23789888721935171, -11.49999999999999467 ) ) ;
#5599 = DIRECTION ( 'NONE',  ( -0.000000000000000000, -0.000000000000000000, -1.000000000000000000 ) ) ;
#5600 = ORIENTED_EDGE ( 'NONE', *, *, #1165, .F. ) ;
#5601 = ORIENTED_EDGE ( 'NONE', *, *, #668, .F. ) ;
#5602 = CARTESIAN_POINT ( 'NONE',  ( -4.237395522356191435, 18.30511939330993343, -11.50000000000000355 ) ) ;
#5603 = CARTESIAN_POINT ( 'NONE',  ( 12.93406848486647220, 22.21965552688389423, -11.49000000000000199 ) ) ;
#5604 = CARTESIAN_POINT ( 'NONE',  ( -10.84345689390677947, 20.50098030225191081, -11.49999999999999645 ) ) ;
#5605 = ORIENTED_EDGE ( 'NONE', *, *, #3920, .T. ) ;
#5606 = CARTESIAN_POINT ( 'NONE',  ( 17.49999999999999645, 8.500000000000000000, -10.00000000000000888 ) ) ;
#5607 = CARTESIAN_POINT ( 'NONE',  ( -2.861935988226919303, 16.59979568541641370, -11.48999999999999488 ) ) ;
#5608 = VERTEX_POINT ( 'NONE', #4925 ) ;
#5609 = CARTESIAN_POINT ( 'NONE',  ( -12.37267274801646977, 16.81178080255729412, -11.49999999999999645 ) ) ;
#5610 = CARTESIAN_POINT ( 'NONE',  ( 18.50000000000000000, 32.50000000000000000, -11.50000000000000178 ) ) ;
#5611 = CARTESIAN_POINT ( 'NONE',  ( 8.516990831320482513, 17.92898548259511671, -11.48999999999999844 ) ) ;
#5612 = VECTOR ( 'NONE', #2647, 1000.000000000000000 ) ;
#5613 = PLANE ( 'NONE',  #4992 ) ;
#5614 = CARTESIAN_POINT ( 'NONE',  ( 0.000000000000000000, 1.500000000000000000, -11.50000000000000000 ) ) ;
#5615 = ORIENTED_EDGE ( 'NONE', *, *, #3156, .F. ) ;
#5616 = ADVANCED_FACE ( 'NONE', ( #6442, #2394 ), #5954, .T. ) ;
#5617 = AXIS2_PLACEMENT_3D ( 'NONE', #4210, #1708, #4663 ) ;
#5618 = CARTESIAN_POINT ( 'NONE',  ( -9.415999122075438876, 18.83732890146366401, -11.49000000000000021 ) ) ;
#5619 = CARTESIAN_POINT ( 'NONE',  ( -9.961947827984577231, 21.44461292238598205, -11.48999999999999844 ) ) ;
#5620 = EDGE_CURVE ( 'NONE', #5157, #4533, #6293, .T. ) ;
#5621 = CARTESIAN_POINT ( 'NONE',  ( 0.3749999999999983902, 17.12541840492169243, -11.49000000000000021 ) ) ;
#5622 = VECTOR ( 'NONE', #1930, 1000.000000000000000 ) ;
#5623 = CARTESIAN_POINT ( 'NONE',  ( -8.175000000000004263, 22.27463715492169882, -11.49999999999999822 ) ) ;
#5624 = CARTESIAN_POINT ( 'NONE',  ( -5.614519811566908380, 22.13071701641699818, -11.49000000000000021 ) ) ;
#5625 = CARTESIAN_POINT ( 'NONE',  ( -2.758687360460194693, 20.99902687762945064, -11.49999999999999467 ) ) ;
#5626 = CARTESIAN_POINT ( 'NONE',  ( 6.873239806760560455, 18.38189381231955011, -11.49000000000000199 ) ) ;
#5627 = VECTOR ( 'NONE', #1839, 1000.000000000000000 ) ;
#5628 = CARTESIAN_POINT ( 'NONE',  ( -4.283626720598410209, 19.19721421368677028, -11.50000000000000000 ) ) ;
#5629 = CARTESIAN_POINT ( 'NONE',  ( 3.680325436161244745, 21.63138358260884075, -11.50000000000000178 ) ) ;
#5630 = CARTESIAN_POINT ( 'NONE',  ( 13.26796875000000853, 18.76487152992169527, -11.50000000000000178 ) ) ;
#5631 = CARTESIAN_POINT ( 'NONE',  ( 11.32168957449737690, 17.92601909702405294, -11.50000000000000355 ) ) ;
#5632 = ORIENTED_EDGE ( 'NONE', *, *, #4056, .F. ) ;
#5633 = EDGE_LOOP ( 'NONE', ( #4127, #3201, #608, #2768 ) ) ;
#5634 = ADVANCED_FACE ( 'NONE', ( #4331 ), #4829, .T. ) ;
#5635 = CARTESIAN_POINT ( 'NONE',  ( -2.833996959853145814, 19.27364433807817790, -11.49000000000000377 ) ) ;
#5636 = CARTESIAN_POINT ( 'NONE',  ( -8.628060801573221639, 16.54839569172872515, -11.49999999999999822 ) ) ;
#5637 = CARTESIAN_POINT ( 'NONE',  ( 16.23222717183030284, 18.10399496886857307, -11.49000000000000199 ) ) ;
#5638 = ORIENTED_EDGE ( 'NONE', *, *, #2275, .T. ) ;
#5639 = CARTESIAN_POINT ( 'NONE',  ( 15.34101562500000782, 22.27463715492169172, -11.49000000000000021 ) ) ;
#5640 = FACE_OUTER_BOUND ( 'NONE', #4717, .T. ) ;
#5641 = ORIENTED_EDGE ( 'NONE', *, *, #3227, .T. ) ;
#5642 = CARTESIAN_POINT ( 'NONE',  ( -12.36796875000000462, 16.91448090492170664, -11.50000000000000533 ) ) ;
#5643 = CARTESIAN_POINT ( 'NONE',  ( 3.649218749999998845, 21.58557465492169669, -11.50000000000000000 ) ) ;
#5644 = CARTESIAN_POINT ( 'NONE',  ( 11.87277351218987143, 18.43283741680380672, -11.48999999999999666 ) ) ;
#5645 = CARTESIAN_POINT ( 'NONE',  ( 9.375000000000005329, 20.10198090492169598, -11.49999999999999467 ) ) ;
#5646 = CARTESIAN_POINT ( 'NONE',  ( -4.873297550146872048, 22.27345190035839551, -11.49999999999999822 ) ) ;
#5647 = CARTESIAN_POINT ( 'NONE',  ( 17.00000000000000000, 1.500000000000000000, -6.499999999999997335 ) ) ;
#5648 = VERTEX_POINT ( 'NONE', #75 ) ;
#5649 = ORIENTED_EDGE ( 'NONE', *, *, #2142, .F. ) ;
#5650 = EDGE_CURVE ( 'NONE', #4872, #3030, #5033, .T. ) ;
#5651 = CARTESIAN_POINT ( 'NONE',  ( -8.764952704362604763, 19.90542631826507858, -11.48999999999999844 ) ) ;
#5652 = B_SPLINE_SURFACE_WITH_KNOTS ( 'NONE', 3, 1, ( 
 ( #5445, #4476 ),
 ( #3361, #2836 ),
 ( #1964, #2968 ),
 ( #4979, #4944 ),
 ( #479, #6492 ),
 ( #1469, #1997 ),
 ( #938, #6460 ),
 ( #2935, #3329 ),
 ( #5839, #5381 ),
 ( #4441, #411 ),
 ( #5967, #871 ) ),
 .UNSPECIFIED., .F., .F., .F.,
 ( 4, 1, 1, 1, 1, 1, 1, 1, 4 ),
 ( 2, 2 ),
 ( 0.000000000000000000, 0.1207647259581532823, 0.2345280218828251495, 0.3468699610545343814, 0.4633449700776289815, 0.5844418861673634780, 0.7101572165996402619, 0.8469849829579410017, 1.000000000000000000 ),
 ( 0.000000000000000000, 1.000000000000000000 ),
 .UNSPECIFIED. ) ;
#5653 = CARTESIAN_POINT ( 'NONE',  ( -10.84592816874557464, 19.72438149625365966, -11.48999999999999844 ) ) ;
#5654 = CARTESIAN_POINT ( 'NONE',  ( -5.929940225151561606, 19.69661177925062034, -11.49000000000000199 ) ) ;
#5655 = DIRECTION ( 'NONE',  ( -0.000000000000000000, -0.000000000000000000, -1.000000000000000000 ) ) ;
#5656 = CARTESIAN_POINT ( 'NONE',  ( -4.397051897998232484, 22.25896382419193031, -11.49000000000000199 ) ) ;
#5657 = CARTESIAN_POINT ( 'NONE',  ( -4.406919823344578546, 19.15430414204464071, -11.49999999999999467 ) ) ;
#5658 = CARTESIAN_POINT ( 'NONE',  ( -4.270947604230456385, 21.43915444373287471, -11.49000000000000021 ) ) ;
#5659 = LINE ( 'NONE', #5030, #777 ) ;
#5660 = CARTESIAN_POINT ( 'NONE',  ( 4.408171892307494844, 22.26854095515639997, -11.50000000000000178 ) ) ;
#5661 = FACE_BOUND ( 'NONE', #2641, .T. ) ;
#5662 = DIRECTION ( 'NONE',  ( -3.016910393003144338E-16, 0.000000000000000000, 1.000000000000000000 ) ) ;
#5663 = ORIENTED_EDGE ( 'NONE', *, *, #3344, .T. ) ;
#5664 = CARTESIAN_POINT ( 'NONE',  ( -17.24503552687892594, 17.01660548872045453, -11.49999999999999467 ) ) ;
#5665 = CARTESIAN_POINT ( 'NONE',  ( -7.872076678875144395, 22.19062853177088357, -11.49000000000000199 ) ) ;
#5666 = ORIENTED_EDGE ( 'NONE', *, *, #2432, .F. ) ;
#5667 = CARTESIAN_POINT ( 'NONE',  ( -18.00000000000000000, 29.00000000000000000, -11.50000000000000000 ) ) ;
#5668 = CARTESIAN_POINT ( 'NONE',  ( -6.388763680472631101, 20.43033893542257218, -11.49999999999999822 ) ) ;
#5669 = FILL_AREA_STYLE_COLOUR ( '', #4342 ) ;
#5670 = LINE ( 'NONE', #1167, #1516 ) ;
#5671 = CARTESIAN_POINT ( 'NONE',  ( -4.702734375000002132, 22.27463715492169527, -11.50000000000000000 ) ) ;
#5672 = CARTESIAN_POINT ( 'NONE',  ( 11.77135406268894791, 18.17256919507022772, -11.48999999999999844 ) ) ;
#5673 = CARTESIAN_POINT ( 'NONE',  ( 8.627945980358298073, 21.40140606603167583, -11.49999999999999467 ) ) ;
#5674 = CARTESIAN_POINT ( 'NONE',  ( 10.88210612089360652, 18.46394279804733785, -11.50000000000000355 ) ) ;
#5675 = CARTESIAN_POINT ( 'NONE',  ( 9.845692716699241842, 18.52654456751545098, -11.49000000000000021 ) ) ;
#5676 = ORIENTED_EDGE ( 'NONE', *, *, #649, .T. ) ;
#5677 = CARTESIAN_POINT ( 'NONE',  ( -8.759765625000000000, 20.10549652992169811, -11.49999999999999822 ) ) ;
#5678 = DIRECTION ( 'NONE',  ( 0.000000000000000000, 0.000000000000000000, -1.000000000000000000 ) ) ;
#5679 = CARTESIAN_POINT ( 'NONE',  ( 1.202988555676120841, 22.18102602668184176, -11.49000000000000199 ) ) ;
#5680 = EDGE_CURVE ( 'NONE', #2283, #12, #597, .T. ) ;
#5681 = LINE ( 'NONE', #2133, #2326 ) ;
#5682 = CARTESIAN_POINT ( 'NONE',  ( -5.886760640257551636, 21.99780184687784867, -11.49000000000000377 ) ) ;
#5683 = CARTESIAN_POINT ( 'NONE',  ( -3.961769243002169816, 19.42232574142690993, -11.49000000000000377 ) ) ;
#5684 = CARTESIAN_POINT ( 'NONE',  ( 6.229664960310409505, 20.77362333626506441, -11.49000000000000021 ) ) ;
#5685 = CARTESIAN_POINT ( 'NONE',  ( 5.174999999999998934, 21.51057465492169385, -11.50000000000000000 ) ) ;
#5686 = B_SPLINE_CURVE_WITH_KNOTS ( 'NONE', 3,
 ( #4298, #325, #5365, #5304, #5914, #1319, #3845, #1847, #853, #2848, #1949, #4923, #794, #6374, #3874 ),
 .UNSPECIFIED., .F., .F.,
 ( 4, 1, 1, 1, 1, 1, 1, 1, 1, 1, 1, 1, 4 ),
 ( 0.000000000000000000, 0.1684673813659651742, 0.3179729882275093011, 0.4479107242068904315, 0.5596359639632410010, 0.6108618038833495412, 0.6608470842886752239, 0.7106042552350877450, 0.7627674048676978957, 0.8159543999416577487, 0.8736188725451894399, 0.9347657801476173534, 1.000000000000000000 ),
 .UNSPECIFIED. ) ;
#5687 = CARTESIAN_POINT ( 'NONE',  ( -8.735950081241741216, 21.59804332957818929, -11.50000000000000178 ) ) ;
#5688 = CARTESIAN_POINT ( 'NONE',  ( -2.925625737489226275, 17.20542575748299896, -11.48999999999999844 ) ) ;
#5689 = CARTESIAN_POINT ( 'NONE',  ( -10.11914062500000178, 17.92463715492169740, -11.50000000000000000 ) ) ;
#5690 = ORIENTED_EDGE ( 'NONE', *, *, #2604, .F. ) ;
#5691 = CARTESIAN_POINT ( 'NONE',  ( -17.25000000000000711, 16.91448090492170664, -11.49000000000000199 ) ) ;
#5692 = FACE_OUTER_BOUND ( 'NONE', #6142, .T. ) ;
#5693 = EDGE_CURVE ( 'NONE', #1230, #2657, #2015, .T. ) ;
#5694 = B_SPLINE_CURVE_WITH_KNOTS ( 'NONE', 3,
 ( #1956, #1428, #2771, #963, #4431, #1884, #252, #285, #2467, #2286, #4467, #2399, #6412, #4968, #2256 ),
 .UNSPECIFIED., .F., .F.,
 ( 4, 1, 1, 1, 1, 1, 1, 1, 1, 1, 1, 1, 4 ),
 ( 0.000000000000000000, 0.09144283471754066639, 0.1752920839744965820, 0.2516320278306400926, 0.3257546577084812212, 0.3980744499474747622, 0.4703179028124129246, 0.5426904982166894653, 0.6169732944826005205, 0.6974227314954382084, 0.7877446719431895339, 0.8888809734303246834, 1.000000000000000000 ),
 .UNSPECIFIED. ) ;
#5695 = VERTEX_POINT ( 'NONE', #4462 ) ;
#5696 = CARTESIAN_POINT ( 'NONE',  ( -7.650000000000001243, 21.65705902992169740, -11.49000000000000021 ) ) ;
#5697 = CARTESIAN_POINT ( 'NONE',  ( -6.588340197333287129, 20.60389825835495614, -11.49999999999999467 ) ) ;
#5698 = CARTESIAN_POINT ( 'NONE',  ( -8.700000000000001066, 21.55862152992169811, -11.50000000000000000 ) ) ;
#5699 = CARTESIAN_POINT ( 'NONE',  ( -6.053329962992404667, 21.88684310271047195, -11.48999999999999844 ) ) ;
#5700 = CARTESIAN_POINT ( 'NONE',  ( -4.462549902814062719, 18.30047247493244100, -11.49999999999999822 ) ) ;
#5701 = CARTESIAN_POINT ( 'NONE',  ( 14.36101119564740358, 18.03798145675266440, -11.50000000000000000 ) ) ;
#5702 = CARTESIAN_POINT ( 'NONE',  ( 10.09931611764722348, 18.84470270830584582, -11.49000000000000377 ) ) ;
#5703 = EDGE_CURVE ( 'NONE', #5317, #2971, #6021, .T. ) ;
#5704 = LINE ( 'NONE', #3700, #4672 ) ;
#5705 = CARTESIAN_POINT ( 'NONE',  ( -18.50000000000000000, 32.50000000000000000, -11.50000000000000000 ) ) ;
#5706 = ORIENTED_EDGE ( 'NONE', *, *, #1038, .F. ) ;
#5707 = CARTESIAN_POINT ( 'NONE',  ( -9.410578371771427086, 21.37033190675194660, -11.49000000000000021 ) ) ;
#5708 = VECTOR ( 'NONE', #6247, 1000.000000000000227 ) ;
#5709 = CARTESIAN_POINT ( 'NONE',  ( -9.976073945950373556, 18.75564692172240910, -11.49000000000000199 ) ) ;
#5710 = CARTESIAN_POINT ( 'NONE',  ( 5.141887886480998482, 21.84009299288469919, -11.49999999999999645 ) ) ;
#5711 = CARTESIAN_POINT ( 'NONE',  ( -5.859087889574419172, 20.54964524589858499, -11.50000000000000355 ) ) ;
#5712 = CARTESIAN_POINT ( 'NONE',  ( 12.27416268687857048, 22.16914315059938900, -11.49999999999999822 ) ) ;
#5713 = CARTESIAN_POINT ( 'NONE',  ( -6.478115190613704222, 21.42376273697907507, -11.49000000000000021 ) ) ;
#5714 = CIRCLE ( 'NONE', #3288, 2.750000000000002665 ) ;
#5715 = CARTESIAN_POINT ( 'NONE',  ( 9.211482446583874051, 19.30137134904422780, -11.49000000000000199 ) ) ;
#5716 = CARTESIAN_POINT ( 'NONE',  ( 0.5308966515765166649, 16.51497920461360280, -11.49000000000000021 ) ) ;
#5717 = AXIS2_PLACEMENT_3D ( 'NONE', #2240, #1712, #732 ) ;
#5718 = CARTESIAN_POINT ( 'NONE',  ( -3.377343750000002309, 16.42463715492170095, -11.49000000000000021 ) ) ;
#5719 = CARTESIAN_POINT ( 'NONE',  ( -9.326043371939929827, 18.08664341820409760, -11.50000000000000533 ) ) ;
#5720 = EDGE_CURVE ( 'NONE', #2309, #1524, #27, .T. ) ;
#5721 = CARTESIAN_POINT ( 'NONE',  ( -9.853854499799099997, 22.25661288457864018, -11.50000000000000000 ) ) ;
#5722 = LINE ( 'NONE', #134, #5316 ) ;
#5723 = VECTOR ( 'NONE', #1085, 1000.000000000000000 ) ;
#5724 = FACE_OUTER_BOUND ( 'NONE', #542, .T. ) ;
#5725 = ORIENTED_EDGE ( 'NONE', *, *, #5008, .T. ) ;
#5726 = CARTESIAN_POINT ( 'NONE',  ( -17.01974375802461381, 17.32962027800230587, -11.49999999999999289 ) ) ;
#5727 = CARTESIAN_POINT ( 'NONE',  ( -19.50000000000000000, 27.25644042258373645, 0.000000000000000000 ) ) ;
#5728 = CARTESIAN_POINT ( 'NONE',  ( -10.35363036209202114, 21.29868488873623633, -11.49000000000000377 ) ) ;
#5729 = VECTOR ( 'NONE', #6390, 999.9999999999998863 ) ;
#5730 = ORIENTED_EDGE ( 'NONE', *, *, #4249, .F. ) ;
#5731 = LINE ( 'NONE', #3755, #1308 ) ;
#5732 = ADVANCED_FACE ( 'NONE', ( #1521 ), #6118, .T. ) ;
#5733 = CARTESIAN_POINT ( 'NONE',  ( -6.466631145938009695, 20.47505413184716261, -11.49000000000000021 ) ) ;
#5734 = CARTESIAN_POINT ( 'NONE',  ( 8.518459504419649164, 18.76945969719075080, -11.50000000000000000 ) ) ;
#5735 = EDGE_CURVE ( 'NONE', #2216, #2359, #2532, .T. ) ;
#5736 = CARTESIAN_POINT ( 'NONE',  ( -3.795718036443303856, 20.93277426385076723, -11.49999999999999822 ) ) ;
#5737 = CARTESIAN_POINT ( 'NONE',  ( -4.543792325670077403, 18.30217358317262111, -11.50000000000000000 ) ) ;
#5738 = CARTESIAN_POINT ( 'NONE',  ( -8.214709183129825121, 16.27635569901207546, -11.50000000000000000 ) ) ;
#5739 = CARTESIAN_POINT ( 'NONE',  ( 10.90951292977458387, 18.57456085419350345, -11.50000000000000178 ) ) ;
#5740 = CARTESIAN_POINT ( 'NONE',  ( -9.286481581196520452, 21.30597294682259957, -11.49000000000000021 ) ) ;
#5741 = ORIENTED_EDGE ( 'NONE', *, *, #2061, .F. ) ;
#5742 = EDGE_CURVE ( 'NONE', #5393, #373, #5722, .T. ) ;
#5743 = CARTESIAN_POINT ( 'NONE',  ( 9.982302117551995480, 18.67851055476619138, -11.50000000000000355 ) ) ;
#5744 = PLANE ( 'NONE',  #350 ) ;
#5745 = CARTESIAN_POINT ( 'NONE',  ( 4.934869554255670643, 22.17201425467807141, -11.50000000000000533 ) ) ;
#5746 = CARTESIAN_POINT ( 'NONE',  ( 11.00625000000000675, 18.86916840492169456, -11.49000000000000021 ) ) ;
#5747 = CARTESIAN_POINT ( 'NONE',  ( -3.877378409351003974, 19.53275925554877190, -11.49999999999999467 ) ) ;
#5748 = DIRECTION ( 'NONE',  ( 0.000000000000000000, 0.000000000000000000, -1.000000000000000000 ) ) ;
#5749 = CARTESIAN_POINT ( 'NONE',  ( 9.149390475328367245, 19.19939589459425022, -11.49000000000000377 ) ) ;
#5750 = CARTESIAN_POINT ( 'NONE',  ( -16.65703125000000284, 16.42463715492170451, -11.49000000000000021 ) ) ;
#5751 = CARTESIAN_POINT ( 'NONE',  ( 8.361057955483211401, 17.92610446859559303, -11.49999999999999822 ) ) ;
#5752 = DIRECTION ( 'NONE',  ( -1.000000000000000000, 0.000000000000000000, -0.000000000000000000 ) ) ;
#5753 = CARTESIAN_POINT ( 'NONE',  ( -2.860835143954505888, 17.13919680494282005, -11.49000000000000199 ) ) ;
#5754 = CARTESIAN_POINT ( 'NONE',  ( 10.09754831568043976, 21.35948247765526276, -11.48999999999999666 ) ) ;
#5755 = CARTESIAN_POINT ( 'NONE',  ( -16.91525667941128219, 17.37160354218315916, -11.49000000000000732 ) ) ;
#5756 = DIRECTION ( 'NONE',  ( 0.000000000000000000, 1.000000000000000000, 3.988882736066427264E-13 ) ) ;
#5757 = CARTESIAN_POINT ( 'NONE',  ( -10.57288755515223855, 21.10632152843301768, -11.50000000000000000 ) ) ;
#5758 = ORIENTED_EDGE ( 'NONE', *, *, #3675, .F. ) ;
#5759 = DIRECTION ( 'NONE',  ( -0.000000000000000000, -1.000000000000000000, -0.000000000000000000 ) ) ;
#5760 = LINE ( 'NONE', #2152, #4143 ) ;
#5761 = EDGE_CURVE ( 'NONE', #2281, #3795, #4660, .T. ) ;
#5762 = LINE ( 'NONE', #272, #5528 ) ;
#5763 = CARTESIAN_POINT ( 'NONE',  ( -6.370742939318219555, 21.58790833981658608, -11.49000000000000021 ) ) ;
#5764 = LINE ( 'NONE', #5309, #5811 ) ;
#5765 = CARTESIAN_POINT ( 'NONE',  ( 14.01965568693688802, 17.92575440270504927, -11.50000000000000355 ) ) ;
#5766 = DIRECTION ( 'NONE',  ( -0.1713411747512473826, 0.9852117548196744901, 0.000000000000000000 ) ) ;
#5767 = CARTESIAN_POINT ( 'NONE',  ( -3.309676284114030587, 17.32301322326613757, -11.50000000000000178 ) ) ;
#5768 = ORIENTED_EDGE ( 'NONE', *, *, #664, .F. ) ;
#5769 = ORIENTED_EDGE ( 'NONE', *, *, #1752, .F. ) ;
#5770 = VERTEX_POINT ( 'NONE', #2143 ) ;
#5771 = CARTESIAN_POINT ( 'NONE',  ( 8.744564583403981572, 17.96146060564673519, -11.50000000000000355 ) ) ;
#5772 = CARTESIAN_POINT ( 'NONE',  ( -12.36796875000000462, 16.91448090492170664, -11.49000000000000199 ) ) ;
#5773 = CARTESIAN_POINT ( 'NONE',  ( -7.860104242765968863, 16.35919383071468403, -11.50000000000000000 ) ) ;
#5774 = CARTESIAN_POINT ( 'NONE',  ( -6.054451246166498102, 20.42085206762271810, -11.50000000000000000 ) ) ;
#5775 = EDGE_CURVE ( 'NONE', #5695, #1960, #5263, .T. ) ;
#5776 = DIRECTION ( 'NONE',  ( -0.000000000000000000, -0.000000000000000000, -1.000000000000000000 ) ) ;
#5777 = CARTESIAN_POINT ( 'NONE',  ( 0.4065949823226485127, 21.88778552912956599, -11.49999999999999822 ) ) ;
#5778 = CARTESIAN_POINT ( 'NONE',  ( 9.375000000000005329, 20.10198090492169598, -11.49000000000000021 ) ) ;
#5779 = CARTESIAN_POINT ( 'NONE',  ( -4.537275095268996417, 19.12925863282021766, -11.50000000000000178 ) ) ;
#5780 = FACE_OUTER_BOUND ( 'NONE', #3378, .T. ) ;
#5781 = CARTESIAN_POINT ( 'NONE',  ( 19.50000000000000000, 9.635781669160060403, -9.500000000000000000 ) ) ;
#5782 = CARTESIAN_POINT ( 'NONE',  ( 7.593032020368364776, 18.99452613146981861, -11.49000000000000554 ) ) ;
#5783 = CARTESIAN_POINT ( 'NONE',  ( 9.304408789372740074, 20.66416713190449173, -11.49000000000000021 ) ) ;
#5784 = B_SPLINE_SURFACE_WITH_KNOTS ( 'NONE', 3, 1, ( 
 ( #3819, #5342 ),
 ( #829, #4899 ),
 ( #3287, #435 ),
 ( #5310, #2889 ),
 ( #4864, #2794 ),
 ( #1427, #6410 ),
 ( #1292, #2364 ),
 ( #800, #1788 ),
 ( #3423, #3913 ),
 ( #3386, #5919 ),
 ( #5434, #4800 ),
 ( #1818, #929 ),
 ( #4277, #5370 ),
 ( #6282, #304 ),
 ( #4304, #6314 ),
 ( #1325, #1852 ),
 ( #2330, #4335 ),
 ( #6346, #3851 ),
 ( #401, #5856 ) ),
 .UNSPECIFIED., .F., .F., .F.,
 ( 4, 1, 1, 1, 1, 1, 1, 1, 1, 1, 1, 1, 1, 1, 1, 1, 4 ),
 ( 2, 2 ),
 ( 0.000000000000000000, 0.06934509125474609681, 0.1360691705493932147, 0.2010092768273394614, 0.2643775462364398310, 0.3258711864582053974, 0.3856138469976116423, 0.4442254057350418783, 0.5025060483271270861, 0.5604830316174098659, 0.6188555617617289561, 0.6783402378718559333, 0.7393029713830031602, 0.8019082134091650715, 0.8655882822637813723, 0.9316781120365649205, 1.000000000000000000 ),
 ( 0.000000000000000000, 1.000000000000000000 ),
 .UNSPECIFIED. ) ;
#5785 = CARTESIAN_POINT ( 'NONE',  ( 1.394106651868799451, 21.89206927103810330, -11.49999999999999822 ) ) ;
#5786 = CARTESIAN_POINT ( 'NONE',  ( -9.592957953052730247, 22.19555939912444487, -11.49000000000000199 ) ) ;
#5787 = ORIENTED_EDGE ( 'NONE', *, *, #2209, .T. ) ;
#5788 = CARTESIAN_POINT ( 'NONE',  ( 12.04223277453295182, 21.86772478521356078, -11.48999999999999844 ) ) ;
#5789 = DIRECTION ( 'NONE',  ( 0.000000000000000000, 0.000000000000000000, 1.000000000000000000 ) ) ;
#5790 = DIRECTION ( 'NONE',  ( 0.000000000000000000, -0.000000000000000000, -1.000000000000000000 ) ) ;
#5791 = LINE ( 'NONE', #3696, #4438 ) ;
#5792 = VERTEX_POINT ( 'NONE', #6243 ) ;
#5793 = CARTESIAN_POINT ( 'NONE',  ( -4.251148630129781836, 22.23639643536670008, -11.50000000000000000 ) ) ;
#5794 = FACE_OUTER_BOUND ( 'NONE', #6170, .T. ) ;
#5795 = LINE ( 'NONE', #4370, #4976 ) ;
#5796 = CARTESIAN_POINT ( 'NONE',  ( -5.929940225151561606, 19.69661177925062034, -11.49000000000000199 ) ) ;
#5797 = VERTEX_POINT ( 'NONE', #3749 ) ;
#5798 = ORIENTED_EDGE ( 'NONE', *, *, #383, .F. ) ;
#5799 = ORIENTED_EDGE ( 'NONE', *, *, #153, .F. ) ;
#5800 = CARTESIAN_POINT ( 'NONE',  ( -9.679697314631923177, 21.44420630292694341, -11.49000000000000199 ) ) ;
#5801 = CARTESIAN_POINT ( 'NONE',  ( -12.92134550466914611, 16.42586727114634471, -11.49000000000000021 ) ) ;
#5802 = B_SPLINE_CURVE_WITH_KNOTS ( 'NONE', 3,
 ( #4251, #766, #184, #2215, #4739, #2280, #1205, #2797, #3290, #5767, #3234 ),
 .UNSPECIFIED., .F., .F.,
 ( 4, 1, 1, 1, 1, 1, 1, 1, 4 ),
 ( 0.000000000000000000, 0.1167177931766946730, 0.2264714021850093295, 0.3332044739792578980, 0.4447606415483560394, 0.5636775577731490960, 0.6930940638054658987, 0.8376492646978677126, 1.000000000000000000 ),
 .UNSPECIFIED. ) ;
#5803 = ADVANCED_FACE ( 'NONE', ( #3217 ), #5125, .T. ) ;
#5804 = CARTESIAN_POINT ( 'NONE',  ( -15.03745510055063406, 22.23531663259198154, -11.50000000000000355 ) ) ;
#5805 = DIRECTION ( 'NONE',  ( -0.000000000000000000, -0.000000000000000000, -1.000000000000000000 ) ) ;
#5806 = VECTOR ( 'NONE', #6111, 1000.000000000000000 ) ;
#5807 = EDGE_CURVE ( 'NONE', #2283, #3592, #1943, .T. ) ;
#5808 = CARTESIAN_POINT ( 'NONE',  ( 16.30496483577244859, 18.02270854281000823, -11.49999999999999822 ) ) ;
#5809 = CARTESIAN_POINT ( 'NONE',  ( 7.269930957599855859, 20.65591171887442812, -11.49000000000000021 ) ) ;
#5810 = CARTESIAN_POINT ( 'NONE',  ( -2.815604608661716135, 16.68173815301979701, -11.49000000000000377 ) ) ;
#5811 = VECTOR ( 'NONE', #243, 1000.000000000000000 ) ;
#5812 = ORIENTED_EDGE ( 'NONE', *, *, #515, .T. ) ;
#5813 = CARTESIAN_POINT ( 'NONE',  ( 7.489410526928364398, 19.10354926661644015, -11.49999999999999822 ) ) ;
#5814 = CYLINDRICAL_SURFACE ( 'NONE', #687, 1.250000000000001110 ) ;
#5815 = CARTESIAN_POINT ( 'NONE',  ( -3.675000000000002487, 20.30471527992169811, -11.49000000000000021 ) ) ;
#5816 = EDGE_CURVE ( 'NONE', #6288, #5393, #1342, .T. ) ;
#5817 = CARTESIAN_POINT ( 'NONE',  ( 10.19679172776003639, 21.17755433662111031, -11.49000000000000377 ) ) ;
#5818 = CIRCLE ( 'NONE', #4332, 0.5000000000000004441 ) ;
#5819 = CARTESIAN_POINT ( 'NONE',  ( 4.533298619178486533, 16.27996192419572097, -11.48999999999999666 ) ) ;
#5820 = ORIENTED_EDGE ( 'NONE', *, *, #1312, .T. ) ;
#5821 = CARTESIAN_POINT ( 'NONE',  ( 0.8518482242832962070, 16.30090487375405672, -11.49999999999999822 ) ) ;
#5822 = AXIS2_PLACEMENT_3D ( 'NONE', #5859, #3352, #5373 ) ;
#5823 = CARTESIAN_POINT ( 'NONE',  ( -15.29173676146719529, 21.99883603846322089, -11.49000000000000199 ) ) ;
#5824 = CARTESIAN_POINT ( 'NONE',  ( -7.679790531421367916, 16.62805301437345307, -11.49000000000000021 ) ) ;
#5825 = EDGE_CURVE ( 'NONE', #6307, #5347, #4819, .T. ) ;
#5826 = CARTESIAN_POINT ( 'NONE',  ( -3.947038845884647706, 21.18124755587875541, -11.49000000000000199 ) ) ;
#5827 = ORIENTED_EDGE ( 'NONE', *, *, #926, .T. ) ;
#5828 = VECTOR ( 'NONE', #4961, 1000.000000000000000 ) ;
#5829 = CARTESIAN_POINT ( 'NONE',  ( 8.962470753568776871, 22.19249872428731507, -11.49000000000000199 ) ) ;
#5830 = PLANE ( 'NONE',  #458 ) ;
#5831 = CARTESIAN_POINT ( 'NONE',  ( -11.64858845515074215, 21.31744465673153499, -11.49000000000000199 ) ) ;
#5832 = CARTESIAN_POINT ( 'NONE',  ( -15.37500000000000355, 21.56682465492170664, -11.49000000000000021 ) ) ;
#5833 = EDGE_LOOP ( 'NONE', ( #3929 ) ) ;
#5834 = ORIENTED_EDGE ( 'NONE', *, *, #5065, .F. ) ;
#5835 = ORIENTED_EDGE ( 'NONE', *, *, #1270, .T. ) ;
#5836 = CARTESIAN_POINT ( 'NONE',  ( -8.764861908969747262, 20.31608008042677938, -11.49000000000000021 ) ) ;
#5837 = CARTESIAN_POINT ( 'NONE',  ( -8.175000000000002487, 16.27463715492169882, -11.50000000000000000 ) ) ;
#5838 = CARTESIAN_POINT ( 'NONE',  ( -11.92500000000000249, 20.05276215492170166, -11.49999999999999822 ) ) ;
#5839 = CARTESIAN_POINT ( 'NONE',  ( -8.695600969184141604, 21.79919949933740497, -11.49000000000000021 ) ) ;
#5840 = CARTESIAN_POINT ( 'NONE',  ( 0.7886910710509628109, 22.26934658754292684, -11.49999999999999467 ) ) ;
#5841 = CARTESIAN_POINT ( 'NONE',  ( 11.92148437500000568, 18.59494965492169172, -11.49000000000000021 ) ) ;
#5842 = PLANE ( 'NONE',  #6326 ) ;
#5843 = CARTESIAN_POINT ( 'NONE',  ( 8.361057955483211401, 17.92610446859559303, -11.48999999999999844 ) ) ;
#5844 = CARTESIAN_POINT ( 'NONE',  ( 5.174999999999998934, 16.94729340492169456, -11.49000000000000021 ) ) ;
#5845 = CARTESIAN_POINT ( 'NONE',  ( 7.593032020368364776, 18.99452613146981861, -11.50000000000000533 ) ) ;
#5846 = CARTESIAN_POINT ( 'NONE',  ( -10.85885149896936497, 22.11479564042220147, -11.49000000000000021 ) ) ;
#5847 = CARTESIAN_POINT ( 'NONE',  ( 17.02104482637749783, 18.12408831113945240, -11.49000000000000377 ) ) ;
#5848 = CARTESIAN_POINT ( 'NONE',  ( -12.44949757828969261, 17.19723294916174083, -11.50000000000000178 ) ) ;
#5849 = ORIENTED_EDGE ( 'NONE', *, *, #622, .T. ) ;
#5850 = CARTESIAN_POINT ( 'NONE',  ( 0.7612157550165771225, 16.33583372566101843, -11.49999999999999467 ) ) ;
#5851 = CARTESIAN_POINT ( 'NONE',  ( 11.35429687500000639, 17.92463715492169385, -11.49000000000000021 ) ) ;
#5852 = CARTESIAN_POINT ( 'NONE',  ( 19.50000000000000000, 1.500000000000000000, 3.061616997868376239E-16 ) ) ;
#5853 = CARTESIAN_POINT ( 'NONE',  ( -16.70247708824011923, 16.42598660450296322, -11.49000000000000021 ) ) ;
#5854 = VERTEX_POINT ( 'NONE', #3838 ) ;
#5855 = CARTESIAN_POINT ( 'NONE',  ( 9.165875709068485477, 22.12369967496892897, -11.48999999999999311 ) ) ;
#5856 = CARTESIAN_POINT ( 'NONE',  ( 8.281640625000004974, 17.92463715492169385, -11.50000000000000178 ) ) ;
#5857 = VERTEX_POINT ( 'NONE', #1449 ) ;
#5858 = CARTESIAN_POINT ( 'NONE',  ( 1.753854340919939192, 16.83375182170417617, -11.50000000000000000 ) ) ;
#5859 = CARTESIAN_POINT ( 'NONE',  ( -5.233593750000003375, 17.32463715492169598, -11.49000000000000021 ) ) ;
#5860 = ORIENTED_EDGE ( 'NONE', *, *, #5179, .T. ) ;
#5861 = ORIENTED_EDGE ( 'NONE', *, *, #2839, .T. ) ;
#5862 = ORIENTED_EDGE ( 'NONE', *, *, #2708, .T. ) ;
#5863 = CARTESIAN_POINT ( 'NONE',  ( 11.90441820591260580, 18.53815257297222274, -11.49000000000000021 ) ) ;
#5864 = CARTESIAN_POINT ( 'NONE',  ( -2.786518862491108361, 16.77660964672996613, -11.50000000000000000 ) ) ;
#5865 = CARTESIAN_POINT ( 'NONE',  ( -4.541411221933337572, 21.52026453617234836, -11.50000000000000000 ) ) ;
#5866 = CARTESIAN_POINT ( 'NONE',  ( 8.518459504419649164, 18.76945969719075080, -11.49000000000000021 ) ) ;
#5867 = CARTESIAN_POINT ( 'NONE',  ( -21.50000000000000000, 0.000000000000000000, -11.50000000000000000 ) ) ;
#5868 = CARTESIAN_POINT ( 'NONE',  ( 0.4506146691972099938, 22.00585104791197111, -11.50000000000000178 ) ) ;
#5869 = CARTESIAN_POINT ( 'NONE',  ( -9.992980421275921898, 22.27233302081862476, -11.48999999999999488 ) ) ;
#5870 = CARTESIAN_POINT ( 'NONE',  ( 8.227964143621068871, 21.44767328375080595, -11.50000000000000000 ) ) ;
#5871 = ORIENTED_EDGE ( 'NONE', *, *, #3394, .F. ) ;
#5872 = ORIENTED_EDGE ( 'NONE', *, *, #5168, .F. ) ;
#5873 = CARTESIAN_POINT ( 'NONE',  ( 7.709679548842720109, 18.90475097457477816, -11.49999999999999822 ) ) ;
#5874 = DIRECTION ( 'NONE',  ( -0.000000000000000000, -0.000000000000000000, -1.000000000000000000 ) ) ;
#5875 = CARTESIAN_POINT ( 'NONE',  ( -3.676581631302196840, 20.36183044285652954, -11.49000000000000199 ) ) ;
#5876 = CARTESIAN_POINT ( 'NONE',  ( 8.962470753568776871, 22.19249872428731507, -11.49999999999999112 ) ) ;
#5877 = ORIENTED_EDGE ( 'NONE', *, *, #3976, .F. ) ;
#5878 = CARTESIAN_POINT ( 'NONE',  ( 12.21911117555220372, 22.12327179257255594, -11.49000000000000732 ) ) ;
#5879 = DIRECTION ( 'NONE',  ( 0.000000000000000000, 0.000000000000000000, -1.000000000000000000 ) ) ;
#5880 = CARTESIAN_POINT ( 'NONE',  ( 5.024766766085866365, 22.08491429600184119, -11.49000000000000021 ) ) ;
#5881 = ORIENTED_EDGE ( 'NONE', *, *, #1245, .T. ) ;
#5882 = EDGE_CURVE ( 'NONE', #1983, #106, #5294, .T. ) ;
#5883 = CARTESIAN_POINT ( 'NONE',  ( -9.541920045361832692, 21.41645914881732082, -11.49999999999999822 ) ) ;
#5884 = B_SPLINE_SURFACE_WITH_KNOTS ( 'NONE', 3, 1, ( 
 ( #3071, #4506 ),
 ( #3574, #5120 ),
 ( #1629, #2125 ),
 ( #6071, #512 ),
 ( #6138, #3641 ),
 ( #5997, #1500 ),
 ( #1569, #3541 ),
 ( #5583, #1077 ),
 ( #5554, #3007 ),
 ( #4577, #5014 ),
 ( #2509, #21 ) ),
 .UNSPECIFIED., .F., .F., .F.,
 ( 4, 1, 1, 1, 1, 1, 1, 1, 4 ),
 ( 2, 2 ),
 ( 0.000000000000000000, 0.1115212677575326550, 0.2242751388792771639, 0.3442437123851348479, 0.4753168251380393006, 0.6070653201448058534, 0.7346509229510326255, 0.8647099798115309710, 1.000000000000000000 ),
 ( 0.000000000000000000, 1.000000000000000000 ),
 .UNSPECIFIED. ) ;
#5885 = VERTEX_POINT ( 'NONE', #1377 ) ;
#5886 = CARTESIAN_POINT ( 'NONE',  ( 8.281640625000004974, 22.27463715492169172, -11.49000000000000021 ) ) ;
#5887 = CARTESIAN_POINT ( 'NONE',  ( 13.32568884334423664, 21.58412694597043924, -11.49999999999999822 ) ) ;
#5888 = CARTESIAN_POINT ( 'NONE',  ( 1.844531249999998623, 16.97893402992169598, -11.49000000000000021 ) ) ;
#5889 = CARTESIAN_POINT ( 'NONE',  ( 12.04223277453295182, 21.86772478521356078, -11.49999999999999822 ) ) ;
#5890 = ORIENTED_EDGE ( 'NONE', *, *, #1063, .T. ) ;
#5891 = CARTESIAN_POINT ( 'NONE',  ( 1.753854340919939192, 16.83375182170417617, -11.49000000000000199 ) ) ;
#5892 = CARTESIAN_POINT ( 'NONE',  ( -3.711868579981655980, 18.43935834200401302, -11.49999999999999645 ) ) ;
#5893 = ORIENTED_EDGE ( 'NONE', *, *, #3430, .F. ) ;
#5894 = ORIENTED_EDGE ( 'NONE', *, *, #849, .T. ) ;
#5895 = EDGE_CURVE ( 'NONE', #202, #3911, #3372, .T. ) ;
#5896 = CARTESIAN_POINT ( 'NONE',  ( -6.491194062537248399, 19.41521049992471148, -11.48999999999999844 ) ) ;
#5897 = CARTESIAN_POINT ( 'NONE',  ( 13.60735999448576372, 18.03853498385417353, -11.49999999999999822 ) ) ;
#5898 = CARTESIAN_POINT ( 'NONE',  ( -11.91987864512959305, 19.81249118168217649, -11.48999999999999844 ) ) ;
#5899 = CARTESIAN_POINT ( 'NONE',  ( -17.00000000000000000, 1.500000000000000000, -6.499999999999997335 ) ) ;
#5900 = DIRECTION ( 'NONE',  ( 0.000000000000000000, 0.000000000000000000, -1.000000000000000000 ) ) ;
#5901 = CARTESIAN_POINT ( 'NONE',  ( 5.174999999999998934, 16.94729340492169456, -11.49000000000000021 ) ) ;
#5902 = CARTESIAN_POINT ( 'NONE',  ( -12.44949757828969261, 17.19723294916174083, -11.49000000000000199 ) ) ;
#5903 = EDGE_CURVE ( 'NONE', #1323, #2800, #3868, .T. ) ;
#5904 = PLANE ( 'NONE',  #5090 ) ;
#5905 = CARTESIAN_POINT ( 'NONE',  ( 8.123606376949554786, 21.44385512719211917, -11.49000000000000554 ) ) ;
#5906 = ORIENTED_EDGE ( 'NONE', *, *, #186, .F. ) ;
#5907 = CARTESIAN_POINT ( 'NONE',  ( -5.606816571252361214, 16.42890209704730609, -11.50000000000000000 ) ) ;
#5908 = CARTESIAN_POINT ( 'NONE',  ( 7.977668230894879642, 18.78597620387087019, -11.48999999999999844 ) ) ;
#5909 = CARTESIAN_POINT ( 'NONE',  ( -11.73306993341244286, 21.13195151185152909, -11.49000000000000021 ) ) ;
#5910 = CARTESIAN_POINT ( 'NONE',  ( -10.11914062500000178, 17.92463715492169740, -11.50000000000000000 ) ) ;
#5911 = CARTESIAN_POINT ( 'NONE',  ( 10.42330323072810927, 20.18020130943468970, -11.50000000000000178 ) ) ;
#5912 = VECTOR ( 'NONE', #3949, 1000.000000000000000 ) ;
#5913 = CARTESIAN_POINT ( 'NONE',  ( -6.063446366943315624, 19.70394592453262206, -11.49000000000000021 ) ) ;
#5914 = CARTESIAN_POINT ( 'NONE',  ( 13.19896251363819495, 21.91786500217352796, -11.50000000000000178 ) ) ;
#5915 = CARTESIAN_POINT ( 'NONE',  ( -7.952509825853343983, 16.30891634667927548, -11.50000000000000178 ) ) ;
#5916 = AXIS2_PLACEMENT_3D ( 'NONE', #235, #3659, #4145 ) ;
#5917 = CARTESIAN_POINT ( 'NONE',  ( 14.19512793096407144, 17.95036907361387790, -11.48999999999999844 ) ) ;
#5918 = CARTESIAN_POINT ( 'NONE',  ( 10.41996619819722447, 20.33403721320907920, -11.49000000000000199 ) ) ;
#5919 = CARTESIAN_POINT ( 'NONE',  ( 6.726424494576749957, 18.51797648812046049, -11.49999999999999822 ) ) ;
#5920 = CARTESIAN_POINT ( 'NONE',  ( -7.679790531421367916, 16.62805301437345307, -11.50000000000000000 ) ) ;
#5921 = ADVANCED_FACE ( 'NONE', ( #3901, #919 ), #5814, .F. ) ;
#5922 = DIRECTION ( 'NONE',  ( -0.000000000000000000, -0.000000000000000000, -1.000000000000000000 ) ) ;
#5923 = CIRCLE ( 'NONE', #2252, 2.750000000000002665 ) ;
#5924 = ORIENTED_EDGE ( 'NONE', *, *, #2686, .F. ) ;
#5925 = CARTESIAN_POINT ( 'NONE',  ( -11.92022152941314594, 20.28377100838504177, -11.49000000000000377 ) ) ;
#5926 = CARTESIAN_POINT ( 'NONE',  ( -10.11914062500000178, 17.92463715492169740, -11.49000000000000021 ) ) ;
#5927 = ORIENTED_EDGE ( 'NONE', *, *, #3880, .T. ) ;
#5928 = EDGE_CURVE ( 'NONE', #1147, #2495, #4648, .T. ) ;
#5929 = VECTOR ( 'NONE', #956, 1000.000000000000000 ) ;
#5930 = B_SPLINE_CURVE_WITH_KNOTS ( 'NONE', 3,
 ( #5639, #5241, #699, #4150, #239, #6159, #1135, #2118, #6251, #4116, #1649, #3663, #1164, #2632, #1231 ),
 .UNSPECIFIED., .F., .F.,
 ( 4, 1, 1, 1, 1, 1, 1, 1, 1, 1, 1, 1, 4 ),
 ( 0.000000000000000000, 0.09144283471754066639, 0.1752920839744965820, 0.2516320278306400926, 0.3257546577084812212, 0.3980744499474747622, 0.4703179028124129246, 0.5426904982166894653, 0.6169732944826005205, 0.6974227314954382084, 0.7877446719431895339, 0.8888809734303246834, 1.000000000000000000 ),
 .UNSPECIFIED. ) ;
#5931 = EDGE_LOOP ( 'NONE', ( #3235, #4527, #5893, #3558 ) ) ;
#5932 = CARTESIAN_POINT ( 'NONE',  ( -6.126169280474252687, 19.70011769672222357, -11.50000000000000000 ) ) ;
#5933 = DIRECTION ( 'NONE',  ( 0.000000000000000000, 0.000000000000000000, 1.000000000000000000 ) ) ;
#5934 = CARTESIAN_POINT ( 'NONE',  ( -3.795718036443303856, 20.93277426385076723, -11.50000000000000178 ) ) ;
#5935 = VECTOR ( 'NONE', #2493, 1000.000000000000000 ) ;
#5936 = CARTESIAN_POINT ( 'NONE',  ( -10.11764130073946610, 18.78722046708015014, -11.49000000000000199 ) ) ;
#5937 = CARTESIAN_POINT ( 'NONE',  ( -6.500040872281249271, 19.07190413629842851, -11.48999999999999666 ) ) ;
#5938 = ADVANCED_FACE ( 'NONE', ( #4552 ), #1798, .T. ) ;
#5939 = CARTESIAN_POINT ( 'NONE',  ( 5.169940467096794556, 16.79547338548765012, -11.48999999999999844 ) ) ;
#5940 = CARTESIAN_POINT ( 'NONE',  ( 15.77974138275272864, 22.10417859730510060, -11.48999999999999844 ) ) ;
#5941 = CARTESIAN_POINT ( 'NONE',  ( 3.835206915666061978, 21.85397674549829361, -11.49999999999999289 ) ) ;
#5942 = DIRECTION ( 'NONE',  ( -1.000000000000000000, 0.000000000000000000, 0.000000000000000000 ) ) ;
#5943 = CARTESIAN_POINT ( 'NONE',  ( 14.63624948980018559, 21.51719135141684447, -11.49999999999999112 ) ) ;
#5944 = ORIENTED_EDGE ( 'NONE', *, *, #957, .F. ) ;
#5945 = LINE ( 'NONE', #3970, #2850 ) ;
#5946 = LINE ( 'NONE', #5591, #5723 ) ;
#5947 = CARTESIAN_POINT ( 'NONE',  ( 4.124999999999998224, 20.39963715492169527, -11.50000000000000000 ) ) ;
#5948 = B_SPLINE_SURFACE_WITH_KNOTS ( 'NONE', 3, 1, ( 
 ( #231, #6241 ),
 ( #2109, #3654 ),
 ( #2231, #2140 ),
 ( #1643, #4205 ),
 ( #6209, #1703 ),
 ( #1156, #5719 ),
 ( #4140, #1738 ),
 ( #1223, #4658 ),
 ( #3150, #4106 ),
 ( #3215, #5169 ),
 ( #5231, #166 ) ),
 .UNSPECIFIED., .F., .F., .F.,
 ( 4, 1, 1, 1, 1, 1, 1, 1, 4 ),
 ( 2, 2 ),
 ( 0.000000000000000000, 0.1383740440291235385, 0.2671651029094506691, 0.3873206901099074395, 0.5008494670709819907, 0.6150609520996563884, 0.7350006804250145409, 0.8635399875128016989, 0.9999999999999998890 ),
 ( 0.000000000000000000, 1.000000000000000000 ),
 .UNSPECIFIED. ) ;
#5949 = CARTESIAN_POINT ( 'NONE',  ( 16.71395079490985580, 17.92924307044615873, -11.49999999999999822 ) ) ;
#5950 = DIRECTION ( 'NONE',  ( -0.2845177846736578475, 0.9586707621516334932, 0.000000000000000000 ) ) ;
#5951 = CARTESIAN_POINT ( 'NONE',  ( -7.792796390701621334, 22.12147944308383529, -11.50000000000000178 ) ) ;
#5952 = DIRECTION ( 'NONE',  ( -0.000000000000000000, -0.000000000000000000, -1.000000000000000000 ) ) ;
#5953 = CARTESIAN_POINT ( 'NONE',  ( -8.698480058893435896, 21.71153982016292616, -11.50000000000000178 ) ) ;
#5954 = PLANE ( 'NONE',  #3101 ) ;
#5955 = CARTESIAN_POINT ( 'NONE',  ( -16.65703125000000284, 16.42463715492170451, -11.49000000000000021 ) ) ;
#5956 = ORIENTED_EDGE ( 'NONE', *, *, #6218, .F. ) ;
#5957 = CARTESIAN_POINT ( 'NONE',  ( -10.85885149896936497, 22.11479564042220147, -11.50000000000000000 ) ) ;
#5958 = CARTESIAN_POINT ( 'NONE',  ( 13.08909655217842527, 22.10302106023839031, -11.49999999999999822 ) ) ;
#5959 = CARTESIAN_POINT ( 'NONE',  ( -8.696266277936985034, 16.80991345794307179, -11.49999999999999645 ) ) ;
#5960 = ORIENTED_EDGE ( 'NONE', *, *, #2651, .T. ) ;
#5961 = CARTESIAN_POINT ( 'NONE',  ( 12.72025283575570498, 22.27281997554089799, -11.48999999999999844 ) ) ;
#5962 = EDGE_CURVE ( 'NONE', #5371, #6187, #4956, .T. ) ;
#5963 = CARTESIAN_POINT ( 'NONE',  ( -10.50398501798016859, 17.95682100496516753, -11.49000000000000377 ) ) ;
#5964 = ORIENTED_EDGE ( 'NONE', *, *, #4559, .F. ) ;
#5965 = CARTESIAN_POINT ( 'NONE',  ( 10.42333687698099709, 20.02297681134472995, -11.49999999999999822 ) ) ;
#5966 = CARTESIAN_POINT ( 'NONE',  ( -8.978135172654242879, 19.23404641708368956, -11.50000000000000000 ) ) ;
#5967 = CARTESIAN_POINT ( 'NONE',  ( -8.700000000000002842, 21.66526215492170238, -11.49000000000000199 ) ) ;
#5968 = CARTESIAN_POINT ( 'NONE',  ( -14.33171717360125363, 22.00034184864777842, -11.50000000000000178 ) ) ;
#5969 = CARTESIAN_POINT ( 'NONE',  ( 4.958220513396885742, 16.36567967246961075, -11.48999999999999488 ) ) ;
#5970 = CARTESIAN_POINT ( 'NONE',  ( 15.34101562500000782, 22.27463715492169172, -11.50000000000000000 ) ) ;
#5971 = CARTESIAN_POINT ( 'NONE',  ( 3.649218749999998845, 21.58557465492169669, -11.49999999999999467 ) ) ;
#5972 = CARTESIAN_POINT ( 'NONE',  ( 10.90889070362521274, 18.20581757880656681, -11.50000000000000355 ) ) ;
#5973 = EDGE_CURVE ( 'NONE', #4115, #2873, #554, .T. ) ;
#5974 = ORIENTED_EDGE ( 'NONE', *, *, #3593, .T. ) ;
#5975 = DIRECTION ( 'NONE',  ( 0.000000000000000000, 0.000000000000000000, 1.000000000000000000 ) ) ;
#5976 = CARTESIAN_POINT ( 'NONE',  ( 4.644140624999998579, 16.27463715492169527, -11.50000000000000000 ) ) ;
#5977 = CARTESIAN_POINT ( 'NONE',  ( -12.36955917167179386, 16.94947326950667232, -11.49000000000000199 ) ) ;
#5978 = CARTESIAN_POINT ( 'NONE',  ( 8.202245536801335390, 22.27302936224992536, -11.50000000000000000 ) ) ;
#5979 = ORIENTED_EDGE ( 'NONE', *, *, #5136, .F. ) ;
#5980 = DIRECTION ( 'NONE',  ( -3.016910393003144338E-16, 0.000000000000000000, 1.000000000000000000 ) ) ;
#5981 = LINE ( 'NONE', #1482, #4445 ) ;
#5982 = CARTESIAN_POINT ( 'NONE',  ( -8.666702408368202271, 21.92204201697953891, -11.49999999999999822 ) ) ;
#5983 = CARTESIAN_POINT ( 'NONE',  ( 14.01965568693688802, 17.92575440270504927, -11.49000000000000377 ) ) ;
#5984 = CARTESIAN_POINT ( 'NONE',  ( -2.758924034649033796, 19.44092828958730124, -11.48999999999999311 ) ) ;
#5985 = ORIENTED_EDGE ( 'NONE', *, *, #1660, .F. ) ;
#5986 = CARTESIAN_POINT ( 'NONE',  ( -5.715234375000003197, 20.78284027992169669, -11.50000000000000000 ) ) ;
#5987 = CARTESIAN_POINT ( 'NONE',  ( 9.358448632136816769, 20.39842630130153722, -11.49999999999999822 ) ) ;
#5988 = CARTESIAN_POINT ( 'NONE',  ( -8.628060801573221639, 16.54839569172872515, -11.49999999999999822 ) ) ;
#5989 = ORIENTED_EDGE ( 'NONE', *, *, #685, .T. ) ;
#5990 = CARTESIAN_POINT ( 'NONE',  ( 12.66644559148198468, 22.27401850782007386, -11.48999999999999844 ) ) ;
#5991 = CARTESIAN_POINT ( 'NONE',  ( 1.180092494667325909, 16.28051855963171235, -11.49999999999999822 ) ) ;
#5992 = CARTESIAN_POINT ( 'NONE',  ( -11.73357749988105780, 18.97097199359856035, -11.50000000000000355 ) ) ;
#5993 = ORIENTED_EDGE ( 'NONE', *, *, #825, .T. ) ;
#5994 = CARTESIAN_POINT ( 'NONE',  ( -6.301845363182843940, 19.62776320681376419, -11.49999999999999822 ) ) ;
#5995 = LINE ( 'NONE', #5643, #2038 ) ;
#5996 = CARTESIAN_POINT ( 'NONE',  ( -5.412377077441317574, 18.59286967543061664, -11.48999999999999844 ) ) ;
#5997 = CARTESIAN_POINT ( 'NONE',  ( -6.533902715808285855, 20.53484313693459384, -11.49000000000000554 ) ) ;
#5998 = EDGE_CURVE ( 'NONE', #2971, #2657, #1909, .T. ) ;
#5999 = CARTESIAN_POINT ( 'NONE',  ( -5.159502712859716844, 19.20610819149526449, -11.49999999999999822 ) ) ;
#6000 = FACE_OUTER_BOUND ( 'NONE', #615, .T. ) ;
#6001 = CARTESIAN_POINT ( 'NONE',  ( 4.758361942802976863, 16.28008225954177846, -11.48999999999999844 ) ) ;
#6002 = ORIENTED_EDGE ( 'NONE', *, *, #6008, .T. ) ;
#6003 = CARTESIAN_POINT ( 'NONE',  ( 16.07557629755823214, 21.48251737050280497, -11.50000000000000178 ) ) ;
#6004 = CARTESIAN_POINT ( 'NONE',  ( 1.503092071677253116, 16.46430965963239501, -11.49000000000000199 ) ) ;
#6005 = CARTESIAN_POINT ( 'NONE',  ( 12.62695312500000711, 20.99963715492169669, -11.50000000000000000 ) ) ;
#6006 = CARTESIAN_POINT ( 'NONE',  ( -3.108556802761149651, 17.29865425804394263, -11.48999999999999844 ) ) ;
#6007 = ORIENTED_EDGE ( 'NONE', *, *, #4599, .F. ) ;
#6008 = EDGE_CURVE ( 'NONE', #1268, #2971, #967, .T. ) ;
#6009 = DIRECTION ( 'NONE',  ( 0.000000000000000000, 0.000000000000000000, 1.000000000000000000 ) ) ;
#6010 = CARTESIAN_POINT ( 'NONE',  ( 4.155923524502698641, 16.65715673793820528, -11.49999999999999822 ) ) ;
#6011 = CARTESIAN_POINT ( 'NONE',  ( -5.482887342620917259, 22.17446163889772492, -11.48999999999999844 ) ) ;
#6012 = ADVANCED_FACE ( 'NONE', ( #4346 ), #2377, .F. ) ;
#6013 = CARTESIAN_POINT ( 'NONE',  ( -12.37261909970936991, 17.01679762718747568, -11.49000000000000199 ) ) ;
#6014 = CARTESIAN_POINT ( 'NONE',  ( 7.405194103926028504, 22.12117161190225545, -11.50000000000000178 ) ) ;
#6015 = ORIENTED_EDGE ( 'NONE', *, *, #3730, .F. ) ;
#6016 = DIRECTION ( 'NONE',  ( 1.000000000000000000, 0.000000000000000000, 3.016910393003146803E-16 ) ) ;
#6017 = VECTOR ( 'NONE', #455, 1000.000000000000000 ) ;
#6018 = DIRECTION ( 'NONE',  ( 0.000000000000000000, 0.000000000000000000, 1.000000000000000000 ) ) ;
#6019 = CARTESIAN_POINT ( 'NONE',  ( 11.87277351218987143, 18.43283741680380672, -11.49999999999999645 ) ) ;
#6020 = EDGE_CURVE ( 'NONE', #3082, #4372, #2342, .T. ) ;
#6021 = LINE ( 'NONE', #2596, #2465 ) ;
#6022 = ORIENTED_EDGE ( 'NONE', *, *, #20, .T. ) ;
#6023 = AXIS2_PLACEMENT_3D ( 'NONE', #3758, #1235, #3231 ) ;
#6024 = VERTEX_POINT ( 'NONE', #2407 ) ;
#6025 = CARTESIAN_POINT ( 'NONE',  ( -2.629308924077561116, 19.99222013020360578, -11.48999999999999844 ) ) ;
#6026 = CARTESIAN_POINT ( 'NONE',  ( 16.30496483577244859, 18.02270854281000823, -11.48999999999999844 ) ) ;
#6027 = CARTESIAN_POINT ( 'NONE',  ( 7.039329877785744038, 21.93007160977902359, -11.49999999999999822 ) ) ;
#6028 = CARTESIAN_POINT ( 'NONE',  ( -16.91525667941128219, 17.37160354218315916, -11.50000000000000711 ) ) ;
#6029 = EDGE_LOOP ( 'NONE', ( #6002, #4376, #2328, #5641 ) ) ;
#6030 = CARTESIAN_POINT ( 'NONE',  ( 0.5308966515765166649, 16.51497920461360280, -11.50000000000000000 ) ) ;
#6031 = CARTESIAN_POINT ( 'NONE',  ( -19.50000000000000000, 1.500000000000000000, 3.061616997868379197E-16 ) ) ;
#6032 = EDGE_CURVE ( 'NONE', #6446, #598, #1368, .T. ) ;
#6033 = CARTESIAN_POINT ( 'NONE',  ( -11.65073234797220536, 18.79343818709088154, -11.50000000000000000 ) ) ;
#6034 = ORIENTED_EDGE ( 'NONE', *, *, #1809, .F. ) ;
#6035 = CARTESIAN_POINT ( 'NONE',  ( -4.687500000000002665, 21.52463715492169882, -11.49999999999999645 ) ) ;
#6036 = VECTOR ( 'NONE', #3341, 1000.000000000000000 ) ;
#6037 = DIRECTION ( 'NONE',  ( -0.000000000000000000, -1.000000000000000000, -0.000000000000000000 ) ) ;
#6038 = CARTESIAN_POINT ( 'NONE',  ( 11.92148437500000568, 18.59494965492169172, -11.49000000000000021 ) ) ;
#6039 = CARTESIAN_POINT ( 'NONE',  ( 13.98164062500000604, 17.92463715492169385, -11.49000000000000021 ) ) ;
#6040 = CARTESIAN_POINT ( 'NONE',  ( -3.016580159458559063, 16.48431490229452479, -11.49000000000000199 ) ) ;
#6041 = EDGE_CURVE ( 'NONE', #2321, #3384, #417, .T. ) ;
#6042 = CARTESIAN_POINT ( 'NONE',  ( 15.77974138275272864, 22.10417859730510060, -11.49999999999999822 ) ) ;
#6043 = VECTOR ( 'NONE', #4516, 1000.000000000000000 ) ;
#6044 = CARTESIAN_POINT ( 'NONE',  ( 5.037900082325959872, 16.44081030542728072, -11.49000000000000909 ) ) ;
#6045 = DIRECTION ( 'NONE',  ( 0.2757195846978388043, -0.9612381133798489907, 0.000000000000000000 ) ) ;
#6046 = CARTESIAN_POINT ( 'NONE',  ( -6.209765625000002842, 20.39963715492169882, -11.49000000000000021 ) ) ;
#6047 = ADVANCED_FACE ( 'NONE', ( #2866 ), #797, .T. ) ;
#6048 = CARTESIAN_POINT ( 'NONE',  ( -7.679790531421367916, 16.62805301437345307, -11.49000000000000021 ) ) ;
#6049 = CARTESIAN_POINT ( 'NONE',  ( -8.792269071797925051, 19.71492165504826133, -11.50000000000000178 ) ) ;
#6050 = CARTESIAN_POINT ( 'NONE',  ( -4.548209807301872409, 22.27168417191423799, -11.49999999999999822 ) ) ;
#6051 = ORIENTED_EDGE ( 'NONE', *, *, #946, .F. ) ;
#6052 = CARTESIAN_POINT ( 'NONE',  ( 10.27985149866406012, 20.98289989755864227, -11.49999999999999467 ) ) ;
#6053 = CARTESIAN_POINT ( 'NONE',  ( 0.8999999999999984679, 22.27463715492169172, -11.49000000000000021 ) ) ;
#6054 = FACE_OUTER_BOUND ( 'NONE', #2569, .T. ) ;
#6055 = CARTESIAN_POINT ( 'NONE',  ( -5.688224534225756024, 20.83915864232504589, -11.49000000000000021 ) ) ;
#6056 = CARTESIAN_POINT ( 'NONE',  ( 14.66310399458702918, 18.61756553371917278, -11.49000000000000377 ) ) ;
#6057 = VERTEX_POINT ( 'NONE', #611 ) ;
#6058 = EDGE_LOOP ( 'NONE', ( #6007, #4081, #6214, #2925 ) ) ;
#6059 = CARTESIAN_POINT ( 'NONE',  ( -4.422656250000001954, 18.29963715492169740, -11.49000000000000021 ) ) ;
#6060 = VERTEX_POINT ( 'NONE', #4093 ) ;
#6061 = CARTESIAN_POINT ( 'NONE',  ( 12.99276544605963402, 22.18894480123987378, -11.48999999999999666 ) ) ;
#6062 = CARTESIAN_POINT ( 'NONE',  ( -14.80898437500000320, 22.27463715492170238, -11.49000000000000021 ) ) ;
#6063 = EDGE_CURVE ( 'NONE', #6319, #6024, #2967, .T. ) ;
#6064 = ORIENTED_EDGE ( 'NONE', *, *, #6210, .F. ) ;
#6065 = CARTESIAN_POINT ( 'NONE',  ( 0.8518482242832962070, 16.30090487375405672, -11.50000000000000000 ) ) ;
#6066 = CARTESIAN_POINT ( 'NONE',  ( 1.813867302183741037, 16.92983818289959785, -11.49999999999999645 ) ) ;
#6067 = CARTESIAN_POINT ( 'NONE',  ( 10.41996619819722447, 20.33403721320907920, -11.49000000000000199 ) ) ;
#6068 = EDGE_LOOP ( 'NONE', ( #4774, #5277, #1160, #1061 ) ) ;
#6069 = CARTESIAN_POINT ( 'NONE',  ( -4.401788517603418605, 21.48806138883030314, -11.49000000000000021 ) ) ;
#6070 = CARTESIAN_POINT ( 'NONE',  ( -2.625000000000002220, 20.18752777992169811, -11.49000000000000021 ) ) ;
#6071 = CARTESIAN_POINT ( 'NONE',  ( -6.631368185321384168, 20.67568000638709336, -11.49000000000000021 ) ) ;
#6072 = CARTESIAN_POINT ( 'NONE',  ( -5.067337329267359358, 19.16592405394532861, -11.49999999999999645 ) ) ;
#6073 = B_SPLINE_CURVE_WITH_KNOTS ( 'NONE', 3,
 ( #3000, #505, #4020, #6030, #2059, #1530, #4055, #6065, #3633, #112, #4732 ),
 .UNSPECIFIED., .F., .F.,
 ( 4, 1, 1, 1, 1, 1, 1, 1, 4 ),
 ( 0.000000000000000000, 0.1225096168832608828, 0.2436981574335232159, 0.3685486358588120903, 0.4976223207936145143, 0.6257956481632076517, 0.7515610651654260899, 0.8748715609818468186, 1.000000000000000000 ),
 .UNSPECIFIED. ) ;
#6074 = CARTESIAN_POINT ( 'NONE',  ( 5.100789693158688465, 16.53849321032940978, -11.49000000000000021 ) ) ;
#6075 = DIRECTION ( 'NONE',  ( -0.000000000000000000, -0.000000000000000000, -1.000000000000000000 ) ) ;
#6076 = CARTESIAN_POINT ( 'NONE',  ( -2.782031250000002398, 16.88049652992170024, -11.49000000000000021 ) ) ;
#6077 = CARTESIAN_POINT ( 'NONE',  ( -4.650758484747682608, 22.27364388943000861, -11.49000000000000021 ) ) ;
#6078 = DIRECTION ( 'NONE',  ( -0.000000000000000000, -0.000000000000000000, -1.000000000000000000 ) ) ;
#6079 = CARTESIAN_POINT ( 'NONE',  ( 8.047182398148033045, 22.26988925139868414, -11.49000000000000199 ) ) ;
#6080 = VERTEX_POINT ( 'NONE', #4542 ) ;
#6081 = DIRECTION ( 'NONE',  ( -1.000000000000000000, 0.000000000000000000, 0.000000000000000000 ) ) ;
#6082 = CARTESIAN_POINT ( 'NONE',  ( -3.676259713990201572, 20.24365570182749252, -11.50000000000000355 ) ) ;
#6083 = DIRECTION ( 'NONE',  ( 0.000000000000000000, 0.000000000000000000, 1.000000000000000000 ) ) ;
#6084 = CARTESIAN_POINT ( 'NONE',  ( 11.57824532409120621, 17.95616616804874255, -11.50000000000000000 ) ) ;
#6085 = CARTESIAN_POINT ( 'NONE',  ( 14.28530504919118016, 17.98655517099496137, -11.49000000000000199 ) ) ;
#6086 = ORIENTED_EDGE ( 'NONE', *, *, #5258, .F. ) ;
#6087 = ORIENTED_EDGE ( 'NONE', *, *, #2325, .F. ) ;
#6088 = CARTESIAN_POINT ( 'NONE',  ( -8.806153317557537719, 21.67502612966335818, -11.50000000000000355 ) ) ;
#6089 = ORIENTED_EDGE ( 'NONE', *, *, #1385, .F. ) ;
#6090 = CARTESIAN_POINT ( 'NONE',  ( 16.23222717183030284, 18.10399496886857307, -11.50000000000000355 ) ) ;
#6091 = CARTESIAN_POINT ( 'NONE',  ( 9.260563115154543112, 20.78339848601834561, -11.50000000000000178 ) ) ;
#6092 = CARTESIAN_POINT ( 'NONE',  ( -17.10454055895327485, 17.27000616987065840, -11.50000000000000178 ) ) ;
#6093 = ORIENTED_EDGE ( 'NONE', *, *, #975, .F. ) ;
#6094 = CARTESIAN_POINT ( 'NONE',  ( -6.442379161465907167, 19.49418629230051536, -11.50000000000000178 ) ) ;
#6095 = EDGE_CURVE ( 'NONE', #1189, #2283, #6102, .T. ) ;
#6096 = PLANE ( 'NONE',  #3405 ) ;
#6097 = ADVANCED_FACE ( 'NONE', ( #2067 ), #4978, .T. ) ;
#6098 = CARTESIAN_POINT ( 'NONE',  ( 10.39054351177346369, 20.55973984468463556, -11.49000000000000199 ) ) ;
#6099 = ORIENTED_EDGE ( 'NONE', *, *, #4806, .T. ) ;
#6100 = CARTESIAN_POINT ( 'NONE',  ( -4.541411221933337572, 21.52026453617234836, -11.49000000000000021 ) ) ;
#6101 = CARTESIAN_POINT ( 'NONE',  ( 9.358448632136816769, 20.39842630130153722, -11.48999999999999844 ) ) ;
#6102 = LINE ( 'NONE', #4607, #2677 ) ;
#6103 = CARTESIAN_POINT ( 'NONE',  ( 0.3749999999999983902, 21.60198090492169243, -11.49000000000000021 ) ) ;
#6104 = EDGE_LOOP ( 'NONE', ( #141, #2093, #2145, #2374 ) ) ;
#6105 = ADVANCED_FACE ( 'NONE', ( #4475 ), #5613, .T. ) ;
#6106 = ORIENTED_EDGE ( 'NONE', *, *, #3229, .F. ) ;
#6107 = DIRECTION ( 'NONE',  ( -0.000000000000000000, -0.000000000000000000, -1.000000000000000000 ) ) ;
#6108 = CARTESIAN_POINT ( 'NONE',  ( -10.09854868386118376, 21.41415197799453196, -11.49000000000000199 ) ) ;
#6109 = CARTESIAN_POINT ( 'NONE',  ( 4.552734374999999112, 22.27463715492169172, -11.50000000000000000 ) ) ;
#6110 = CARTESIAN_POINT ( 'NONE',  ( -4.848931830824599665, 21.51869010880963273, -11.48999999999999666 ) ) ;
#6111 = DIRECTION ( 'NONE',  ( -0.000000000000000000, -0.000000000000000000, -1.000000000000000000 ) ) ;
#6112 = CARTESIAN_POINT ( 'NONE',  ( -3.961769243002169816, 19.42232574142690993, -11.50000000000000000 ) ) ;
#6113 = CARTESIAN_POINT ( 'NONE',  ( -8.700000000000001066, 18.59846527992169740, -11.49000000000000021 ) ) ;
#6114 = CARTESIAN_POINT ( 'NONE',  ( -3.480393502476141432, 21.92352645991448412, -11.50000000000000178 ) ) ;
#6115 = ORIENTED_EDGE ( 'NONE', *, *, #981, .F. ) ;
#6116 = DIRECTION ( 'NONE',  ( -0.000000000000000000, 0.000000000000000000, -1.000000000000000000 ) ) ;
#6117 = CARTESIAN_POINT ( 'NONE',  ( 13.87226145303271352, 17.92769838464855781, -11.49000000000000021 ) ) ;
#6118 = B_SPLINE_SURFACE_WITH_KNOTS ( 'NONE', 3, 1, ( 
 ( #4108, #1128 ),
 ( #5983, #2527 ),
 ( #2561, #6121 ),
 ( #3056, #2083 ),
 ( #6085, #1093 ),
 ( #4525, #5068 ),
 ( #1060, #562 ),
 ( #3590, #495 ),
 ( #991, #5138 ),
 ( #3623, #1028 ),
 ( #3122, #6477 ),
 ( #41, #2048 ),
 ( #6056, #1555 ),
 ( #2461, #3979 ),
 ( #1484, #2991 ) ),
 .UNSPECIFIED., .F., .F., .F.,
 ( 4, 1, 1, 1, 1, 1, 1, 1, 1, 1, 1, 1, 4 ),
 ( 2, 2 ),
 ( 0.000000000000000000, 0.09331230189157915800, 0.1788139557885351227, 0.2567339273009175971, 0.3307649674573133192, 0.4020813677358116567, 0.4681085218632481948, 0.5317540578464684531, 0.5927290892851821980, 0.6635265348770722493, 0.7546141175324554418, 0.8675692494122266840, 1.000000000000000000 ),
 ( 0.000000000000000000, 1.000000000000000000 ),
 .UNSPECIFIED. ) ;
#6119 = LINE ( 'NONE', #1611, #2870 ) ;
#6120 = CARTESIAN_POINT ( 'NONE',  ( -8.700000000000001066, 21.55862152992169811, -11.50000000000000000 ) ) ;
#6121 = CARTESIAN_POINT ( 'NONE',  ( 14.09250378377601010, 17.92789537974331182, -11.49999999999999112 ) ) ;
#6122 = ORIENTED_EDGE ( 'NONE', *, *, #83, .T. ) ;
#6123 = ORIENTED_EDGE ( 'NONE', *, *, #778, .T. ) ;
#6124 = ADVANCED_FACE ( 'NONE', ( #1110 ), #5513, .T. ) ;
#6125 = CARTESIAN_POINT ( 'NONE',  ( -2.629308924077561116, 19.99222013020360578, -11.49999999999999822 ) ) ;
#6126 = CARTESIAN_POINT ( 'NONE',  ( -5.688224534225756024, 20.83915864232504589, -11.50000000000000000 ) ) ;
#6127 = CARTESIAN_POINT ( 'NONE',  ( -8.696266277936985034, 16.80991345794307179, -11.49999999999999645 ) ) ;
#6128 = ORIENTED_EDGE ( 'NONE', *, *, #5179, .F. ) ;
#6129 = FACE_OUTER_BOUND ( 'NONE', #6058, .T. ) ;
#6130 = CARTESIAN_POINT ( 'NONE',  ( -6.482812500000002309, 18.96994965492169527, -11.50000000000000000 ) ) ;
#6131 = ADVANCED_FACE ( 'NONE', ( #118 ), #5884, .T. ) ;
#6132 = AXIS2_PLACEMENT_3D ( 'NONE', #516, #2380, #940 ) ;
#6133 = EDGE_LOOP ( 'NONE', ( #645, #5758, #1523, #5374 ) ) ;
#6134 = CARTESIAN_POINT ( 'NONE',  ( -15.37500000000000355, 17.39963715492170238, -11.49000000000000021 ) ) ;
#6135 = CARTESIAN_POINT ( 'NONE',  ( -5.412377077441317574, 18.59286967543061664, -11.48999999999999844 ) ) ;
#6136 = CARTESIAN_POINT ( 'NONE',  ( 11.57824532409120621, 17.95616616804874255, -11.49000000000000021 ) ) ;
#6137 = CARTESIAN_POINT ( 'NONE',  ( 9.003503670946527038, 21.17586959175944017, -11.48999999999999666 ) ) ;
#6138 = CARTESIAN_POINT ( 'NONE',  ( -6.588340197333287129, 20.60389825835495614, -11.48999999999999488 ) ) ;
#6139 = CARTESIAN_POINT ( 'NONE',  ( -9.410578371771427086, 21.37033190675194660, -11.49000000000000021 ) ) ;
#6140 = ORIENTED_EDGE ( 'NONE', *, *, #4919, .F. ) ;
#6141 = VECTOR ( 'NONE', #203, 1000.000000000000000 ) ;
#6142 = EDGE_LOOP ( 'NONE', ( #821, #5649, #4109, #4302 ) ) ;
#6143 = CARTESIAN_POINT ( 'NONE',  ( -9.781893155354641323, 18.75182330661102981, -11.49000000000000377 ) ) ;
#6144 = CARTESIAN_POINT ( 'NONE',  ( -10.22927370390237201, 21.36529250791428680, -11.49000000000000021 ) ) ;
#6145 = CARTESIAN_POINT ( 'NONE',  ( 7.593032020368364776, 18.99452613146981861, -11.49000000000000554 ) ) ;
#6146 = CARTESIAN_POINT ( 'NONE',  ( 1.283178581092863313, 22.10565127842870936, -11.48999999999999666 ) ) ;
#6147 = VECTOR ( 'NONE', #5103, 1000.000000000000227 ) ;
#6148 = CARTESIAN_POINT ( 'NONE',  ( -6.525469500613163554, 19.23361178888550072, -11.49000000000000021 ) ) ;
#6149 = CARTESIAN_POINT ( 'NONE',  ( 10.87876341573932315, 18.28652104434131687, -11.49000000000000021 ) ) ;
#6150 = CARTESIAN_POINT ( 'NONE',  ( 6.150000000000004796, 20.09963715492169456, -11.50000000000000000 ) ) ;
#6151 = CARTESIAN_POINT ( 'NONE',  ( 1.419980295792911518, 21.75506003651286591, -11.49000000000000021 ) ) ;
#6152 = CARTESIAN_POINT ( 'NONE',  ( 11.88164062500000639, 21.43205902992169243, -11.49000000000000021 ) ) ;
#6153 = CARTESIAN_POINT ( 'NONE',  ( -5.635547780162532661, 20.94899522190213403, -11.49000000000000199 ) ) ;
#6154 = VERTEX_POINT ( 'NONE', #1043 ) ;
#6155 = CARTESIAN_POINT ( 'NONE',  ( -17.21700914859031784, 17.11221673541054500, -11.50000000000000178 ) ) ;
#6156 = FACE_OUTER_BOUND ( 'NONE', #6350, .T. ) ;
#6157 = CARTESIAN_POINT ( 'NONE',  ( -9.961947827984577231, 21.44461292238598205, -11.48999999999999844 ) ) ;
#6158 = ORIENTED_EDGE ( 'NONE', *, *, #1749, .F. ) ;
#6159 = CARTESIAN_POINT ( 'NONE',  ( 14.95320852703139280, 22.15403947213438229, -11.48999999999999844 ) ) ;
#6160 = CARTESIAN_POINT ( 'NONE',  ( -6.659232681935821851, 20.80299590856220249, -11.50000000000000000 ) ) ;
#6161 = CARTESIAN_POINT ( 'NONE',  ( -16.50000000000000000, 1.500000000000000000, -6.499999999999997335 ) ) ;
#6162 = CARTESIAN_POINT ( 'NONE',  ( -14.76926027062008728, 22.27293280605226755, -11.49999999999999822 ) ) ;
#6163 = CARTESIAN_POINT ( 'NONE',  ( -3.594980525543811201, 21.99609389714080265, -11.49999999999999645 ) ) ;
#6164 = CARTESIAN_POINT ( 'NONE',  ( -8.700000000000001066, 21.66526215492169882, -11.50000000000000000 ) ) ;
#6165 = FACE_OUTER_BOUND ( 'NONE', #1362, .T. ) ;
#6166 = CARTESIAN_POINT ( 'NONE',  ( 10.87500000000000711, 18.37112152992169456, -11.49000000000000021 ) ) ;
#6167 = CARTESIAN_POINT ( 'NONE',  ( -4.671093750000002487, 19.12463715492169669, -11.49999999999999467 ) ) ;
#6168 = EDGE_CURVE ( 'NONE', #4271, #5792, #3042, .T. ) ;
#6169 = EDGE_LOOP ( 'NONE', ( #3702, #5343, #5812, #4450 ) ) ;
#6170 = EDGE_LOOP ( 'NONE', ( #2563, #5944, #3285, #5340 ) ) ;
#6171 = CARTESIAN_POINT ( 'NONE',  ( 4.864489993417287828, 16.31259690574108845, -11.49999999999999822 ) ) ;
#6172 = B_SPLINE_SURFACE_WITH_KNOTS ( 'NONE', 3, 1, ( 
 ( #340, #5351 ),
 ( #5801, #2833 ),
 ( #1861, #3858 ),
 ( #2218, #312 ),
 ( #284, #4777 ),
 ( #2255, #1366 ),
 ( #6322, #807 ),
 ( #2285, #2312 ),
 ( #2802, #3828 ),
 ( #4312, #4224 ),
 ( #1727, #251 ) ),
 .UNSPECIFIED., .F., .F., .F.,
 ( 4, 1, 1, 1, 1, 1, 1, 1, 4 ),
 ( 2, 2 ),
 ( 0.000000000000000000, 0.1629640223582579650, 0.3060302079043858425, 0.4328252926454604355, 0.5497245847191163381, 0.6602507140783614448, 0.7694494457532936593, 0.8808330941005727555, 1.000000000000000000 ),
 ( 0.000000000000000000, 1.000000000000000000 ),
 .UNSPECIFIED. ) ;
#6173 = CARTESIAN_POINT ( 'NONE',  ( -10.87057193066886995, 19.91104000341688973, -11.50000000000000000 ) ) ;
#6174 = CARTESIAN_POINT ( 'NONE',  ( -5.728916883907746893, 20.75235868499174785, -11.49999999999999822 ) ) ;
#6175 = CARTESIAN_POINT ( 'NONE',  ( -4.548209807301872409, 22.27168417191423799, -11.48999999999999844 ) ) ;
#6176 = CARTESIAN_POINT ( 'NONE',  ( -6.228111042179024892, 21.74282246962721388, -11.49000000000000199 ) ) ;
#6177 = DIRECTION ( 'NONE',  ( 0.8339243340298378993, -0.5518787956724660049, 0.000000000000000000 ) ) ;
#6178 = ADVANCED_FACE ( 'NONE', ( #1689 ), #5216, .T. ) ;
#6179 = LINE ( 'NONE', #2652, #4139 ) ;
#6180 = DIRECTION ( 'NONE',  ( -0.000000000000000000, -0.000000000000000000, -1.000000000000000000 ) ) ;
#6181 = CARTESIAN_POINT ( 'NONE',  ( 13.41844816010667074, 18.28796422815718259, -11.49999999999999822 ) ) ;
#6182 = CARTESIAN_POINT ( 'NONE',  ( -3.108556802761149651, 17.29865425804394263, -11.48999999999999844 ) ) ;
#6183 = EDGE_CURVE ( 'NONE', #4883, #6288, #3166, .T. ) ;
#6184 = VERTEX_POINT ( 'NONE', #4250 ) ;
#6185 = CARTESIAN_POINT ( 'NONE',  ( -17.17086632422997639, 17.19714476655947166, -11.49999999999999822 ) ) ;
#6186 = CARTESIAN_POINT ( 'NONE',  ( -4.702734375000002132, 22.27463715492169527, -11.49000000000000021 ) ) ;
#6187 = VERTEX_POINT ( 'NONE', #2639 ) ;
#6188 = LINE ( 'NONE', #3225, #3512 ) ;
#6189 = CARTESIAN_POINT ( 'NONE',  ( -6.655804203083348192, 20.75161854880603229, -11.50000000000000000 ) ) ;
#6190 =( LENGTH_UNIT ( ) NAMED_UNIT ( * ) SI_UNIT ( .MILLI., .METRE. ) );
#6191 = EDGE_CURVE ( 'NONE', #5608, #2564, #5704, .T. ) ;
#6192 = DIRECTION ( 'NONE',  ( 0.000000000000000000, -1.000000000000000000, 0.000000000000000000 ) ) ;
#6193 = CARTESIAN_POINT ( 'NONE',  ( -4.921167049130228399, 18.37843182007170384, -11.49999999999999822 ) ) ;
#6194 = FACE_OUTER_BOUND ( 'NONE', #5204, .T. ) ;
#6195 = CARTESIAN_POINT ( 'NONE',  ( 10.19944725417219011, 19.02486686079673461, -11.49000000000000021 ) ) ;
#6196 = DIRECTION ( 'NONE',  ( 0.000000000000000000, 0.000000000000000000, -1.000000000000000000 ) ) ;
#6197 = DIRECTION ( 'NONE',  ( 3.071901440802806840E-14, -4.804007867724452779E-13, -1.000000000000000000 ) ) ;
#6198 = ORIENTED_EDGE ( 'NONE', *, *, #4263, .T. ) ;
#6199 = CARTESIAN_POINT ( 'NONE',  ( 7.704285760216722956, 21.28986466351141971, -11.48999999999999666 ) ) ;
#6200 = CARTESIAN_POINT ( 'NONE',  ( -10.84345689390677947, 20.50098030225191081, -11.48999999999999666 ) ) ;
#6201 = ADVANCED_FACE ( 'NONE', ( #2214 ), #764, .T. ) ;
#6202 = CARTESIAN_POINT ( 'NONE',  ( 5.174999999999998934, 21.51057465492169385, -11.50000000000000000 ) ) ;
#6203 = CARTESIAN_POINT ( 'NONE',  ( 12.63867187500000711, 22.27463715492169172, -11.50000000000000000 ) ) ;
#6204 = CARTESIAN_POINT ( 'NONE',  ( -4.537275095268996417, 19.12925863282021766, -11.49999999999999822 ) ) ;
#6205 = CARTESIAN_POINT ( 'NONE',  ( 4.644140624999998579, 16.27463715492169527, -11.50000000000000000 ) ) ;
#6206 = CARTESIAN_POINT ( 'NONE',  ( 6.876579746415940164, 21.80840284030967879, -11.49999999999999822 ) ) ;
#6207 = CARTESIAN_POINT ( 'NONE',  ( 16.06171875000000782, 18.59494965492169172, -11.50000000000000000 ) ) ;
#6208 = LINE ( 'NONE', #3774, #5412 ) ;
#6209 = CARTESIAN_POINT ( 'NONE',  ( -9.499918979281561704, 18.01160706822178170, -11.48999999999999488 ) ) ;
#6210 = EDGE_CURVE ( 'NONE', #2051, #1105, #2360, .T. ) ;
#6211 = FACE_BOUND ( 'NONE', #1476, .T. ) ;
#6212 = CARTESIAN_POINT ( 'NONE',  ( 9.374126544053826393, 20.15318149133715053, -11.49000000000000021 ) ) ;
#6213 = CARTESIAN_POINT ( 'NONE',  ( -3.353906250000002753, 17.32463715492169598, -11.49000000000000021 ) ) ;
#6214 = ORIENTED_EDGE ( 'NONE', *, *, #196, .F. ) ;
#6215 = CARTESIAN_POINT ( 'NONE',  ( -10.13554687500000107, 22.27463715492169527, -11.49000000000000021 ) ) ;
#6216 = CARTESIAN_POINT ( 'NONE',  ( -7.872076678875144395, 22.19062853177088357, -11.50000000000000355 ) ) ;
#6217 = ORIENTED_EDGE ( 'NONE', *, *, #4314, .T. ) ;
#6218 = EDGE_CURVE ( 'NONE', #5100, #5157, #278, .T. ) ;
#6219 = LINE ( 'NONE', #5145, #2562 ) ;
#6220 = FACE_OUTER_BOUND ( 'NONE', #6504, .T. ) ;
#6221 = PRESENTATION_STYLE_ASSIGNMENT (( #3665 ) ) ;
#6222 = CARTESIAN_POINT ( 'NONE',  ( -6.053329962992404667, 21.88684310271047195, -11.49999999999999645 ) ) ;
#6223 = CARTESIAN_POINT ( 'NONE',  ( -17.09894461744589833, 16.55218838277978222, -11.50000000000000533 ) ) ;
#6224 = CARTESIAN_POINT ( 'NONE',  ( 14.28530504919118016, 17.98655517099496137, -11.50000000000000178 ) ) ;
#6225 = CARTESIAN_POINT ( 'NONE',  ( 11.00625000000000675, 18.86916840492169456, -11.49000000000000021 ) ) ;
#6226 = ADVANCED_FACE ( 'NONE', ( #2702 ), #3839, .T. ) ;
#6227 = CARTESIAN_POINT ( 'NONE',  ( -8.764861908969747262, 20.31608008042677938, -11.49000000000000021 ) ) ;
#6228 = ORIENTED_EDGE ( 'NONE', *, *, #2787, .F. ) ;
#6229 = CARTESIAN_POINT ( 'NONE',  ( 8.361057955483211401, 17.92610446859559303, -11.49999999999999822 ) ) ;
#6230 = VECTOR ( 'NONE', #400, 1000.000000000000000 ) ;
#6231 = CARTESIAN_POINT ( 'NONE',  ( -10.87349504406559397, 20.03940711675683417, -11.49000000000000377 ) ) ;
#6232 = B_SPLINE_CURVE_WITH_KNOTS ( 'NONE', 3,
 ( #4047, #6055, #6153, #2141, #2721, #5202, #4141, #4234, #1644, #1126, #4107 ),
 .UNSPECIFIED., .F., .F.,
 ( 4, 1, 1, 1, 1, 1, 1, 1, 4 ),
 ( 0.000000000000000000, 0.1393297236756274871, 0.2717319827651868414, 0.3984086084331985855, 0.5223168255343297872, 0.6433996402858395136, 0.7607359744693917847, 0.8792604242212135324, 0.9999999999999998890 ),
 .UNSPECIFIED. ) ;
#6233 = CARTESIAN_POINT ( 'NONE',  ( 1.423265631407245602, 21.65717253268047671, -11.49000000000000021 ) ) ;
#6234 = FACE_OUTER_BOUND ( 'NONE', #5028, .T. ) ;
#6235 = AXIS2_PLACEMENT_3D ( 'NONE', #1234, #6192, #242 ) ;
#6236 = CARTESIAN_POINT ( 'NONE',  ( 9.372472973416295261, 19.94895541459782251, -11.49999999999998757 ) ) ;
#6237 = CARTESIAN_POINT ( 'NONE',  ( 16.59015127196695971, 17.92573635881845462, -11.50000000000000000 ) ) ;
#6238 = VECTOR ( 'NONE', #3188, 1000.000000000000000 ) ;
#6239 = CARTESIAN_POINT ( 'NONE',  ( 9.357686510925269374, 18.16488688638719751, -11.49999999999999645 ) ) ;
#6240 = EDGE_CURVE ( 'NONE', #2434, #6372, #2351, .T. ) ;
#6241 = CARTESIAN_POINT ( 'NONE',  ( -10.11914062500000178, 17.92463715492169740, -11.50000000000000000 ) ) ;
#6242 = CARTESIAN_POINT ( 'NONE',  ( -10.08745798081444356, 22.27385995062028812, -11.50000000000000178 ) ) ;
#6243 = CARTESIAN_POINT ( 'NONE',  ( -18.50000000000000000, 32.50000000000000000, 0.000000000000000000 ) ) ;
#6244 = CARTESIAN_POINT ( 'NONE',  ( -12.40224866912883783, 17.11232241979436353, -11.50000000000000355 ) ) ;
#6245 = CARTESIAN_POINT ( 'NONE',  ( -10.85885149896936497, 22.11479564042220147, -11.49999999999999645 ) ) ;
#6246 = CARTESIAN_POINT ( 'NONE',  ( -8.138068385043759179, 22.27304800026706033, -11.50000000000000355 ) ) ;
#6247 = DIRECTION ( 'NONE',  ( -0.3232289171413016970, -0.9463208056064610352, 0.000000000000000000 ) ) ;
#6248 = CARTESIAN_POINT ( 'NONE',  ( -15.37500000000000355, 17.39963715492170238, -11.50000000000000000 ) ) ;
#6249 = VECTOR ( 'NONE', #290, 1000.000000000000000 ) ;
#6250 = ORIENTED_EDGE ( 'NONE', *, *, #4166, .T. ) ;
#6251 = CARTESIAN_POINT ( 'NONE',  ( 14.78147569263776440, 21.93653176452447084, -11.49000000000000732 ) ) ;
#6252 = FACE_BOUND ( 'NONE', #333, .T. ) ;
#6253 = DIRECTION ( 'NONE',  ( 0.000000000000000000, 1.000000000000000000, 0.000000000000000000 ) ) ;
#6254 = EDGE_CURVE ( 'NONE', #3626, #6184, #1171, .T. ) ;
#6255 = CARTESIAN_POINT ( 'NONE',  ( -3.864595950864245122, 21.06393371836490047, -11.49999999999999645 ) ) ;
#6256 = CARTESIAN_POINT ( 'NONE',  ( 16.62070312500000924, 17.92463715492169740, -11.49000000000000199 ) ) ;
#6257 = CARTESIAN_POINT ( 'NONE',  ( 17.09800945796575178, 18.34205280245248204, -11.50000000000000000 ) ) ;
#6258 = CARTESIAN_POINT ( 'NONE',  ( -5.038268136323370783, 22.25942409961326263, -11.49999999999999822 ) ) ;
#6259 = CARTESIAN_POINT ( 'NONE',  ( -5.821774319875794745, 19.65338785184603410, -11.49999999999999467 ) ) ;
#6260 = ORIENTED_EDGE ( 'NONE', *, *, #749, .F. ) ;
#6261 = ORIENTED_EDGE ( 'NONE', *, *, #4364, .F. ) ;
#6262 = CARTESIAN_POINT ( 'NONE',  ( 7.327171947297077104, 20.81565776920071542, -11.49000000000000199 ) ) ;
#6263 = CARTESIAN_POINT ( 'NONE',  ( -12.40242980460334365, 16.71580791779988573, -11.49000000000000199 ) ) ;
#6264 = CARTESIAN_POINT ( 'NONE',  ( -8.290955673831540196, 16.27965551395862320, -11.50000000000000000 ) ) ;
#6265 = CARTESIAN_POINT ( 'NONE',  ( -5.755129059589767060, 20.69396377169337242, -11.50000000000000000 ) ) ;
#6266 = CARTESIAN_POINT ( 'NONE',  ( -14.84907484121891841, 22.27286588525983291, -11.50000000000000000 ) ) ;
#6267 = CARTESIAN_POINT ( 'NONE',  ( 11.35429687500000639, 17.92463715492169385, -11.49000000000000021 ) ) ;
#6268 = CARTESIAN_POINT ( 'NONE',  ( 7.039329877785744038, 21.93007160977902359, -11.49999999999999822 ) ) ;
#6269 = CARTESIAN_POINT ( 'NONE',  ( 5.093070169176685980, 21.97389646169609279, -11.50000000000000000 ) ) ;
#6270 = CARTESIAN_POINT ( 'NONE',  ( 10.42500000000000426, 20.10198090492169598, -11.50000000000000000 ) ) ;
#6271 = CARTESIAN_POINT ( 'NONE',  ( 13.49333321616065362, 18.15776619327815666, -11.48999999999999488 ) ) ;
#6272 = CARTESIAN_POINT ( 'NONE',  ( -7.650000000000001243, 16.89221527992170024, -11.49000000000000021 ) ) ;
#6273 = CARTESIAN_POINT ( 'NONE',  ( -12.36955917167179386, 16.94947326950667232, -11.50000000000000178 ) ) ;
#6274 = CARTESIAN_POINT ( 'NONE',  ( -10.08745798081444356, 22.27385995062028812, -11.50000000000000355 ) ) ;
#6275 = DIRECTION ( 'NONE',  ( -0.2808388925980283557, -0.9597549251784609492, 0.000000000000000000 ) ) ;
#6276 = ADVANCED_FACE ( 'NONE', ( #5475 ), #4477, .F. ) ;
#6277 = ORIENTED_EDGE ( 'NONE', *, *, #1302, .T. ) ;
#6278 = CARTESIAN_POINT ( 'NONE',  ( -6.524392741289948283, 19.27134616380669740, -11.49000000000000199 ) ) ;
#6279 = DIRECTION ( 'NONE',  ( -0.000000000000000000, -0.000000000000000000, -1.000000000000000000 ) ) ;
#6280 = CARTESIAN_POINT ( 'NONE',  ( -3.676581631302196840, 20.36183044285652954, -11.49999999999999822 ) ) ;
#6281 = CARTESIAN_POINT ( 'NONE',  ( -3.973776528878409042, 22.16752030710372878, -11.50000000000000000 ) ) ;
#6282 = CARTESIAN_POINT ( 'NONE',  ( 7.405567960814273043, 18.07543028887143421, -11.48999999999999844 ) ) ;
#6283 = EDGE_CURVE ( 'NONE', #5792, #2355, #1218, .T. ) ;
#6284 = CARTESIAN_POINT ( 'NONE',  ( -2.962303109002789814, 17.22879286515886932, -11.49000000000000021 ) ) ;
#6285 = CARTESIAN_POINT ( 'NONE',  ( -4.723903038236683116, 19.12508295455236507, -11.49000000000000377 ) ) ;
#6286 = EDGE_CURVE ( 'NONE', #4834, #4472, #2409, .T. ) ;
#6287 = VERTEX_POINT ( 'NONE', #5414 ) ;
#6288 = VERTEX_POINT ( 'NONE', #5867 ) ;
#6289 = ORIENTED_EDGE ( 'NONE', *, *, #3026, .F. ) ;
#6290 = CARTESIAN_POINT ( 'NONE',  ( -9.171009717964762942, 21.22330683897286718, -11.50000000000000178 ) ) ;
#6291 = CARTESIAN_POINT ( 'NONE',  ( -12.60071971234430777, 16.49585230908272138, -11.49000000000000021 ) ) ;
#6292 = CARTESIAN_POINT ( 'NONE',  ( -7.650000000000001243, 16.89221527992170024, -11.49000000000000021 ) ) ;
#6293 = B_SPLINE_CURVE_WITH_KNOTS ( 'NONE', 3,
 ( #1912, #2324, #6310, #4363, #3418, #925, #4396, #6341, #1950, #5429, #1879, #1320, #1848, #5461, #855 ),
 .UNSPECIFIED., .F., .F.,
 ( 4, 1, 1, 1, 1, 1, 1, 1, 1, 1, 1, 1, 4 ),
 ( 0.000000000000000000, 0.1303310970757134701, 0.2420448722122615082, 0.3348272005478172275, 0.4081765283158915181, 0.4724447669966172492, 0.5381690037351964939, 0.6056741181990638045, 0.6757075953646399791, 0.7485551821971687669, 0.8257836155669823208, 0.9084656348364386069, 1.000000000000000000 ),
 .UNSPECIFIED. ) ;
#6294 = ADVANCED_FACE ( 'NONE', ( #3468 ), #2835, .T. ) ;
#6295 = CARTESIAN_POINT ( 'NONE',  ( 3.649218749999998845, 21.58557465492169669, -11.49000000000000021 ) ) ;
#6296 = CARTESIAN_POINT ( 'NONE',  ( 8.402049901300204127, 18.75317799646351702, -11.48999999999999844 ) ) ;
#6297 = CARTESIAN_POINT ( 'NONE',  ( 16.45089586295128825, 17.94393536947790935, -11.49999999999999822 ) ) ;
#6298 = CARTESIAN_POINT ( 'NONE',  ( 4.552734374999999112, 22.27463715492169172, -11.49000000000000021 ) ) ;
#6299 = CARTESIAN_POINT ( 'NONE',  ( 10.34602149384098979, 19.42465981080476922, -11.50000000000000355 ) ) ;
#6300 = VERTEX_POINT ( 'NONE', #4945 ) ;
#6301 = CARTESIAN_POINT ( 'NONE',  ( 8.126290149640942317, 18.75406505505996790, -11.50000000000000000 ) ) ;
#6302 = CARTESIAN_POINT ( 'NONE',  ( 15.34804687500000675, 20.99963715492169669, -11.49000000000000021 ) ) ;
#6303 = CARTESIAN_POINT ( 'NONE',  ( 17.09405659969967317, 18.28432754084831302, -11.49999999999999822 ) ) ;
#6304 = LINE ( 'NONE', #4324, #3814 ) ;
#6305 = CARTESIAN_POINT ( 'NONE',  ( 10.87500000000000711, 18.37112152992169456, -11.50000000000000000 ) ) ;
#6306 = CARTESIAN_POINT ( 'NONE',  ( 17.06933418779022560, 18.58653415671409448, -11.49999999999999645 ) ) ;
#6307 = VERTEX_POINT ( 'NONE', #480 ) ;
#6308 = CARTESIAN_POINT ( 'NONE',  ( 0.5308966515765166649, 16.51497920461360280, -11.49999999999999822 ) ) ;
#6309 = CARTESIAN_POINT ( 'NONE',  ( -8.792269071797925051, 19.71492165504826133, -11.49000000000000199 ) ) ;
#6310 = CARTESIAN_POINT ( 'NONE',  ( 16.04255039043772157, 21.57622626171932012, -11.49000000000000021 ) ) ;
#6311 = PLANE ( 'NONE',  #6235 ) ;
#6312 = EDGE_LOOP ( 'NONE', ( #2112 ) ) ;
#6313 = CARTESIAN_POINT ( 'NONE',  ( 17.09788475551917841, 18.40205667033525572, -11.49999999999999822 ) ) ;
#6314 = CARTESIAN_POINT ( 'NONE',  ( 7.609176704832911753, 18.00736422230127332, -11.50000000000000000 ) ) ;
#6315 = CARTESIAN_POINT ( 'NONE',  ( 1.041796874999998401, 16.27463715492169527, -11.49999999999999822 ) ) ;
#6316 = ADVANCED_FACE ( 'NONE', ( #2476 ), #847, .T. ) ;
#6317 = CARTESIAN_POINT ( 'NONE',  ( -6.031640625000002309, 19.70588715492169740, -11.49999999999999467 ) ) ;
#6318 = ORIENTED_EDGE ( 'NONE', *, *, #277, .F. ) ;
#6319 = VERTEX_POINT ( 'NONE', #4878 ) ;
#6320 = ORIENTED_EDGE ( 'NONE', *, *, #4428, .T. ) ;
#6321 = CARTESIAN_POINT ( 'NONE',  ( -9.773700413751885918, 21.44780689184558753, -11.49000000000000021 ) ) ;
#6322 = CARTESIAN_POINT ( 'NONE',  ( -12.44819391573342848, 16.62959533379190802, -11.49000000000000021 ) ) ;
#6323 = CLOSED_SHELL ( 'NONE', ( #4446, #3796, #6276, #3189, #4924, #873, #6365, #475, #3815, #2420, #596, #2506, #296, #343, #3714, #5084, #5921, #1991, #4670, #5514, #6012, #1635, #6105, #1672, #4997, #5732, #6097, #2029, #900, #558, #426, #1356, #5352, #1073, #6201, #1045, #1720, #391, #3959, #6226, #2347, #1538, #6411, #1820, #461, #1683, #4300, #2705, #1381, #5075, #632, #3402, #6124, #2089, #2387, #2776, #3792, #2249, #2724, #1434, #5232, #2121, #5259, #4221, #1157, #3760, #1783, #5803, #5480, #4420, #701, #3240, #445, #3180, #6131, #949, #902, #3110, #5218, #4350, #2913, #6294, #4543, #128, #4796, #6385, #6178, #4079, #2750, #3268, #3364, #6047, #4007, #3076, #1546, #5634, #5334, #1494, #5616, #2510, #2816, #2902, #1343, #5938, #2590, #6395, #6316, #4683, #4384, #3114, #3300, #2594, #3204, #2581, #4114, #3272, #4239, #4560, #3871, #3578, #2307, #3427 ) ) ;
#6324 = CARTESIAN_POINT ( 'NONE',  ( -11.16285256909608314, 18.23766900667120083, -11.49999999999999289 ) ) ;
#6325 = CARTESIAN_POINT ( 'NONE',  ( 0.3797581626544093703, 21.75123036543523369, -11.50000000000000000 ) ) ;
#6326 = AXIS2_PLACEMENT_3D ( 'NONE', #2004, #1048, #2415 ) ;
#6327 = CARTESIAN_POINT ( 'NONE',  ( 8.828560469697620761, 18.88723824422438469, -11.49999999999998757 ) ) ;
#6328 = CARTESIAN_POINT ( 'NONE',  ( 4.601447461994734311, 22.27278984943204776, -11.49000000000000021 ) ) ;
#6329 = CARTESIAN_POINT ( 'NONE',  ( -8.750189832162305947, 18.54395769554942675, -11.48999999999999844 ) ) ;
#6330 = CARTESIAN_POINT ( 'NONE',  ( 9.165986369104755838, 18.07785120699706738, -11.49000000000000377 ) ) ;
#6331 = VECTOR ( 'NONE', #4582, 1000.000000000000000 ) ;
#6332 = CARTESIAN_POINT ( 'NONE',  ( -7.650000000000001243, 21.65705902992169740, -11.49000000000000021 ) ) ;
#6333 = LINE ( 'NONE', #1376, #6344 ) ;
#6334 = CARTESIAN_POINT ( 'NONE',  ( 16.80365708340396580, 17.95435594431774007, -11.49000000000000377 ) ) ;
#6335 = CARTESIAN_POINT ( 'NONE',  ( 10.27985149866406012, 20.98289989755864227, -11.49999999999998401 ) ) ;
#6336 = AXIS2_PLACEMENT_3D ( 'NONE', #3521, #1452, #989 ) ;
#6337 = ORIENTED_EDGE ( 'NONE', *, *, #5735, .F. ) ;
#6338 = CARTESIAN_POINT ( 'NONE',  ( -6.520845768079131410, 19.33020177458302058, -11.49000000000000377 ) ) ;
#6339 = AXIS2_PLACEMENT_3D ( 'NONE', #301, #2299, #5790 ) ;
#6340 = CARTESIAN_POINT ( 'NONE',  ( -15.13590226505831993, 22.17888236798963320, -11.49000000000000021 ) ) ;
#6341 = CARTESIAN_POINT ( 'NONE',  ( 15.83377010459917322, 22.04048003581086945, -11.49000000000000199 ) ) ;
#6342 = ORIENTED_EDGE ( 'NONE', *, *, #4838, .F. ) ;
#6343 = DIRECTION ( 'NONE',  ( 0.000000000000000000, 1.000000000000000000, 0.000000000000000000 ) ) ;
#6344 = VECTOR ( 'NONE', #1412, 1000.000000000000000 ) ;
#6345 = CARTESIAN_POINT ( 'NONE',  ( 10.42500000000000426, 20.10198090492169598, -11.49000000000000021 ) ) ;
#6346 = CARTESIAN_POINT ( 'NONE',  ( 8.203416954778555592, 17.92626963270166485, -11.49000000000000021 ) ) ;
#6347 = EDGE_LOOP ( 'NONE', ( #4095, #5632, #5820, #6478 ) ) ;
#6348 = CARTESIAN_POINT ( 'NONE',  ( -11.92339078659019869, 20.13055745323296009, -11.49999999999999467 ) ) ;
#6349 = DIRECTION ( 'NONE',  ( 0.000000000000000000, 0.000000000000000000, -1.000000000000000000 ) ) ;
#6350 = EDGE_LOOP ( 'NONE', ( #367, #4280, #6022, #2367 ) ) ;
#6351 = ORIENTED_EDGE ( 'NONE', *, *, #3344, .F. ) ;
#6352 = VECTOR ( 'NONE', #786, 1000.000000000000000 ) ;
#6353 = CARTESIAN_POINT ( 'NONE',  ( 11.66200619964085128, 18.00530549923518109, -11.48999999999999666 ) ) ;
#6354 = CARTESIAN_POINT ( 'NONE',  ( -10.87500000000000178, 20.10549652992169811, -11.49999999999999822 ) ) ;
#6355 = CARTESIAN_POINT ( 'NONE',  ( 16.50000000000000000, 1.500000000000000000, -6.499999999999997335 ) ) ;
#6356 = B_SPLINE_SURFACE_WITH_KNOTS ( 'NONE', 3, 1, ( 
 ( #1502, #3505 ),
 ( #3009, #4030 ),
 ( #1012, #5516 ),
 ( #5016, #4508 ),
 ( #6040, #1540 ),
 ( #2512, #514 ),
 ( #23, #2031 ),
 ( #5810, #689 ),
 ( #3834, #5200 ),
 ( #1249, #5261 ),
 ( #5326, #3746 ) ),
 .UNSPECIFIED., .F., .F., .F.,
 ( 4, 1, 1, 1, 1, 1, 1, 1, 4 ),
 ( 2, 2 ),
 ( 0.000000000000000000, 0.1633466419797967306, 0.3066913266864549903, 0.4345989141071331385, 0.5476893777153192255, 0.6552956344685724188, 0.7615750495759849859, 0.8747651816497034050, 1.000000000000000000 ),
 ( 0.000000000000000000, 1.000000000000000000 ),
 .UNSPECIFIED. ) ;
#6357 = CARTESIAN_POINT ( 'NONE',  ( 9.149390475328367245, 19.19939589459425022, -11.49000000000000377 ) ) ;
#6358 = CARTESIAN_POINT ( 'NONE',  ( -14.25404410730376092, 21.72871566181355618, -11.49000000000000554 ) ) ;
#6359 = CARTESIAN_POINT ( 'NONE',  ( -12.60297925935347862, 17.32961663131738916, -11.48999999999999666 ) ) ;
#6360 = B_SPLINE_SURFACE_WITH_KNOTS ( 'NONE', 3, 1, ( 
 ( #5118, #4121 ),
 ( #6135, #3134 ),
 ( #5511, #5150 ),
 ( #1498, #3500 ),
 ( #3005, #5012 ),
 ( #510, #6193 ),
 ( #2211, #3163 ),
 ( #736, #2156 ),
 ( #1263, #5737 ),
 ( #2732, #5700 ),
 ( #4636, #5213 ) ),
 .UNSPECIFIED., .F., .F., .F.,
 ( 4, 1, 1, 1, 1, 1, 1, 1, 4 ),
 ( 2, 2 ),
 ( 0.000000000000000000, 0.1445011226731097165, 0.2817940905082269021, 0.4136652199223511128, 0.5391365845347640962, 0.6610715303572058943, 0.7776846572542785996, 0.8908332520504091967, 0.9999999999999998890 ),
 ( 0.000000000000000000, 1.000000000000000000 ),
 .UNSPECIFIED. ) ;
#6361 = CARTESIAN_POINT ( 'NONE',  ( 7.486728227835919292, 21.08846252999199677, -11.48999999999999666 ) ) ;
#6362 = ORIENTED_EDGE ( 'NONE', *, *, #2432, .T. ) ;
#6363 = ORIENTED_EDGE ( 'NONE', *, *, #6041, .T. ) ;
#6364 = CARTESIAN_POINT ( 'NONE',  ( 8.126290149640942317, 18.75406505505996790, -11.49000000000000021 ) ) ;
#6365 = ADVANCED_FACE ( 'NONE', ( #412 ), #1931, .T. ) ;
#6366 = CARTESIAN_POINT ( 'NONE',  ( -3.309676284114030587, 17.32301322326613757, -11.50000000000000000 ) ) ;
#6367 = CARTESIAN_POINT ( 'NONE',  ( 17.10000000000000853, 18.37112152992169456, -11.50000000000000000 ) ) ;
#6368 = CARTESIAN_POINT ( 'NONE',  ( 9.978607185618193043, 21.52507296801877246, -11.49000000000000021 ) ) ;
#6369 = CARTESIAN_POINT ( 'NONE',  ( -7.681228422348604923, 21.92462979147017421, -11.49999999999999645 ) ) ;
#6370 = B_SPLINE_CURVE_WITH_KNOTS ( 'NONE', 3,
 ( #6345, #4898, #5918, #2329, #4863, #5399, #2922, #1851, #3456, #3948, #6409, #4367, #3850, #5855, #5829, #1354, #928, #5369, #5886 ),
 .UNSPECIFIED., .F., .F.,
 ( 4, 1, 1, 1, 1, 1, 1, 1, 1, 1, 1, 1, 1, 1, 1, 1, 4 ),
 ( 0.000000000000000000, 0.06820370906750718165, 0.1341360900712697535, 0.1982262477971829528, 0.2611601166963591902, 0.3226805882728116526, 0.3826180038067752420, 0.4415197816465669112, 0.5002122391095799037, 0.5588215515223005081, 0.6175693736443571558, 0.6768278463850028182, 0.7373743075393104363, 0.7995480922435619364, 0.8637830171476860164, 0.9304343744537811878, 1.000000000000000000 ),
 .UNSPECIFIED. ) ;
#6371 = CARTESIAN_POINT ( 'NONE',  ( 17.09310710739239525, 18.47192907373263537, -11.50000000000000000 ) ) ;
#6372 = VERTEX_POINT ( 'NONE', #3961 ) ;
#6373 = CARTESIAN_POINT ( 'NONE',  ( -6.217467160055058173, 19.67362869973273121, -11.49000000000000377 ) ) ;
#6374 = CARTESIAN_POINT ( 'NONE',  ( 12.66644559148198468, 22.27401850782007386, -11.49999999999999822 ) ) ;
#6375 = CARTESIAN_POINT ( 'NONE',  ( 0.5930308893832794137, 22.17986309398338562, -11.48999999999999844 ) ) ;
#6376 = CARTESIAN_POINT ( 'NONE',  ( 13.98164062500000604, 17.92463715492169385, -11.49000000000000021 ) ) ;
#6377 = ORIENTED_EDGE ( 'NONE', *, *, #914, .F. ) ;
#6378 = CARTESIAN_POINT ( 'NONE',  ( 17.02972939228912352, 18.72160875816923564, -11.50000000000000533 ) ) ;
#6379 = CARTESIAN_POINT ( 'NONE',  ( 12.62695312500000711, 20.99963715492169669, -11.49000000000000021 ) ) ;
#6380 = CARTESIAN_POINT ( 'NONE',  ( 11.92481178049725443, 21.55503392263432261, -11.48999999999999844 ) ) ;
#6381 = VERTEX_POINT ( 'NONE', #3996 ) ;
#6382 = CARTESIAN_POINT ( 'NONE',  ( -3.675000000000002487, 20.30471527992169811, -11.50000000000000000 ) ) ;
#6383 = DIRECTION ( 'NONE',  ( -0.000000000000000000, -0.000000000000000000, -1.000000000000000000 ) ) ;
#6384 = ORIENTED_EDGE ( 'NONE', *, *, #1112, .F. ) ;
#6385 = ADVANCED_FACE ( 'NONE', ( #6000 ), #6356, .T. ) ;
#6386 = ORIENTED_EDGE ( 'NONE', *, *, #1980, .F. ) ;
#6387 = ORIENTED_EDGE ( 'NONE', *, *, #2194, .F. ) ;
#6388 = CARTESIAN_POINT ( 'NONE',  ( -8.290955673831540196, 16.27965551395862320, -11.49000000000000021 ) ) ;
#6389 = LINE ( 'NONE', #4378, #3397 ) ;
#6390 = DIRECTION ( 'NONE',  ( 0.2757195846978388043, -0.9612381133798489907, 0.000000000000000000 ) ) ;
#6391 = CARTESIAN_POINT ( 'NONE',  ( 8.919915873432403330, 18.94838793353771678, -11.49000000000000021 ) ) ;
#6392 = DIRECTION ( 'NONE',  ( 1.000000000000000000, 0.000000000000000000, 0.000000000000000000 ) ) ;
#6393 = CARTESIAN_POINT ( 'NONE',  ( 5.037900082325959872, 16.44081030542728072, -11.49000000000000909 ) ) ;
#6394 = CARTESIAN_POINT ( 'NONE',  ( 0.3766482262497243272, 21.65368087746210790, -11.50000000000000178 ) ) ;
#6395 = ADVANCED_FACE ( 'NONE', ( #258 ), #4289, .T. ) ;
#6396 = CARTESIAN_POINT ( 'NONE',  ( -8.806153317557537719, 21.67502612966335818, -11.49000000000000199 ) ) ;
#6397 = CARTESIAN_POINT ( 'NONE',  ( 8.123606376949554786, 21.44385512719211917, -11.50000000000000355 ) ) ;
#6398 = ORIENTED_EDGE ( 'NONE', *, *, #4076, .T. ) ;
#6399 = CARTESIAN_POINT ( 'NONE',  ( 18.75000000000000000, 8.500000000000000000, -9.500000000000000000 ) ) ;
#6400 = CARTESIAN_POINT ( 'NONE',  ( -8.066076314604758934, 22.26995020630461042, -11.49000000000000377 ) ) ;
#6401 = CARTESIAN_POINT ( 'NONE',  ( 7.200000000000005507, 20.10198090492169953, -11.50000000000000178 ) ) ;
#6402 = PLANE ( 'NONE',  #3176 ) ;
#6403 = CARTESIAN_POINT ( 'NONE',  ( -16.65703125000000284, 16.42463715492170451, -11.50000000000000000 ) ) ;
#6404 = CARTESIAN_POINT ( 'NONE',  ( 0.4491117807208575563, 16.64914381825650480, -11.49000000000000377 ) ) ;
#6405 = CARTESIAN_POINT ( 'NONE',  ( 10.87500000000000711, 18.37112152992169456, -11.50000000000000000 ) ) ;
#6406 = CARTESIAN_POINT ( 'NONE',  ( -8.059521093145789905, 16.27905058727511900, -11.49999999999999645 ) ) ;
#6407 = ORIENTED_EDGE ( 'NONE', *, *, #1051, .F. ) ;
#6408 = CARTESIAN_POINT ( 'NONE',  ( 14.52063880125106365, 18.22393252298225619, -11.49000000000000021 ) ) ;
#6409 = CARTESIAN_POINT ( 'NONE',  ( 9.697001082449906662, 21.81459937729084331, -11.49000000000000021 ) ) ;
#6410 = CARTESIAN_POINT ( 'NONE',  ( 6.296429384009474717, 19.21001160254373019, -11.50000000000000178 ) ) ;
#6411 = ADVANCED_FACE ( 'NONE', ( #3803 ), #5367, .T. ) ;
#6412 = CARTESIAN_POINT ( 'NONE',  ( 14.63624948980018559, 21.51719135141684447, -11.49999999999999645 ) ) ;
#6413 = EDGE_CURVE ( 'NONE', #3855, #5110, #6208, .T. ) ;
#6414 = ORIENTED_EDGE ( 'NONE', *, *, #5492, .T. ) ;
#6415 = CARTESIAN_POINT ( 'NONE',  ( 13.36302904152823423, 21.45408331173099725, -11.49000000000000021 ) ) ;
#6416 = CARTESIAN_POINT ( 'NONE',  ( -11.54681301622305156, 18.63268140073694212, -11.48999999999999844 ) ) ;
#6417 = ORIENTED_EDGE ( 'NONE', *, *, #5252, .F. ) ;
#6418 = VERTEX_POINT ( 'NONE', #5781 ) ;
#6419 = CARTESIAN_POINT ( 'NONE',  ( 0.7886910710509628109, 22.26934658754292684, -11.49999999999999645 ) ) ;
#6420 = CARTESIAN_POINT ( 'NONE',  ( -4.462549902814062719, 18.30047247493244100, -11.48999999999999844 ) ) ;
#6421 = CARTESIAN_POINT ( 'NONE',  ( -11.65073234797220536, 18.79343818709088154, -11.49999999999999645 ) ) ;
#6422 = CARTESIAN_POINT ( 'NONE',  ( 8.828560469697620761, 18.88723824422438469, -11.48999999999999844 ) ) ;
#6423 = CARTESIAN_POINT ( 'NONE',  ( 19.50000000000000000, 30.50000000000000355, 0.000000000000000000 ) ) ;
#6424 = CARTESIAN_POINT ( 'NONE',  ( 0.000000000000000000, 0.000000000000000000, 0.000000000000000000 ) ) ;
#6425 = CARTESIAN_POINT ( 'NONE',  ( 15.64082517002227846, 22.21368734087629448, -11.50000000000000178 ) ) ;
#6426 = CARTESIAN_POINT ( 'NONE',  ( 4.034213794921617691, 22.08602481236270165, -11.49000000000000377 ) ) ;
#6427 = CARTESIAN_POINT ( 'NONE',  ( 10.95182868227270312, 18.12869787282315315, -11.48999999999999844 ) ) ;
#6428 = CARTESIAN_POINT ( 'NONE',  ( 15.30225495327341356, 22.27294516771391741, -11.49000000000000021 ) ) ;
#6429 = EDGE_CURVE ( 'NONE', #5249, #2800, #3713, .T. ) ;
#6430 = ORIENTED_EDGE ( 'NONE', *, *, #1749, .T. ) ;
#6431 =( NAMED_UNIT ( * ) SI_UNIT ( $, .STERADIAN. ) SOLID_ANGLE_UNIT ( ) );
#6432 = CARTESIAN_POINT ( 'NONE',  ( -4.741641710527512821, 21.52264260869467094, -11.50000000000000000 ) ) ;
#6433 = DIRECTION ( 'NONE',  ( -0.000000000000000000, -0.000000000000000000, -1.000000000000000000 ) ) ;
#6434 = AXIS2_PLACEMENT_3D ( 'NONE', #6424, #1013, #2444 ) ;
#6435 = CARTESIAN_POINT ( 'NONE',  ( -3.309676284114030587, 17.32301322326613757, -11.49000000000000199 ) ) ;
#6436 = CARTESIAN_POINT ( 'NONE',  ( 16.62070312500000568, 17.92463715492169385, -11.50000000000000000 ) ) ;
#6437 = PLANE ( 'NONE',  #2758 ) ;
#6438 = CARTESIAN_POINT ( 'NONE',  ( -7.726889117418189734, 22.03351308590658064, -11.50000000000000355 ) ) ;
#6439 = VECTOR ( 'NONE', #2137, 1000.000000000000000 ) ;
#6440 = CARTESIAN_POINT ( 'NONE',  ( 19.50000000000000000, 30.00000000000000355, -9.500000000000000000 ) ) ;
#6441 = CARTESIAN_POINT ( 'NONE',  ( -8.978135172654242879, 19.23404641708368956, -11.49000000000000021 ) ) ;
#6442 = FACE_BOUND ( 'NONE', #1398, .T. ) ;
#6443 = AXIS2_PLACEMENT_3D ( 'NONE', #728, #2725, #3690 ) ;
#6444 = B_SPLINE_CURVE_WITH_KNOTS ( 'NONE', 3,
 ( #6207, #4783, #5287, #2289, #4203, #5260, #4688, #5808, #3273, #6297, #4814, #6237, #197 ),
 .UNSPECIFIED., .F., .F.,
 ( 4, 1, 1, 1, 1, 1, 1, 1, 1, 1, 4 ),
 ( 0.000000000000000000, 0.1299538274699381379, 0.2413941544034929054, 0.3343466416945235498, 0.4088560542118862551, 0.5370903790313471537, 0.6720494957059842678, 0.7437957190666060203, 0.8195711707194278661, 0.9050770133593268874, 0.9999999999999998890 ),
 .UNSPECIFIED. ) ;
#6445 = CARTESIAN_POINT ( 'NONE',  ( -17.16747954130760334, 16.62483156619427049, -11.48999999999999666 ) ) ;
#6446 = VERTEX_POINT ( 'NONE', #5289 ) ;
#6447 = CARTESIAN_POINT ( 'NONE',  ( -11.30900298251753355, 21.79101038107327426, -11.49999999999999645 ) ) ;
#6448 = CARTESIAN_POINT ( 'NONE',  ( 12.99276544605963402, 22.18894480123987378, -11.49999999999999289 ) ) ;
#6449 = CARTESIAN_POINT ( 'NONE',  ( 0.4053699551450306027, 16.77034599543786797, -11.49000000000000021 ) ) ;
#6450 = ORIENTED_EDGE ( 'NONE', *, *, #5962, .F. ) ;
#6451 = LINE ( 'NONE', #3791, #1622 ) ;
#6452 = CARTESIAN_POINT ( 'NONE',  ( -10.31496787918401381, 17.92842897359839682, -11.49000000000000021 ) ) ;
#6453 = EDGE_CURVE ( 'NONE', #45, #2860, #783, .T. ) ;
#6454 = VECTOR ( 'NONE', #1337, 1000.000000000000000 ) ;
#6455 = ORIENTED_EDGE ( 'NONE', *, *, #5551, .F. ) ;
#6456 = CARTESIAN_POINT ( 'NONE',  ( 11.92148437500000568, 18.59494965492169172, -11.49000000000000021 ) ) ;
#6457 = CARTESIAN_POINT ( 'NONE',  ( -16.65703125000000284, 16.42463715492170451, -11.49000000000000021 ) ) ;
#6458 = CARTESIAN_POINT ( 'NONE',  ( -4.042828986604796171, 21.28320720288859746, -11.50000000000000178 ) ) ;
#6459 = VECTOR ( 'NONE', #293, 1000.000000000000000 ) ;
#6460 = CARTESIAN_POINT ( 'NONE',  ( -8.621572326463562419, 22.02963670824792430, -11.49999999999999822 ) ) ;
#6461 = CARTESIAN_POINT ( 'NONE',  ( -14.69261124398759755, 22.26964420624811325, -11.49999999999999645 ) ) ;
#6462 = CARTESIAN_POINT ( 'NONE',  ( 12.47480317757794310, 22.25879699077334095, -11.48999999999999844 ) ) ;
#6463 = CARTESIAN_POINT ( 'NONE',  ( -7.650000000000001243, 16.89221527992170024, -11.49000000000000021 ) ) ;
#6464 = CARTESIAN_POINT ( 'NONE',  ( 4.145924946380954879, 22.17514465346754449, -11.48999999999999666 ) ) ;
#6465 = B_SPLINE_CURVE_WITH_KNOTS ( 'NONE', 3,
 ( #5428, #2917, #2298, #6309, #427, #4425, #6441, #3943, #1812, #5337, #2110, #1553, #460, #4558, #2526 ),
 .UNSPECIFIED., .F., .F.,
 ( 4, 1, 1, 1, 1, 1, 1, 1, 1, 1, 1, 1, 4 ),
 ( 0.000000000000000000, 0.1057079850201533416, 0.2050078196553994370, 0.2983267313770148199, 0.3876942541192894831, 0.4721634666563495619, 0.5525212822636171861, 0.6297830641903255922, 0.7058970329357018292, 0.7803451687323850194, 0.8531525933047117149, 0.9257599309998151282, 0.9999999999999998890 ),
 .UNSPECIFIED. ) ;
#6466 = CARTESIAN_POINT ( 'NONE',  ( 4.606373059018464389, 16.27645148129916208, -11.49999999999999822 ) ) ;
#6467 = EDGE_LOOP ( 'NONE', ( #5872, #4600, #4634, #5601 ) ) ;
#6468 = DIRECTION ( 'NONE',  ( -0.000000000000000000, -0.000000000000000000, -1.000000000000000000 ) ) ;
#6469 = CARTESIAN_POINT ( 'NONE',  ( 4.644140624999998579, 16.27463715492169527, -11.50000000000000000 ) ) ;
#6470 = CARTESIAN_POINT ( 'NONE',  ( -5.194860254647943876, 22.24032132766018321, -11.49000000000000377 ) ) ;
#6471 = CARTESIAN_POINT ( 'NONE',  ( -12.44949757828969261, 17.19723294916174083, -11.50000000000000000 ) ) ;
#6472 = CARTESIAN_POINT ( 'NONE',  ( -5.857631313367845927, 16.50144725020565417, -11.50000000000000178 ) ) ;
#6473 = VERTEX_POINT ( 'NONE', #3304 ) ;
#6474 = CARTESIAN_POINT ( 'NONE',  ( 10.42500000000000426, 20.10198090492169598, -11.50000000000000000 ) ) ;
#6475 = CARTESIAN_POINT ( 'NONE',  ( 7.832518902798166316, 21.36212991629943048, -11.50000000000000533 ) ) ;
#6476 = CARTESIAN_POINT ( 'NONE',  ( -4.543792325670077403, 18.30217358317262111, -11.50000000000000000 ) ) ;
#6477 = CARTESIAN_POINT ( 'NONE',  ( 14.58598173495601458, 18.38111828290586658, -11.49999999999999289 ) ) ;
#6478 = ORIENTED_EDGE ( 'NONE', *, *, #3065, .T. ) ;
#6479 = EDGE_CURVE ( 'NONE', #6024, #6154, #585, .T. ) ;
#6480 = CARTESIAN_POINT ( 'NONE',  ( -6.616573678335733177, 21.10886382018544438, -11.49999999999999822 ) ) ;
#6481 = VERTEX_POINT ( 'NONE', #5483 ) ;
#6482 = CARTESIAN_POINT ( 'NONE',  ( 12.93406848486647220, 22.21965552688389423, -11.49999999999999822 ) ) ;
#6483 = CARTESIAN_POINT ( 'NONE',  ( -8.698707451343270947, 16.91046158873103522, -11.49999999999999822 ) ) ;
#6484 = ORIENTED_EDGE ( 'NONE', *, *, #5057, .T. ) ;
#6485 = CARTESIAN_POINT ( 'NONE',  ( -6.217467160055058173, 19.67362869973273121, -11.50000000000000355 ) ) ;
#6486 = CARTESIAN_POINT ( 'NONE',  ( -2.815604608661716135, 16.68173815301979701, -11.49000000000000377 ) ) ;
#6487 = ORIENTED_EDGE ( 'NONE', *, *, #5742, .T. ) ;
#6488 = CARTESIAN_POINT ( 'NONE',  ( 10.39044536315832801, 19.64150640895621081, -11.49999999999999822 ) ) ;
#6489 = CARTESIAN_POINT ( 'NONE',  ( -4.237395522356191435, 18.30511939330993343, -11.49000000000000377 ) ) ;
#6490 = DIRECTION ( 'NONE',  ( -0.2815080135998133670, -0.9595588769216234493, 0.000000000000000000 ) ) ;
#6491 = EDGE_CURVE ( 'NONE', #5157, #4563, #880, .T. ) ;
#6492 = CARTESIAN_POINT ( 'NONE',  ( -8.474636408535333842, 22.18796590187123030, -11.50000000000000533 ) ) ;
#6493 = CARTESIAN_POINT ( 'NONE',  ( -14.76926027062008728, 22.27293280605226755, -11.49999999999999467 ) ) ;
#6494 = CARTESIAN_POINT ( 'NONE',  ( 12.16950642446744801, 22.06982010378462888, -11.48999999999999666 ) ) ;
#6495 = CARTESIAN_POINT ( 'NONE',  ( 16.96027952303399644, 18.05450154737683022, -11.48999999999999666 ) ) ;
#6496 = CARTESIAN_POINT ( 'NONE',  ( -9.470641552191562340, 22.15100751239874555, -11.48999999999999666 ) ) ;
#6497 = CARTESIAN_POINT ( 'NONE',  ( 11.25810916044281207, 17.92871372214521131, -11.50000000000000355 ) ) ;
#6498 = CARTESIAN_POINT ( 'NONE',  ( 15.03081405279796634, 22.20883355357514333, -11.49000000000000554 ) ) ;
#6499 = ORIENTED_EDGE ( 'NONE', *, *, #1739, .F. ) ;
#6500 = CARTESIAN_POINT ( 'NONE',  ( 16.24999999999999645, 8.500000000000000000, -10.00000000000000888 ) ) ;
#6501 = LINE ( 'NONE', #422, #1212 ) ;
#6502 = CARTESIAN_POINT ( 'NONE',  ( -9.829687500000002132, 18.74963715492169669, -11.50000000000000000 ) ) ;
#6503 = CARTESIAN_POINT ( 'NONE',  ( 7.405194103926028504, 22.12117161190225545, -11.49000000000000199 ) ) ;
#6504 = EDGE_LOOP ( 'NONE', ( #4693, #5906, #1382, #4049 ) ) ;
#6505 = CARTESIAN_POINT ( 'NONE',  ( -8.175000000000002487, 16.27463715492169882, -11.49000000000000021 ) ) ;
ENDSEC;
END-ISO-10303-21;
